{
    "77741": {
        "url": "/comment/77741",
        "comment": "Developers are looking for one thing, profits. They are not reliable guardians of the public good. Once green space is gone, we will never get it back! We need high density housing with planned communities and access to GREEN SPACE. We are in a climate crisis. Decisions made now are crucial to the survival of the planet. Green space is essential as habitat, carbon capture, oxygen production and human mental health. Please protect the green belt!!!!\n"
    },
    "77747": {
        "url": "/comment/77747",
        "comment": "I truly believe that no government should be allowed to change land decisions for political gain. It has been noted and studied that there is enough land presently to house the proposed building of necessary homes needed now and in the near future. Please leave the greenspace alone, our future generations depend on it to survive. Do the right thing and find another way!\n"
    },
    "77751": {
        "url": "/comment/77751",
        "comment": "Why all the \u201cHands OFF the Greenbelt\u201d protests?  Common sense \u2014 or it should be!\nReasons for opposition are right there in the name \u2014 the Greenbelt is a tightly-woven \u201cbelt.\u201d\nThink of your favorite belt: Someone tells you they are going to remove 15 pieces and it won\u2019t make a difference \u2014 it will still hold up your pants ... because they are going to place pieces of other belts in other places, like your pocket.  And besides ... it\u2019s for a good reason \u2014 to give their friends \u2018much-needed\u2019 raw material (when you know it\u2019s a lie, they have warehouses full) to make something ... for sale, at great profit (under the guise of it being a public service).\nSound ridiculous?  Of course!  So does removal of Greenbelt lands for housing!\n\u25a0 Ontario\u2019s Greenbelt is a provincial treasure \u2014 admired worldwide \u2014 to protect, not plunder!\n\u25a0 It should be permanently protected \u2014 for food and natural heritage/asset benefits it provides.\n\u25a0 It is a system \u2014 continuous \u2018belt\u2019 of inter-connected, inter-dependent pieces \u2014 as a whole.\n\u25a0 Developers are NOT short of land for housing.  It\u2019s a lie, we all know it ... and so do you!\n\u25a0 Stop the lies.  Get REAL!\n"
    },
    "77761": {
        "url": "/comment/77761",
        "comment": "I disagree with using the greenbelt, or parts thereof, for housing or anything other than nature conservancy (or agriculture if currently used for that). We the taxpayers gave up a lot to create it to save nature, not to benefit developers or anyone else. The Ford government promised not to infringe on the green belt and they should stick to their promise. Housing development can and should happen on other lands.\n"
    },
    "77765": {
        "url": "/comment/77765",
        "comment": "Dear Madam/Sir,\nI do not believe that this proposed bill will help to solve the housing crisis in Ontario. It will instead reduce the amount of affordable housing, increase urban sprawl and make life less affordable. Thereby defeating the purpose, it is supposedly set out to serve.\nInstead of continuing to take away valuable green land, it would make more sense to densify in cities. Higher densification allows smaller, more affordable housing in areas that already include services (schools, hospitals, transit). Building in newly developed areas will create large, unaffordable houses that require car ownership and increased commute times. This is not something that makes life affordable for people that are struggling to find housing.\nThe proposed approach will not work, and while it will create unaffordable houses, it will not deal with the root problem.\nPlease do not proceed with this bill and instead look at options that create affordable housing while keeping the environment intact. Thank you!\n"
    },
    "77772": {
        "url": "/comment/77772",
        "comment": "Doug Ford: your plans for the greenbelt zone will change the landscape of ontario forever. Your broken promises will leave you vilified in history as Doug the Destroyer.\nHousing future Ontarions needs a well thought out plan and this isnt it.\nThe town of Erin will be lost.\nNo premier should be allowed to make such dramatic changes to OUR PROVINCE without all parties agreeing its the best decision.\nWhen you were only able to encourage 40% of the population to vote and then only garnered 40 % of the them on your side, this is NOT A MAJORITY.\nTime to set the pause button and rethink this disaster.\n"
    },
    "77794": {
        "url": "/comment/77794",
        "comment": "Thank you for the opportunity to comment on this proposal.\nI would like to express my concerns about the removal of any lands from the Greenbelt Plan. As you know, the Greenbelt is a system made up of natural heritage features and areas, linkages intended to provide connectivity and improve ecological features in the future, protected countryside and urban river valleys. It contains some of Canada\u2019s most ecologically and hydrologically significant natural environments and scenic landscapes, including the Oak Ridges Moraine and the Niagara Escarpment. These natural areas clean the air, provide drinking water, provide diverse flora and fauna habitats, including pollinators, and they provide opportunities for recreational activities that benefit public health and overall quality of life. While citing the need for housing, this proposal misses the critical piece of providing a good quality of life for Ontarians, not just a house. There are already enough lands for housing development allocated to meet the projected needs. What is needed is a sustainable future with natural lands to mitigate climate change (so houses don\u2019t get destroyed by extreme weather) and provide recreational opportunities (for people living in those houses), and enough farmland to feed all the people who need a house. Taking lands out of the Greenbelt will not provide the future Ontarians need and deserve.\nI fully support the submission by CELA regarding these changes. Specifically I request that the Greenbelt be expanded, not shrunk, to ensure the Greenbelt be protected and realize its original purpose. I ask that the province not remove the proposed 7,400 acres of land to protect the integrity of the Greenbelt.\nThank you.\n"
    },
    "77813": {
        "url": "/comment/77813",
        "comment": "I find it outrageous that Greenbelt land is to be used for housing and lining the pockets of a few developers. At this time of food insecurity and need for natural spaces for flora and fauna diversity the Greenbelt should be preserved completely. There is land within towns and  cities that can be used more efficiently for housing.\nShame on you, Mr Ford, for bowing to the developers and turning your back on people and lying about opening the Greenbelt to developers. How Trumpian!!\n"
    },
    "77818": {
        "url": "/comment/77818",
        "comment": "I am opposed to Bill 23 and would like to see it amended. I do not believe it is a good or necessary decision to open up the Greenbelt to developers. I disagree with the proposal to take away important input of the conservation authorities to inform good decision  making in urban planning. We are experiencing a climate crisis and all our decisions must have that fact included in the calculus of our decisions. Paving over Class One farmland is an irreversible and devastating decision. Farms feed families and we need them.\nThis plan may build houses but at a terrible cost both to the environment and the communities forced to service the urban sprawl. Bill 23  is ill conceived and needs a drastic revision. Affordable housing will not be achieved by building sprawl. The environment will not be protected by urban sprawl.\nQuality of life will not be improved by more urban sprawl. Mistakes of the past do not need to be repeated. Now is the time to move forward with a better plan for all, not just providing a financial windfall to a small group of land speculators.\n"
    },
    "77822": {
        "url": "/comment/77822",
        "comment": "Expanding development onto the Greenbelt is a short-sighted and ill-thought-through attempt to ease the housing crisis. Paving over these environmentally sensitive lands will make climate emergencies more likely and endanger Ontario\u2019s food security. While we need big solutions to combat the housing crisis, these big solutions also need to be smart. You don\u2019t fix one crisis by making another one worse. We must keep the existing Greenbelt as is and find ways to add density to our existing developed land. Ontario has the potential to be an example to the world when it comes to climate action and sustainability but if we keep making these short-sighted decisions, we may stunt our province\u2019s potential and damage our home for decades to come.\n"
    },
    "77826": {
        "url": "/comment/77826",
        "comment": "I am horrified that premier Ford who had promised not to touch the greenbelt has now decided it can be developed. It is extremely concerning that a few developers have purchased greenbelt land in the past few years, which is now being removed from the greenbelt for development. There is no need to remove land from the greenbelt  - the Housing Commission has found that there is enough land within urban boundaries for the 1.5 million homes needed.\n"
    },
    "77829": {
        "url": "/comment/77829",
        "comment": "I am strongly opposed to the removal of any existing lands within the Greenbelt for construction of new homes. This will not only lead to the loss of valuable farmland,  but also increase urban sprawl and perpetuate a car-centric lifestyle whereby residents need to drive everywhere for their daily needs. The Government's pledge to add more land to the Greenbelt to compensate for the areas that are removed is not a viable conservation strategy to maintain  ecological integrity. i.e. removing a brick from one area of a wall and replacing it with another somewhere else doesn't increase the strength of the wall.\nCarving off lands in the Greenbelt for housing is exactly the opposite of what we should be doing to counter the effects of the climate crisis. I urge the Ford government not to proceed with this short-sighted and ill-conceived plan and instead focus on policies that promote higher-density development within existing urban boundaries.\n"
    },
    "77853": {
        "url": "/comment/77853",
        "comment": "I am writing to express my strong opposition to the provisions in Bill 23 that:\n\u2022\tTakes away land use planning powers from municipalities\n\u2022\tTakes away needed development charge revenue from municipalities resulting in increased taxes for ordinary taxpayers\n\u2022\tPromotes urban sprawl rather than intensification, using up far more land than necessary per housing unit and necessitating building of more highways like the proposed 417\n\u2022\tFails to address the real problems of building more affordable homes\n\u2022\tGuts the powers of Ontario\u2019s Conservation Authorities\n\u2022\tReduces parkland requirements for new development\n\u2022\tEncourages development on farmland, wetlands, conservation areas and the Greenbelt lands\n\u2022\tLimits the rights of individuals and community groups to protest planning decisions\nThis is a very complex set of changes to existing legislation being rammed through in a gargantuan omnibus bill. It will benefit land speculators, housing developers and quarry operators far more than ordinary citizens.\nIn times when the climate crisis is worsening and has become an existential problem for mankind, it\u2019s extremely important to reduce our carbon footprint by preserving all the green space we possibly can. Planting millions of trees is a laudable aspiration but it is also critical to stop destroying mature forests.\nLet\u2019s stick with the Official Plans for the municipalities in Ontario, let those municipalities get on with building more affordable homes. The land and aggregate resources to do this are already available.\nBill 23 reeks of ideology from the right wing conservative playbook; i.e. slash regulations and give wealthy and powerful friends more freedom to enrich themselves. Please go back and rethink this whole issue. Revoke or suspend Bill 23 now.\n"
    }
}