{
    "76909": {
        "url": "/comment/76909",
        "comment": "I am writing to express my strong opposition to the proposal to remove 7,400 acres from the Greenbelt (ERO #019-6216 and #019-6217).\nThese Greenbelt lands are not needed for housing. The amount of greenfield land already designated for development, and added to municipal settlement boundaries, but still sitting unbuilt far exceeds what is needed to meet long range housing targets. As you know, in its 2022 report, Ontario\u2019s Housing Affordability Task Force stated that a shortage of land isn\u2019t the cause of Ontario\u2019s housing problem and that Greenbelts, environmentally sensitive areas and farmland must be protected.\nThe proposed removal of Greenbelt lands sets an alarming precedent, opening the Greenbelt to development at the request of those who stand to reap immense profits while the rest of us pay the tab. Land swaps put the entire Greenbelt at risk. Most of the lands to be removed from the Greenbelt overlap with the Natural Heritage System, which supports sensitive and significant natural features, and is supposed to be managed by your ministry as a connected and integrated natural heritage system.\nThe importance of permanently protecting lands and waters within the Greenbelt cannot be overstated. It is key to building the resilience of local food systems, protecting at-risk habitats and species, and sustaining the physical, social and economic health of the nine million Ontarians living in the Greater Golden Horseshoe. Not only are we facing the interconnected and accelerating crises of climate change and biodiversity loss, we are also losing 319 acres of farmland daily. The protection of natural and hydrological systems and farmland must be prioritized. They are finite, irreplaceable and invaluable for community and ecosystem health and resilience.\nFor the sake of current and future generations, I urge you to abandon your plans to remove 7,400 acres of protected lands from the Greenbelt.\n"
    },
    "76928": {
        "url": "/comment/76928",
        "comment": "The greenbelt should stay the greenbelt, a new highway nor overly-large houses are not necessary nor needed.\nWhat is needed is fresh produce, fresh water, fresh air!\nAffordable food, medical care, and housing!\nTake whatever money that Ford is wanting to waste on this build and properly fix what is already built.\nRoads once 'fixed' the year prior turned back to vehicle-destroyers from potholes that weren't properly filled with the correct asphalt for northern weather.\nPeople turned homeless from lack of jobs and too-high housing/apartment costs.\nThousands starving from food costs rising.\nLack of doctors North of Parry Sound!\nUntold numbers going without a doctor because theirs either retired, or left the city to work in Southern Ontario.\nBandaid Patch-jobs done on old infrastructure when full overhauls needed, because 'cheap' work was chosen over long-lasting build for the local climate.\n"
    },
    "76941": {
        "url": "/comment/76941",
        "comment": "I have spent half a century in this province and the best parts are only due to our stewardship.\nDevelopers are already notoriously finding shortcuts in dealing with people.\nIt is clear that protecting the environment is pro forma and not a true goal, especially when in conflict with profits.\nPlease do not do this, Premier Ford!\n"
    },
    "76970": {
        "url": "/comment/76970",
        "comment": "I would like to register my objection to the proposed changes for the following reasons, among others:\n* The government has repeatedly promised not to allow development on the Greenbelt. This proposal is in direct opposition to those promises.\n* The Greenbelt lands are not required to meet housing target as outlined in the Ontario Housing Affordability Task Force Report on page 10 of the report.\n* Land swaps put the entire Greenbelt at risk. Some of the proposed additions to the Greenbelt area had already been proposed as additions. Also, some of the areas in the proposed additions are already protected areas.\n* These changes set a harmful precedent and remove permanent protections. They allow a few developers to generate large profits that will have a negative impact on generations to come. They also set up a potential stream of new requests for changes that have the potential to erode the protection the Greenbelt is supposed to provide for the environment.\n* Using the proposed land for development will only encourage urban sprawl and put further strain on transportation resources, both public transit and roads and highways.\n* The proposed lands will likely not be used for medium to high density housing developments which are the kinds of housing that will be required to have an impact on housing affordability.\n* Harm to the Greenbelt\u2019s Natural Heritage System:\nMost of the lands to be removed from the Greenbelt (10 of the 14 areas shown on the maps) overlap with the Natural Heritage System, which supports \u201cthe highest concentration of the most sensitive and/or significant natural features and functions\u201d and is meant to be managed \u201cas a connected and integrated natural heritage system, given the functional inter-relationships between them.\u201d (Greenbelt Plan, sec. 3.2.1).\n* The government appears to not have done anything related to past proposals (in 2020 and 2022) to add to the greenbelt (https://ero.ontario.ca/notice/019-4485) and are only now using the lands outlined in those proposals for the land swap in this proposal.\n"
    },
    "77012": {
        "url": "/comment/77012",
        "comment": "I, Max Lysyk, P.Eng., the Development Manager for 1628755 Ontario Limited, represent my family, the Lysyk\u2019s, the owners of the property municipally know as 360 Columbus Road West in Brooklin, Ontario. I am the grandson of the original owners, George H. Lysyk and Olena Lysyk as my family has owned this property since the early 1960\u2019s. We submit the following comments regarding the Province\u2019s proposed amendments to the Greenbelt Area boundary regulation:\nWe are in support of amending the current limits of the Greenbelt Plan within the Province of Ontario in locations where mapping mistakes were made back in 2005 during the Greenbelt\u2019s implementation. In our opinion, these errors occurred due to high level/desktop reviews used to establish the Greenbelt Plan limits, instead of confirming the limits through detailed site walks. This resulted in many parcels of land throughout the Province, including our property (360 Columbus Road W, Brooklin, ON) to be deemed undevelopable even through there is no difference between the land that abuts the Greenbelt and the land within the Greenbelt. Our property (360 Columbus Road W, Brooklin, ON) is approximately 38.75 hectares (95.75 acres) in size, of which, approximately 12.07 hectares (29.82 acres) currently fall within the Provincial Greenbelt Plan. Of the 12.07 hectares (29.82 acres) Greenbelt lands, 4.14 hectares (10.23 acres) has been actively farmed and is identical to the land outside of the Greenbelt Plan limits.\nThere is currently a development approval application (Draft Plan of Subdivision) with the Town of Whitby for the 26.68 hectares (65.93 acres) not within the Greenbelt. We ask that the Province consider removing the 4.14 hectares (10.23 acres) of actively farmed lands from the Greenbelt Plan on our property, as it does not contain any significant natural heritage features. In fact, there is no difference in the land being farmed and proposed within the draft plan of subdivision, and the same field being part of the Greenbelt. This is yet another example of land that was split by the Greenbelt Plan when the use of the property is, and has been, the same from north to south. We feel that this was an error when the mapping was prepared in 2005, and ask that this be rectified through the Province\u2019s current amendment exercise. The lands proposed for removal are readily serviceable and can easily be incorporated in the current development approval application for the lands outside the Greenbelt. Additional information and details can be found within the attached documents which includes a planning summary of the subject property, providing a review of the site context, the current planning status and two preliminary development options for the lands that currently fall within the Provincial Greenbelt area. Lastly, construction of new homes on the Greenbelt lands can be achieved by 2025, subject to municipality approvals.\nThe Province has set a bold target of building 1.5 million homes over the next 10 years to address the housing crisis and is considering removing land from the Greenbelt that can be replaced with protected land in other areas of the Province. The area suggested for removal from the Greenbelt Plan at 360 Columbus Road West in Brooklin, Ontario can accommodate 52 or 55 single detached dwellings as shown on the attached concept lotting plans or can certainly accommodate higher density housing if preferred by the Province.\n"
    },
    "77025": {
        "url": "/comment/77025",
        "comment": "You promised not to touch the Greenbelt. There are all kinds of other options including facilitating rezoning for medium density housing, making multi-unit homes easier or to provide incentives for people to convert single homes into duplexes and triplexes. No need for this at all. Just trying to help out your developer contributors. I\u2019ll remember this one next election.\n"
    },
    "77028": {
        "url": "/comment/77028",
        "comment": "Hello,\nAs a Ontario resident who lives in the GTA, I very much oppose this proposal. In your last term you promised not to touch the Greenbelt, and now you have reneged on that promise. The Greenbelt was set aside for many good reasons- preserving our best farmland, protection from flooding and water quality issues, and to provide some greenspace close to the GTA. I understand the need to build more homes, however there are many other suitable areas. I oppose it for the following reasons:\n-We have seen how fragile our supply chain is, and changes like this will further make us more dependent on foreign countries for food in the future\n-We need the protection of natural areas to help reduce urban flooding and water quality issues. We have seen the issues that high intensity storms can cause.\n-Greenspace is shrinking so quickly in Southern Ontario, and we have so many people and so few natural areas\n-Having a large protected area is important to conserve our natural heritage system\n-The additional lands you are proposing are protected anyway\nPlease reconsider this proposal, and stick to your promise of not touching the Greenbelt. This will surely cost my vote if you do not. Do what's best for Ontarians, not just rich developers.\nThank you,\nAlex\n"
    },
    "77035": {
        "url": "/comment/77035",
        "comment": "We don\u2019t need a reduction in the Greenbelt.\nWe don\u2019t need more urban sprawl.\nWe don\u2019t want the provincial Conservative government to steam roller over existing environmental conservation plans.\nLosing this initial 7400 acres of Greenbelt land is just the beginning.  The Ontario Conservative government will eventually destroy the entire Greenbelt; death by a thousand cuts.\nHow did the Ontario government strategy so quickly change from encouraging high density housing to now supporting urban sprawl?\n"
    },
    "77054": {
        "url": "/comment/77054",
        "comment": "for development. This will not solve the housing crisis in Ontario, especially as any houses built in this area would not be affordable for the average Ontario citizen. The Greenbelt is irreplaceable and an important ecological and agricultural part of Ontario. The impact the Greenbelt has on our clean drinking water should also not be forgotten. We are lucky in Ontario to have such a large abundance of clean drinking water. Removing or damaging  headwaters, moraines, groundwater recharge areas and wetlands would impact this supply, which would be a grave mistake, especially with our changing climate. Hands off the Greenbelt, there are other solutions to address the housing issues in Ontario that won't devastate our environment.\n"
    },
    "77057": {
        "url": "/comment/77057",
        "comment": "I do not agree with opening the Greenbelt for development. This will not solve the housing crisis in Ontario, especially as any houses built in this area would not be affordable for the average Ontario citizen. The Greenbelt is irreplaceable and an important ecological and agricultural part of Ontario. The impact the Greenbelt has on our clean drinking water should also not be forgotten. We are lucky in Ontario to have such a large abundance of clean drinking water. Removing or damaging  headwaters, moraines, groundwater recharge areas and wetlands would impact this supply, which would be a grave mistake, especially with our changing climate. Hands off the Greenbelt, there are other solutions to address the housing issues in Ontario that won't devastate our environment.\n"
    },
    "77071": {
        "url": "/comment/77071",
        "comment": "This plan to develop the Greed Belt is disgusting. Your own reports on housing shows this is unnecessary to address Ontario\u2019s housing crisis.  This is not about affordable housing but rather greed and corruption, lining the pockets of donors and politicians. It\u2019s no coincidence that developers have been buying up properties over that last year, not on speculation they\u2019d be able to develop The green belt but rather knowing full well this bill was going to be tabled.\nThis is a terrible display of corruption and greed from the Ford government.\n"
    },
    "77085": {
        "url": "/comment/77085",
        "comment": "On behalf of Sunvalley Estates Limited located in Lot 17, Concession 1 EHS - Caledon Village, Town of Caledon please find attached  supporting materials requesting the removal of the subject property from the Greenbelt Plan Boundary to facilitate the development of  a predominantly seniors development with an institutional component and a mix of uses intended to serve the local/surrounding area as well as support aging in place.\n"
    },
    "77090": {
        "url": "/comment/77090",
        "comment": "I oppose these amendments on two levels: adequacy of political process, and environmental ignorance.\nIn terms of implementing the proposed changes, the political process is nothing more than:\n1. provincial avoidance of housing responsibility by transferring the need and address to lower tier governments without consultation;\n2. provincial government betrayal of public trust that favours moneyed friends, associates, and political supporters of the governing party;\n3. action that promotes reckless and irresponsible urban sprawl without regard to ascertaining environmental costs, implications, and long-term fiscal responsibilities;\n4. an impulsive move that cannot possibly address the issue of housing generally and certainly not for homeless people of most limited resources and most dire need;\n5. denial of actual practical timelines and procedures for potential construction;\n6. denial of functioning municipal planning capabilities by generating false expectations in utterly undemocratic manner that will result in fiscal crises for each involved municipality;\n7. a failure to address collaboratively actual housing issues, options, and overall implications beyond the benefit of so-called \"developers\"; and\n8. failure to engage all stakeholders toward the development of a long-term housing plan that moves beyond \"developer\" controlled structures and profits.\nBeyond the above references to the destructive and narrow ill conceived political practices, the physical implications reveal:\n1. ignorance and/or refusal to acknowledge the life-serving-preserving historic functions of morraines in particular and designated greenbelt space in general connective-integrity manner as well as implications for total involved watershed areas beyond the immediately identified greenbelt;\n2. failure to accept and protect in perpetuity for the public of this province the functionality and benefits of these spaces, e.g., water purification, wildlife diversity, wildlife connectivity needs, general earth integrity;\n3. failure or refusal to recognize expansive adverse environmental impacts of hastily crafted legislation in areas where infrastructural development and increased urban sprawl will have humongous adverse implications, e.g., diminished air quality, stressed water tables and quality, further threatened vulnerable species; and\n4. a general fragmentation of perception that commodifies and monetizes natural processes that in and of themselves are part of the essentials of life above and beyond any applied monetary number.\n"
    },
    "77103": {
        "url": "/comment/77103",
        "comment": "Opening the green belt for housing development is not only a destruction of much needed rural land in the golden horseshoe, it is also an extremely inefficient way to increase housing supply. The best place to build new housing is always where infrastructure already exists. Developing new green field sites can only lead to more traffic congestion, more unsustainable car-dependent communities, and a loss of much needed green space. The destruction of green space will also only exacerbate environmental issues, such as flooding, given forest and healthy green spaces are crucial in containing excess rainfall/snow melt.\nInstead of destroying the green belt, we should be focusing on building more medium density walkable developments in areas with existing infrastructure.\nThis proposal only benefits the property developers, and those whose financial interests align with them, not the people.\n"
    },
    "77135": {
        "url": "/comment/77135",
        "comment": "Please protect the Greenbelt. There are plenty of other spaces where homes can be built outside of the Greenbelt.\nIf we pave the natural habitats of wildlife and pave farmland, we can never get it back. We must protect this precious land from development. Our survival depends on it.\nWe can live happy healthy lives in a world where fewer people own single detached homes. Urban infill and intensification is the answer, but developers will never build that way if they are given an opportunity to build homes they feel will be more profitable for them.\nDevelopers are not interested in building enough homes to meet the needs of the people. Their mandate is to maximize profits. It's in their best interest to ensure there the demand for homes is always greater than the supply, so they can maximize their profits on the homes they sell.\nWe must find a way to empower city planners to determine what types of homes are built and where. The free market has proven that will never deliver enough homes to house everyone.\n"
    },
    "77136": {
        "url": "/comment/77136",
        "comment": "On behalf of  Mosaik (Weston Rd) Inc. owner of lands located at Part lot 32, Con 5 in the City of Vaughan  please find correspondence requesting removal of lands from the greenbelt plan boundary.  This request has also been made under  ERO 019-6216.\n"
    },
    "77138": {
        "url": "/comment/77138",
        "comment": "Pine Valley (Mosaik) Inc owner of 4 ha of land located at Pt Lot 27, Con 7 in the City of Vaughan is requesting removal of its lands from the Greenbelt Plan Boundary.  Attached is correspondence in support of such.  lands have been used for rural purposes and can be readily serviced and are located immediately adjacent to an existing community area/settlement boundary.\n"
    },
    "77145": {
        "url": "/comment/77145",
        "comment": "On behalf of Weston Valley Investments (Block 34) Inc.  a request is being made to remove  a portion of the lands within the greenbelt plan boundary for residential uses.  The lands are located within an existing community boundary and part of a draft plan of subdivision and comprehensive develeopment concept process.  They also form part of an approved secondary plan and can be serviced in an efficient manner.  Environmental study work has been conducted and site visit conducted with TRCA confirming site constraints.  This request was also posted within ERO 019-6216.\n"
    }
}