{
    "77439": {
        "url": "/comment/77439",
        "comment": "Good evening,\nI am writing to express concern about the proposed amendments to the Greenbelt Area boundary regulation (ERO 019-6217). Though I agree that there is a pressing need to address the housing crisis in Ontario, I do not believe the proposed changes to the Greenbelt adequately address this issue.\nRemoving land from the Greenbelt will weaken our province's food security and ecological integrity. The lands set aside for conservation in the Greenbelt provide essential ecosystem services such as flooding prevention, carbon capture, and drinking water protection, as well as arable land. Protecting these assets is critically important to building our province's resilience to the climate crisis.\nBuilding homes in the Greenbelt will contribute to worsening the climate crisis and increasing pollution by creating sprawled-out communities that will require long commutes by car to reach jobs and services that only exist in the major urban centers. I urge the government to explore solutions involving increasing density in urban areas and regulating the purchase of properties solely for investment purposes.\nThese proposed changes to the Greenbelt would set a dangerous precedent for stripping away environmental protections in our province. Furthermore, expanding the urban boundary of Hamilton in particular sets a disturbing precedent for undermining decisions made by municipal governments with the support of their constituents, who clearly expressed a will to limit urban sprawl in their city.\nGiven these issues, it is imperative the province keep the promise it made to the people of Ontario and pursue a different approach to increasing the housing supply.\n"
    },
    "77445": {
        "url": "/comment/77445",
        "comment": "Hands off the greenbelt! Douglas Ford lied about not developing on the greenbelt in order to get elected in 2018. 4 years later after winning a double majority due to only 43% of eligible voters in Ontario making an effort to vote. His party only got 18% out of that 43. So after that election he sold the greenbelt to his donors. Douglas Ford doesn't care about Ontario. He never has. #DougFordisdestroyingontario #nonvotersfailedontario #DictatorDoug #dougfordisaliar #saveourgreenbelt\n"
    },
    "77458": {
        "url": "/comment/77458",
        "comment": "All throughout the election we heard Fords promise that he would not touch the greenbelt . You cannot just add more greenbelt elsewhere in some sort of biodiversity offsetting scheme . These lands were preserved for a reason and that reason wasn't to make Doug Fords developer donor buddies rich . From the details that have been released it sounds criminal and should be investigated by the OPP . Attempting to pass off homes that would be unattainable in price to the majority of Ontarios residents as solving the housing  crisis is laughable ! Our Greenbelt must stay green !\n"
    },
    "77472": {
        "url": "/comment/77472",
        "comment": "Stop whittling away at our greenbelt. This is precious ground and doesn't need any more mcmansions or townhouse atrocities. There will not be affordable housing or affordable rental units built but dwelling that only wealthy or wealthier than average people can afford. We have housing, now make it affordable.\n"
    },
    "77492": {
        "url": "/comment/77492",
        "comment": "I am local to the Niagara region, I have always taken great pride in our green belt! But taken and changing that is something I strongly disagree with! I don\u2019t thing the government should allow the province to change that! Please don\u2019t allow this amendment to pass. I want the green belt to survive for the next generation to enjoy!\n"
    },
    "77493": {
        "url": "/comment/77493",
        "comment": "The sale and development of land from the Green Belt is a short sighted and compromises the future of Ontarians.  The Premiere is acting in self interest and not in the public good.  The Green Belt has several functions that are unique to it's makeup.  The Green Belt should never be sacrificed for development.  It is needed as is to support agriculture, biodiversity, habitat and water filtration, storm water absorption, etc.\nWhen a premiere says he won't touch the Green Belt he should keep his word.  We have to consider the future, the health and viability of the land and water sources with regard to climate change.  We can't just disregard these facts.\nI am deeply disgusted by the decision to carve up the Green Belt.  It is a thoughtless and negligent decision.\n"
    },
    "77495": {
        "url": "/comment/77495",
        "comment": "Premier Ford.\nThe Ontario greenbelt was installed to reign in urban sprawl. The very type of development you are encouraging by opening these sections up. There is ample land for decades of growth available in all of the municipalities being affected. This type of development is not sustainable and worse yet, we know it isn't.\nPlease Premier Ford, reconsider this ill advised plan. Consult your partners in municipalities and do what's best for your grand children\n"
    },
    "77499": {
        "url": "/comment/77499",
        "comment": "No need to take Green Belt land to build affordable housing. The home built in these subdivisions will not be affordable. New roads/sewers/needed infrastructure will pass costs on to municipal governments who will then raise property taxes. Use properties like unused malls/schools/vacant buildings to build affordable housing with existing infrastructure already in place. This act is all smoke and mirrors to allow wealthy builders to begin carving up the Green Belt. How much have they lobbied and donated to the provincial conservative party? Citizens are not stupid.\n"
    },
    "77501": {
        "url": "/comment/77501",
        "comment": "The government can\u2019t remove land from a protected area just to suit their political agenda. As a farmer I\u2019m aghast. It feels like more and more everyday that the government does not want Ontario farmers to feed Ontario residents with our local produced foods. How do we expect new and future farmers to continue if these developers are allowed to gobble up all available land? Protections are there to keep it safe for our future generations.\n"
    },
    "77517": {
        "url": "/comment/77517",
        "comment": "I have lost trust in premier Ford's ability to fully consider the well being of the citizens of this province. In particular, when the premier who had promised not to touch the Greenbelt has now decided it can be developed without proper consultation or just cause. It is extremely concerning that a few developers have purchased Greenbelt land in the past few years, which is now being removed from the greenbelt for development. There is no need to remove land from the Greenbelt - the Housing Commission has found that there is enough land within urban boundaries for the 1.5 million homes needed.  Opening up Greenbelt land will only hinder the affordability of housing units. Locally, the Greenbelt Area boundary regulation will take away Grimsby's municipal government's authority, and over rule the Niagara Region's official plan regarding building targets. These decisions need to be based on community input and recommendations regarding development, in particular lands protected  and designated as the Greenbelt. Two areas in Grimsby have been identified by the Province to be removed which is unnecessary. Grimsby is fulfilling building targets and through the Niagara Region's official plan lands do not need to be added. Our infrastructure needs to be updated. We have flooding issues that need to be addressed. The wait list for rent-geared to income housing is  7 years. Limiting municipal governance and over ruling Regional government, while imposing the Provincial government's 'will' is undemocratic. Attempting to enforce the decisions imposed by the Premier and his developer friends displays nothing more than greed, is short-sighted and is not in the best interests of the citizens. We are in the midst of a climate crisis, focus to rebuild our ecosystem is needed to maintain a healthy environment.  We need to protect the best farm land in Canada which is in this Greenbelt protected area in order to be able to grow our own food and be self-sufficient, not only provincially but nationally. As a global citizen we also have a duty to help provide food to battle starvation in other countries. Approving the amendment to the Greenbelt Area boundary regulation plans will have ever-lasting detrimental consequences, not only for this province but also for our Country. Citizen's from all over the province are speaking out and we hope our voices and comments are fully considered. Bill 23 needs to be Repealed & The Green Belt remained untouched.\n"
    },
    "77523": {
        "url": "/comment/77523",
        "comment": "Please do not start using the Greenbelt for your agendas. Your business partners benefit from this while the wildlife and the rural lands suffer. Good soil is stripped and one day you  will need this land to grow food. Farms and green areas supply homes for wild life and food for cities. Make other plans for housing like building up and using multimillion dollar homes with land to build on not the green spaces needed for our very oxygen and air filtering  that will continue to help with C02 emmissions. Changes are needed in rental policies and to protect landloards from bad renters so that they want to rent to the people who need houses. Consider other options and make other social changes.\nThis Bill continues to make your reputation worse.\n"
    },
    "77526": {
        "url": "/comment/77526",
        "comment": "Hello,\nEnclosed are comments submitted on behalf of our client, 2441066 Ontario Inc., the owner of lands at 347 Parkside Drive, Waterdown, ON.\nSincerely,\nConner Harris\n"
    }
}