{
    "76561": {
        "url": "/comment/76561",
        "comment": "Dear Minister Clark\nPlease see attached our letter supporting the proposed amendments to the Greenbelt Plan under ERO posting # 019-6217.  This letter also contains a proposal that would, consistent with the proposed amendments, add additional housing in Richmond Hill furthering the objectives of Bill 23 \u2013 More Homes, Built Faster Act, 2022.   Details are in the letter which summarizes our History, Planning Rationale, and the Ecology, Infrastructure Servicing, Geotechnical & Hydrogeological preliminary assessments (also attached).\nThank you\nChristine Yee\nSenior Director, Development\nWhite Owl Properties Limited\n180 Renfrew Drive, Suite 120\nMarkham, ON   L3R 9Z2\n"
    },
    "76566": {
        "url": "/comment/76566",
        "comment": "I wish to comment on ERO posting No. 019-6217 - Proposed amendments to the Greenbelt Area boundary regulation.\nThis is a notice of a proposed regulation under the Greenbelt Act, 2005, posted by the\nMinistry of Municipal Affairs and Housing\nThe premise that Greenbelt lands are required for housing has been refuted by the province's signature consultation body -- the Ontario Housing Affordability Task Force --- in its February 2022 report; in fact, the Task Force warned of the danger of developing environmentally sensitive areas:\n\u201cBut a shortage of land isn\u2019t the cause of the problem. Land is available, both inside the existing built-up areas and on undeveloped land outside greenbelts ...\u201d\n                                                                                  \u2026\n\u201cGreenbelts and other environmentally sensitive areas must be protected, and farms provide food and food security. Relying too heavily on undeveloped land would whittle away too much of the already small share of land devoted to agriculture.\u201d (p. 10)\nOpening up the Greenbelt will lead to the loss of habitat and ground water protection, irreplaceable loss of farm land, reward land speculators and establish the principle that Greenbelt lands are no longer off limits for development.\nThe proposed countervailing measure of adding equal (or even greater) amounts of lands to the Greenbelt to replace carve outs is, like the idea of carbon offsets, not tenable.\n- What guarantee is there that the replacement lands will not themselves be opened for development?\n- The replacement lands are in some cases already protected, thereby resulting an a decrease in protected lands.\n- Protecting part of a feature, such as the Galt Moraine, is only a partial measure and does not result in comprehensive protection of the feature.\nFinally, given the multiple investigations of property purchases in the areas of the Greenbelt that are proposed to be released for development, it would be entirely inappropriate to proceed with this regulation prior to the completion of all investigations.\nI strongly urge the Ministry of Municipal Affairs and Housing you not to proceed with this regulation.\n"
    },
    "76581": {
        "url": "/comment/76581",
        "comment": "I am commenting on ERO 019-6217, which relates to Proposed amendments to the Greenbelt Area boundary regulation.\nI strongly oppose the proposed regulation.\nLand in the Greenbelt is not needed for housing.  This was the explicit conclusion of the provincial government's own blue ribbon Ontario Housing Affordability Task Force.\nThe land proposed to be removed is very sensitive in terms of its ecological importance, including wetlands, natural heritage system, prime farm land and a headwater for a creek system, among others.  Removal of these lands will affect many aspects of the natural system of which these lands are a part and will therefore have broader implications in terms of the protection of the Greenbelt area. Once wetlands, farmlands, and areas of biodiversity are developed, they are lost forever.\nThe precedential value of removing land from the Greenbelt cannot be overstated.  It will establish the principle that the Greenbelt lands no longer have protected status, and will surely encourage other developers to ask for their own piece of the Greenbelt for development.\nIt must be remembered that the Premier unconditionally promised that he would not release lands from the Greenbelt for development.  The people of Ontario expect the Premier to keep this promise.\nI strongly urge that the Greenbelt not be opened up for development: not now, not in the future.\n.\n"
    },
    "76596": {
        "url": "/comment/76596",
        "comment": "Please stay out of the The Green Belt and stop changing the landscape to expand the city and suburbs.  We need this land to remain open and not built on.  For the sake of all creatures including humans, birds, animals, insects, fish please stop appropriating the green areas.  We need farms close to cities and accessibility to natural and wild places.  Build cities UP, not OUT.\n"
    },
    "76641": {
        "url": "/comment/76641",
        "comment": "We should not be putting housing developments on the Greenbelt!! It is absolutely not necessary, except for the developers who are stuffing the pocket of Doug Ford.  When the Greenbelt was first established it was visionary.  Now everyone (well almost everyone except developers and Doug Ford and Co.  - well they actually know too but want to take the money while they can and run) knows how important the Greenbelt is and what a disaster it will be for the environment if is it destroyed.  This should not be happening.  We don't need more suburban housing that encourages sprawl and dependence on the car- we need more intense development in walkable communities.\n"
    },
    "76671": {
        "url": "/comment/76671",
        "comment": "Request to amend the Greenbelt Plan on the edge of the Urban Area of Orono - Please see attached documentation supporting the request.\n"
    },
    "76676": {
        "url": "/comment/76676",
        "comment": "I do not agree with this proposal. There should be no exploitation or construction on the greenbelt. Here are some reasons why:\n- We cannot just take parts of an ecosystem and expect it to remain intact.\n- The greenbelt is our source of drinking water and home to lots of biodiversity \u2013 including many already at risk.\n- Paving over parts of it will make these systems at major risk of collapse.\n"
    },
    "76677": {
        "url": "/comment/76677",
        "comment": "Request to amend the Greenbelt Plan on the edge of the Newcastle Urban Village - Please see attached documentation supporting the request.\n"
    },
    "76690": {
        "url": "/comment/76690",
        "comment": "Please find attached hereto the Oskar Group's feedback submission as requested by the Ministry of Municipal Affairs and Housing on the proposed changes to the Greenbelt Area boundary regulation (O. Reg. 59/05). The proposal highlights the Oskar Group's East Gwillimbury properties, collectively, as being an ideal candidate for special consideration and removal/redesignation outside of the Greenbelt Plan, and its regulatory boundaries, to help achieve the mandate of the Government of Ontario to satisfy its near term development objectives under the More Homes Built Faster Act 2022.\n"
    },
    "76698": {
        "url": "/comment/76698",
        "comment": "I do not agree with the proposed changes to the greenbelt. The greenbelt is protected land for a reason, making changes to it will lead to devastating negative effects to our environment. In a time when global warming is such a threat, our government should be doing everything within its power to protect our environment and green spaces, not putting a highways through them and selling off protected land to developers. Ford\u2019s government has suggested that this is a move towards more housing in the city of Toronto. However this is faulty thinking. We need affordable housing in Toronto, that\u2019s not going to come from building single family homes on the outskirts of the city. Money would be better spent building apartments that are cost effective, and affordable to Torontonians. Housing the growing population. It is so very clear that the Ford Government does not care about its citizens. Ford said he had heard the people and they didn\u2019t not want him to touch the greenbelt, evidenced on video, and yet that was clearly a lie as he\u2019s gone back on his word and wants to make drastic changes to the greenbelt. Ford\u2019s interests are his own. These proposed changes don\u2019t aline with the best interests for Ontario\u2019s citizens or the environment in general. Ford should not be allowed to touch the greenbelt.\n"
    },
    "76733": {
        "url": "/comment/76733",
        "comment": "Please find attached hereto the Oskar Group\u2019s feedback submission as requested by the Ministry of Municipal Affairs and Housing on the proposed changes to the Greenbelt Area boundary regulation (O. Reg. 59/05).\nThe proposal highlights the Oskar Group\u2019s GEORGINA (KESWICK) property which is being highlighted as a candidate for special consideration and removal/redesignation outside of the Greenbelt Plan, and its regulatory boundaries, to help achieve the mandate of the Government of Ontario to satisfy its near term development objectives under the More Homes Built Faster Act 2022.\n"
    },
    "76746": {
        "url": "/comment/76746",
        "comment": "I cannot understand why the province is going ahead with bill, when, according to its own Housing Affordability Task Force there is no shortage of land within existing municipal boundaries.\nBy taking away the oversight power of conservation authorities the province has effectively given the green light to developers and speculators to slash and burn whatever they wish within the Greenbelt. Does anyone seriously think the province will say no if developers clamour for more greenbelt land, beyond the 7400 acres already granted to them?\nThe wetlands, natural resources, and wildlife of the Greenbelt are unique and irreplaceable; you cannot destroy it and expect it to be recreated in a land swap or \"offset\". Is it any surprise that no conservation group supports this offsetting policy?\nClimate change is real and affects us all. Why are you opening up the Greenbelt for destruction when we should be preserving as much green space as possible for future generations, a valuable carbon sink to offset fossil fuel future emissions?\nIf this bill is so important, then why didn't the province put it to the voters before the last provincial election? The answer is that the province knows from previous experience that Ontarians understand the importance of protecting our environment and would never have stood for it. Do not let the bulldozers move in; once it's gone, it's gone forever. Do not sacrifice a natural birthright just to make a handful of people even wealthier than they already are. Future generations will curse us for our short-sightedness and stupidity.\n"
    },
    "76750": {
        "url": "/comment/76750",
        "comment": "Please find attached hereto the Oskar Group\u2019s feedback submission as requested by the Ministry of Municipal Affairs and Housing on the proposed changes to the Greenbelt Area boundary regulation (O. Reg. 59/05).\nThe proposal highlights the Oskar Group\u2019s Whitchurch-Stouffville property which is being highlighted as a candidate for special consideration and removal/redesignation outside of the Greenbelt Plan, and its regulatory boundaries, to help achieve the mandate of the Government of Ontario to satisfy its near term development objectives under the More Homes Built Faster Act2022.\n"
    },
    "76854": {
        "url": "/comment/76854",
        "comment": "There is no stated argument or justification for removing lands from the Greenbelt to improve housing availability when so many other alternatives have not been tried and proven wrong.  So much land has already been given over to farming and in turn this farmed land has become the home of endless single family dwellings on small lots  spreading endlessly, encroaching on more farmland and wildlife habitat.   Our educated workforce of urban planners can be directed to rectify this situation.  Pushing development right up against the current  boundaries of the Greenbelt threatens to habitat and species that are now under threat of extinction.  Bill 23 must incorporate guidelines that increase density on what already exists and ways of also increasing and protecting what wildlife habitat we still have left.\n"
    }
}