{
    "67610": {
        "url": "/comment/67610",
        "comment": "This proposal is ridiculous. The greenbelt exists for a reason, it is an important conservation area for wildlife and the local ecosystem.\nNot to mention that any developments built on this land will, in all likelihood, flood.\nWhat we need is more mixed use, high density and low income housing in the city. Not more multi-million dollar homes that will sink into the wetlands in the next fifteen years.\nThis is a blatant attempt by Ford to line the pockets of developers by sacrificing lands that are vital to local ecosystems and wildlife.\n"
    },
    "67612": {
        "url": "/comment/67612",
        "comment": "I am strongly against construction of any sort on the Greenbelt, as it it protected land and that bio-diversity is irreplaceable. The greenbelt prevents the risk of flooding as well.  Efforts in construction of any sort of residential housing would be much better suited in already populated areas.\nFor example, there are many empty office buildings in Toronto that could be repurposed into apartments or even safe housing to aid the homelessness crisis. Shelters are overcrowding, leaving some of our most at risk community members without options.\nI believe working with what we already have would make a much better impact on, and would be better received by the general public.\nThe wildlife and biodiversity deserve to be protected, and Ontarians deserve convenient cities. We can have both if we focus our efforts on improving what we have around of as opposed to ignoring it and expanding on protected land.\n"
    },
    "67613": {
        "url": "/comment/67613",
        "comment": "This is an incredibly irresponsible proposal and I strongly disagree with it. Our natural environments must be protected at all costs. Ontario is already experiencing rapid urban sprawl/development and we need to preserve as much of our green space outside the GTA at all costs. There is unique biodiversity to Ontario and my personal hope is that one day this land would be give back to Indigenous peoples so they can once again be the stewards of this land. I would hate to see this space become urban development that the citizens could no longer enjoy and learn from. Doug Ford has no interest in protecting even the basic needs of Ontarians, let alone the last of the natural environment we have access to. He\u2019s a terrible premier with no foresight or care for this province beyond how businesses are run. I sincerely hope this does not come to pass.\n"
    },
    "67622": {
        "url": "/comment/67622",
        "comment": "This is a bad plan, the Greenlands there are home to many wildlife there, and many conservations. We don't need to build it there where there's many empty office buildings that you can use for homes. Plus why are you focusing on this when there's bigger issues at play? The education system, the Healthcare of Canadians; focus on that and not try to sneak this into law.\n"
    },
    "67635": {
        "url": "/comment/67635",
        "comment": "I believe that the Ministry of Municipal Affairs and Housing needs a readjustment of its priorities because the only true benefit of destroying vital wetlands and conservation areas is to enrich out-of-touch real estate developers. With this proposal, is there any guarantee that all this housing we'd be ruining the environment for would even be affordable? I don't see that outlined anywhere. Also, didn't this government approve more than 14,000 hectares of land for development in the GTA on the same day Premier Ford announced this proposal? I know Minister Steve Clark wants \"to get more homes built faster,\" but I'd rather that he and his Ministry do things right than fast. So let's leave the Greenbelt alone and see what this Ministry can do with the land it's already been given.\n"
    },
    "67637": {
        "url": "/comment/67637",
        "comment": "I think this is a terrible idea, as we continue to watch the world suffer and the weather patterns change under the effects of the climate crisis, to take important natural land and ruin it with developments that will destroy important natural habitats. It is clear that Ford is only doing this to benefit those close to him, a move that would have any other politician ripped to shreds, likely by Ford himself for the clear bias and corruption present. I hope this bill never goes through\n"
    },
    "67649": {
        "url": "/comment/67649",
        "comment": "Do not expand the urban sprawl further into natural areas. We do not need more detach housing that will create more and more car-dependent neighbourhoods that are impossible to live in without a vehicle. Use the open office spaces that are sitting empty in Toronto and Mississauga's downtown core to add density to these areas that already provide amenities necessary for living such as schools and grocery stores nearby. We need more homes in livable and walkable / public transit-heavy areas to support lower income families in their daily lives, not mansions and single-family homes and all the build-up necessary to support them way out in the middle of nowhere. This will inevitably destroy those fragile ecosystems to build insufficient housing. More apartment complexes in denser urban areas with all the amenities already built up nearby, especially if they are MANDATED to contain low-income housing and geared towards lower wage earners specifically, will be much less harmful and more cost-effective. We do not need to be so wasteful and inefficient with our city planning and despoil our country's beautiful natural resources so some developers can line their pockets. Develop the areas we already have, let the natural environmental spaces be untouched and BOLSTER the protections surrounding them. We need MORE strict legislation to protect our green spaces and natural resources, not to destroy them with haphazard and recklessly inefficient development.\n"
    },
    "67651": {
        "url": "/comment/67651",
        "comment": "Please do now allow for this short sighted proposal to move any further forward. This is negatively impact all of Ontario in the current climate crisis.\nThis development should be scrapped in favour of a plan that increases the density of current suburban or urban areas. Building more high rises is the economical solution for Ontario to not be destroyed but short sighted construction opportunities.\n"
    },
    "67655": {
        "url": "/comment/67655",
        "comment": "As a resident of the province of Ontario, I am deeply concerned about this amendment. It strikes me as an oversimplified approach to the housing crisis, which is far more a crisis of housing affordability than of sheer number of available homes, nor does this seem likely to address the housing crisis in the places this crisis is most impacting.\nI have always loved the beauty of this province, and the Greenbelt is an important part of that for me. This plan recklessly risks Ontario's environmental health (including some valuable ecosystems) as well as prime agricultural land, and does not seem likely to solve the problem it presorts to solve. There are ways that are less expensive (both financially and environmentally) for the Province to address the housing crisis; solutions which will be more effective, including improved support for people (especially lower-income people and first-time buyers) wishing to rent and purchase property, as well as policy that more effectively cracks down on predatory renting practices.\nIn short, this amendment is likely to cause significant damage, without actually doing much to improve the problem it claims it will solve, and I fervently hope the Government of Ontario, with its duty to the current and future residents of this province in mind, will reconsider enacting such an amendment.\n"
    },
    "67665": {
        "url": "/comment/67665",
        "comment": "I am completely opposed to development of the green belt. We mist protect our wetlands, water sheds and farm lands. Developing the land is unnecessary, there are many other places better to develop in Ontario. Destroying our farm land will be environmentally disastrous, not to mention I cease the cost of buying food for hard-working families. This will not help the housing crisis, it will make life worse in Ontario. Please protect and save the green belt!\n"
    },
    "67676": {
        "url": "/comment/67676",
        "comment": "Absolute worst idea I've ever heard of. You want to spend millions of dollars on a highway that's so far north that there's no possible way it can feasibly relieve Toronto traffic congestion??? In what world does 3 minutes for a minuscule amount of commuters make thousands of acres of trees and disrespecting the borders of native reserves make any amount of sense? Especially when the provinces healthcare system is on the brink of collapse due to Ford freezing the wages of essential workers while giving non-essential workers, i.e., construction workers and other government workers large raises while calling those who are constantly putting their health at risk \"Heroes\". It's a complete waste of taxpayers dollars, and Ford should be outed from office for this gross mismanagement of funds.\n"
    },
    "67677": {
        "url": "/comment/67677",
        "comment": "You politicians should all be ashamed of your proposal. Not only does it go against campaign promises for the EXACT opposite of what you currently propose, it is an outright lie that we are having a housing crisis.\nBuilding more single-family dwellings on our extremely sensitive and precarious green spaces is NOT the answer.\nHow is it that so many parcels of this protected land even be ALLOWED to be purchased and owned by developers?\nBuild UP and build SMART. Do Not Pave our Green Spaces!\nStop and Think and get your hands away from your wallets.\n"
    },
    "67678": {
        "url": "/comment/67678",
        "comment": "Hello,\nI support leaving the Greenbelt intact to preserve farmland, forests, wetlands, rivers, and lakes.\nThese lands provide us with clean water and fresh air. The recommendation to \"free up land to build more housing\" works only on a planet with infinite resources.  Where there is a scarce resource, the decision to take advantage / exploit it needs to be evaluated more seriously.\n1. Protect the water supply - this year had some of the worst droughts in history.  In Western US the drought is the worst in \u201c1,200 years\u201d; in Europe in \u201c500 years\u201d.  The Danube river receded so much this year that for the first time ever it exposed the hulks of dozens of explosives-laden sunken German warships\u2026from during WWII.   Ontario\u2019s lakes contain 20% of the world\u2019s freshwater while housing only 0.2% of the world\u2019s population (recently having reached 8 billion).  If we can\u2019t come up with a way to preserve our water supply, there isn\u2019t much hope for our planet.\n2. Protect farmland and animals - this helps ensure biodiversity.  We\u2019re coming off the heels of a pandemic that disrupted our daily lives at best, and caused millions of deaths at worst.  The ability of our planet to generate renewable inputs and absorbing unavoidable wastes needs to be considered before we reach such severity and frequency of pandemics that we can\u2019t keep up our defences.  Note our farming and animals are already stretched: only <2% of world\u2019s farming is organic (the rest is forced to rely on pesticides), and most animals live in cages and are given antibiotics due to unfathomable living conditions.  We cannot continue eroding more farmland this way.\n3. The people need somewhere to live - and, yes, if one asks a first grader what to do about that they\u2019ll probably say build a house (although it depends on the first grader, mine would probably consider the environment).  As adults with so much technology and scientific knowledge at our disposal we can do better than exploit a protected Greenbelt that is perceived as a \u201clow-hanging fruit\u201d.  We can start by acknowledging that there is housing shortages in most parts of the world.  However, many locations are land-constrained but manage to fit in housing.  Over time the Greenbelt will become only more precious and more valuable.  It has the potential to put Ontario/Canada as the most desirable place to live in the world (and possibly one of the only places to live if climate crisis drags on due to climate refugees).   The Greenbelt\u2019s value will grow beyond the value created by single family residences where no-one uses half the space (think of your dining room).  Here's an example -  Central Park in NYC.  Taking a large chunk of prime land away from development and turning into a green space sounds like a poor economic decision - but in reality the space has transformed New York, resulted billions if not trillions of additional tourism revenue, helped create \"billionaires row\" (homes alongside the edge of the park with views of the park).  \u2028 Green space has value...so much value.  And it is both financial and existential.\n4. Other solutions - address people\u2019s mentality about \u201cfinancialization\u201d of real estate.  People don\u2019t look at housing as a consumption good, they look at it as an \u201cinvestment\u201d. Part of this is the 100% capital gains tax exemption on primary residences - this needs to be capped similarly to the US.   A cap on the capital gain preserves the ability of households to build reasonable wealth while stabilizing pricing and encouraging downsizing in an elderly population from large houses they no longer need so that younger generations can get into the market.  Secondly, use technology to compile vital complex data and find insights.  Examples include number of people residing in Ontario, number of new housing units built (by type), the number of primary residences sold each year by count and amount of profit claimed, the amount of new infrastructure (schools, hospitals, medical clinics, public transportation) built each year, traffic studies, electricity grid usage etc. All this data is available piecemeal but a comprehensive project would tied it all together and help make better decisions. Then overlap this with existing land usage and see where else we can build these \u201cmillions of homes\u201d.  Because we can.  Looking at nibbling away on land in the Greenbelt because it is the simplest solution is not right.  It is also not clear what the financial impact of building these houses specifically in the Greenbelt will be - if it is to address the population growth from immigration ....take look at the statistics on immigration.  Most people arrive on low incomes (<$50K) and can't afford $1.5million homes.  So how is this helping?  We need transparent data to make practically-relevant decisions and leave monopoly playing to the board game.\nIn conclusion, \u201cfreeing up land to build houses quick\u201d is really a fig leaf for \u201cquick profit on development\u201d. To really build the financial wealth and overall health of our people we need to give them the whole package - fresh water, clean air, good education, access to cutting-edge technologies, green infrastructure, and democratic platform for decision-making.  The opinions of indigenous communities should also be taken into account.  Housing is important, but it\u2019s also about having access to clean water and fresh air.  Consider international projects with countries short on land as a way for collaborative decision-making as well.  Japan, South Korea, UK etc.\nPlease keep the Greenbelt intact and we\u2019ll reap the benefits a million times over.\n"
    }
}