{
    "71858": {
        "url": "/comment/71858",
        "comment": "I do not believe we need more low density housing. We need to build denser cities that are more bike-able and can have better more efficient transit. I also think it's not wise to remove natural areas that help with things like flood mitigation and clean our as, especially as weather gets worse due to climate change. Better solutions in involve up-zoning within cities to allow more increased density. I am also concerned about the corruption seen in this process, with donors to the PCs having bought up some of these lands years ago and now stand to have financial gain by this change in land use policy. These issues need to be addressed better to maintain your trust with the public.\n"
    },
    "71881": {
        "url": "/comment/71881",
        "comment": "The people of Ontario believed that the Greenbelt would be protected in perpetuity . Now the Ontario Government wants to remove 7400 acres from the greenbelt in order to build homes. We believed the Premier when he said \"the people have spoken we won't touch the greenbelt. Very simple-that's it -the people have spoken and I'm going to listen to them.\" We believed the Minister of Municipal Affairs and Housing when he said \" We will not consider proposals to remove or develop any part of it\"\nNow I find it imperative to write to object to the proposed amendments to the greenbelt boundary\nbecause both the Premier and the Minister have not been straight with the people.\nThere are several reasons why the greenbelt should remain as protected lands and in fact should be increased. Why?\n1)  Farmland -we are losing 175 acres a day of farmland to urban sprawl and development for houses, roads, highways, strip malls etc. Farmers have been some of the biggest supporters of the Ontario PC Party but not only have they become victims to MZO's they are now also victims of the cutting up of the environmentally protected greenbelt. We are quickly losing land to grow the good quality food we all are used to and need . We may end up with some 50,000 homes but where will we get the food to feed the people who live there?\n2) Removal of Forests -trees provide oxygen for us to breathe. They remove carbon dioxide from the atmosphere. They absorb water, help prevent flooding and cool the atmosphere during warm summer months.\n3) Wetlands- Not only do they provide habitat for animals and birds. They also provide nutrient  retention, erosion control and most importantly they provide groundwater recharge. Many of us in rural Ontario still rely on groundwater for our drinking water.\nThese lands were put aside for very good reasons and should continue to be protected. Once taken away and developed they can not be returned. This must be stopped.\n.\n"
    },
    "71965": {
        "url": "/comment/71965",
        "comment": "1. Proposed Changes: Changes to the Greenbelt Area Boundary\nPotential City Impacts:\n-\tRemoving land from the Greenbelt could have environmental consequences both inside and outside of Mississauga.\n-\tEnvironment impacts could be compounded by a reduced role of Conservation Authorities.\nComments to the Province:\n-\tThere are no guarantees that removing some lands from the Greenbelt while adding others will have equal environmental value and ecological function.\n-\tCity staff are supportive of adding urban river valleys to the Greenbelt and already protect these lands.\n-\tIt is submitted that only lands be added to the Greenbelt and staff are not supportive of removing lands.\n"
    },
    "71971": {
        "url": "/comment/71971",
        "comment": "RE ERO 019-6216 (Changes to Greenbelt)\nAfter reviewing the maps and documents, I would like to register my objection to these proposed changes. The loss of environmentally sensitive and important land being proposed for development is in no way equally offset by the additional protected lands being offered in return.\nWhile the province faces many challenges up ahead in providing housing, there are numerous steps that can be taken (such as removing zoning restrictions in areas that can have more density) before giving up land that was intended to be protected and protective of Ontario's agricultural sector and conservation efforts (including flood migitation, pollution etc).\nThese changes are unnecessary, set a dangerous precedent, and will not solve Ontario's housing issues.\n"
    },
    "72023": {
        "url": "/comment/72023",
        "comment": "I am writing to express my strong opposition to your proposal to remove 7,400 acres from the Greenbelt (ERO #019-6216 and #019-6217).\nI do not accept the government\u2019s misleading premise that these Greenbelt lands are needed for housing.\nThe amount of greenfield land already designated for development and added to municipal settlement boundaries, but still sitting unbuilt far exceeds what is needed to meet long-range housing targets. As you know, in its 2022 report, Ontario\u2019s Housing Affordability Task Force stated that a shortage of land isn\u2019t the cause of Ontario\u2019s housing problem and that Greenbelts, environmentally sensitive areas, and farmland must be protected.\nThe proposed removal of Greenbelt lands sets an alarming precedent, opening the Greenbelt to development at the request of those who stand to reap immense profits while the rest of us pay the tab. Land swaps put the entire Greenbelt at risk. Most of the lands to be removed from the Greenbelt overlap with the Natural Heritage System, which supports sensitive and significant natural features, and is supposed to be managed by your ministry as a connected and integrated natural heritage system.\nThe importance of permanently protecting lands and waters within the Greenbelt cannot be overstated. It is key to building the resilience of local food systems, protecting at-risk habitats and species, and sustaining the physical, social and economic health of the nine million Ontarians living in the Greater Golden Horseshoe. Not only are we facing the interconnected and accelerating crises of climate change and biodiversity loss, we are also losing 319 acres of farmland daily. The protection of natural and hydrological systems and farmland must be prioritized. They are finite, irreplaceable and invaluable for community and ecosystem health and resilience.\nFor the sake of current and future generations, I urge you to abandon your plans to remove 7,400 acres of protected lands from the Greenbelt.\n"
    },
    "72082": {
        "url": "/comment/72082",
        "comment": "Ontario green space should be preserved. Many Canadians (new and old) moving to cities would rather live downtown where services are available for transportation to and from where they want to go without jumping in a car and spending time in traffic. We do not need more urban sprawl or expensive polluting highways especially at the cost of our protected Green belts. Please stop urban sprawl and give city dwellers the downtown living they want. As far as taking 7200 acres and giving back 9400 that may add more space to the green belt but not the protected space Green belts were designated for.\n"
    },
    "72333": {
        "url": "/comment/72333",
        "comment": "I am writing to express my vehement opposition to the new Bill 23 and the long-term, negative impact this regressive bill will have on Ontario's Greenbelt, wetlands, farmland, sustainable building standards, and the increased financial burden it will ultimately place on taxpayers.\nThe vast majority of residents of Ontario have already expressed their opposition to opening up our natural gem, the Ontario Greenbelt, to suburban development.  The Ford Government already went on public record several times - within the past year - stating that they would NOT open any portion of the Greenbelt to developers.   In fact, this Government stated they would seek to expand the Greenbelt- so why the sudden change?    The current government DOES NOT have a mandate from Ontarians to open up the Greenbelt - not one acre - to developers.   Protecting our diminishing natural environment, farmland, wetlands and biodiversity to the benefit of all Ontarians is a fundamental mandate for any elected government - PC, Liberal or NDP - that is your job!   It's truly pathetic, with all the resources and \"intellect\" this Government has its disposal,  that the best idea for affordable housing they can come up with  is, once again, paving over the Greenbelt.\nWith respect to \"building homes faster\", why doesn't the government seek to work with commercial property owners to retrofit existing office buildings and vacant parking lots into residential communities? Take a stroll around the commercial office area of Renforth and Eglinton on any given workday  - it's practically a ghost town of half-empty buildings, shuttered restaurants and hectares of vacant parking lots, no longer used by office workers.   And all of these old, empty buildings are already surrounded by highways, public transit and other infrastructure.    Why can't the Regressive Conservatives work with the owners of these ghost towers and turn this massive area of West Toronto and Mississauga into  a viable mix-use community?  How about financial incentives to these commercial property owners to take down the multiple For Lease signs, and retrofit their office buildings into AFFORDABLE residential condos for first time-buyers and seniors  (not 4,000 square foot homes with 3 car garages that will inevitably be built on the Greenbelt).  How about a government with a long-term plan and a vision for the GTA and Ontario that goes beyond increased sprawl, cookie cutter houses and big box stores?\nI also don't understand why it is necessary to suddenly implement a provincial government Bill that essentially trumps any and all environmental standards for municipalities have in place. Builders in the city of Toronto have already been working with the city's standards for years and they seem to be doing quite well getting buildings erected.  You can't turn a corner in downtown Toronto without coming across a new construction project and the sky is filled with cranes.  So why would the Regressive Conservatives need to give Developers the power to disregard sustainable, energy efficient, bird-friendly building standards designed for the long-term benefit of future homeowners, the environment and all residents of Toronto?   Nobody, except disreputable Developers seeking to improve their profit margins, will benefit from this regressive change (was this idea ever announced during the last provincial election as a solution to the housing affordability problem  - of course not).\nAlthough it's obvious with the tabling of yet another Omnibus Bill of destruction, the environment and sustainable development is the last priority for this Government,  it is also clear they have a great disdain for local Municipalities and existing homeowners.   First, this Bill takes away any authority local Conservation Authorities to protect our watersheds or Urban Planners have to implement the Official Plans that govern the long-term vision for our communities.    Second, by cutting development fees for the Developers this government solely serves, their costs to build infrastructure will now shift to the Municipalities, which in turn will be transferred to, guess who, THE TAXPAYER!    Given local governments cannot run an annual deficit, their only choice will be to make up the revenue loss with an immediate and substantial HIKE IN PROPERTY TAXES.   So, this Bill only ensures the Regressive Conservatives appear like heroes as they simply download the costs of new developments to existing homeowners and mom and pop business owners at a local level.   Did this Government ever think that perhaps existing property owners are struggling financially too and don't have the capacity to subsidize new development projects in order to improve the profit margins for Developers?  If a Developer can't afford to put in a park with trees next to a new condo building, then they shouldn't be in business.\nThere definitely should have been much more transparency as to what this Government was planning to do and more time for public input.   The fact that the Regressive Conservatives made a point of announcing Bill 23 on a Friday afternoon, during a CUPE strike threat and IMMEDIATELY after Municipal elections with new city councils not even in place yet, proves that they (a) already know Bill 23 does NOT serve the best interests of Ontarians and (b) don't really give a damn anyways.\n"
    },
    "72339": {
        "url": "/comment/72339",
        "comment": "I am writing to express my strong opposition to your proposal to remove 7,400 acres from the Greenbelt (ERO #019-6216 and #019-6217).\nI do not accept your government\u2019s misleading premise that these Greenbelt lands are needed for housing.\nThe amount of greenfield land already designated for development, and added to municipal settlement boundaries, but still sitting unbuilt far exceeds what is needed to meet long range housing targets. As you know, in its 2022 report, Ontario\u2019s Housing Affordability Task Force stated that a shortage of land isn\u2019t the cause of Ontario\u2019s housing problem and that Greenbelts, environmentally sensitive areas and farmland must be protected.\nThe proposed removal of Greenbelt lands sets an alarming precedent, opening the Greenbelt to development at the request of those who stand to reap immense profits while the rest of us pay the tab. Land swaps put the entire Greenbelt at risk. Most of the lands to be removed from the Greenbelt overlap with the Natural Heritage System, which supports sensitive and significant natural features, and is supposed to be managed by your ministry as a connected and integrated natural heritage system.\nThe importance of permanently protecting lands and waters within the Greenbelt cannot be overstated. It is key to building the resilience of local food systems, protecting at-risk habitats and species, and sustaining the physical, social and economic health of the nine million Ontarians living in the Greater Golden Horseshoe. Not only are we facing the interconnected and accelerating crises of climate change and biodiversity loss, we are also losing 319 acres of farmland daily. The protection of natural and hydrological systems and farmland must be prioritized. They are finite, irreplaceable and invaluable for community and ecosystem health and resilience.\nFor the sake of current and future generations, I urge you to abandon your plans to remove 7,400 acres of protected lands from the Greenbelt.\n"
    },
    "72360": {
        "url": "/comment/72360",
        "comment": "I am disgusted with Bill 23 and the policy proposals designed to weaken environmental protections and remove public involvement in land use planning.\nIt is atrocious that Ford's government is planning to:\n1. Remove my right to appeal planning matters\n2. Limit conservation authorities (CAs) to regulate or prohibit development - which will lead to human health implications\n3. Removal of the role of regional municipalities in planning matters - this is an outrageous proposal and will severely damage natural areas (which the government obviously doesn't care about - why do I even bother wasting my time providing comments when decisions have already been made)\n4. Change protections to wetlands - which means that they can be developed (a terrible idea - you are going to cause human health impacts).\nWhat you are planning is sneaky and dirty politics.  There are so many articles about who owns this land - it is a complete facade that this will support housing in any real terms.  I am disgusted by these policies and this government.\nI urge you to 1) withdraw all amendments likely to weaken the protection of farmland and natural heritage; and 2) retain and uphold the role of the public, CAs and regional municipalities in environmental planning and decision-making.\n"
    },
    "72404": {
        "url": "/comment/72404",
        "comment": "I am VEHEMENTLY  opposed to any development of any protected green space!\nLook to redevelop other city spaces into low rise units.\nWe need to develop more of a European mindset in creating living spaces.\nIf we destroy these green spaces we are destroying our ecosystem that affords us life.  If we develop these green spaces we will have empty homes galore, for we will not be able to live to enjoy them.  Nature and wildlife need homes too!  Animal habitat homes give way more back to us than our homes do to them!    A watershed can not just be relocated.\nThe government must act with justice and in the best interest for all.  Money influence and financial support by developers to a political party is a mask of bribery!\n"
    },
    "72520": {
        "url": "/comment/72520",
        "comment": "Terribly short sighted.\nThe legacy of any government should be to make decisions that affect the enduring health, prosperity and happiness of their populace.\nThe removal of environmental protections and the building on sensitive areas set aside to manage flood waters, and improve the livability of our region goes against those goals.\nWhile housing affordability is vital, there is 0 indication that using this land specifically will achieve these goals.\nWe have vast swaths of underused commercial land that should be considered developing on first. We have nearly empty towers in the downtown core that could be rezoned. We have thousands of rental units being used as vacation rentals rather than housing.\nPlease reconsider this tepid, and unimaginative proposal.\n"
    },
    "72561": {
        "url": "/comment/72561",
        "comment": "I am writing to express my strong opposition to your proposal to remove 7,400 acres from the Greenbelt (ERO #019-6216 and #019-6217).\nI do not accept your government\u2019s misleading premise that these Greenbelt lands are needed for housing.\nThe amount of greenfield land already designated for development, and added to municipal settlement boundaries, but still sitting unbuilt far exceeds what is needed to meet long range housing targets. As you know, in its 2022 report, Ontario\u2019s Housing Affordability Task Force stated that a shortage of land isn\u2019t the cause of Ontario\u2019s housing problem and that Greenbelts, environmentally sensitive areas and farmland must be protected.\nThe proposed removal of Greenbelt lands sets an alarming precedent, opening the Greenbelt to development at the request of those who stand to reap immense profits while the rest of us pay the tab. Land swaps put the entire Greenbelt at risk. Most of the lands to be removed from the Greenbelt overlap with the Natural Heritage System, which supports sensitive and significant natural features, and is supposed to be managed by your ministry as a connected and integrated natural heritage system.\nThe importance of permanently protecting lands and waters within the Greenbelt cannot be overstated. It is key to building the resilience of local food systems, protecting at-risk habitats and species, and sustaining the physical, social and economic health of the nine million Ontarians living in the Greater Golden Horseshoe. Not only are we facing the interconnected and accelerating crises of climate change and biodiversity loss, we are also losing 319 acres of farmland daily. The protection of natural and hydrological systems and farmland must be prioritized. They are finite, irreplaceable and invaluable for community and ecosystem health and resilience.\nFor the sake of current and future generations, I urge you to abandon your plans to remove 7,400 acres of protected lands from the Greenbelt.\n"
    },
    "72584": {
        "url": "/comment/72584",
        "comment": "As currently written, Bill 23 would be a disaster for Ontario. As the climate crisis worsens, wetlands are essential to stave off expensive floods, and farmland is increasingly valuable - yet this bill would decimate both.\nWe badly need to build more homes quickly - but they need to be built where existing infrastructure exists, increasing density and protecting against sprawl. This bill as currently written would instead commit Ontario to decades more low-density sprawl, which is ultimately less affordable, more ecologically damaging, and less economically viable.\nIt is difficult to understand, and deeply concerning, that this bill seems to avoid useful measures while instead prioritizing short-term pillaging of essential protected lands. Frankly, the legislation as written is irredeemable, and I urge the committee to do all it can to scrap it and start over.\n"
    },
    "72673": {
        "url": "/comment/72673",
        "comment": "Why are we even touching the Greenbelt after Doug Ford promised not to touch it in 2018? I am very concerned over this proposed bill 23.\nWe have plenty of places to build without sprawling onto more of the Greenbelt.\nWe NEEd the Greenbelt to produce food, and to protect communities from flooding etc.\nWhat about biodiversity? the more we sprawl into the Greenbelt, the less room there is for wildlife...and diverse populations.\nLooking into making it easier for tiny homes, granny flats, low rise....sure! Excellent.\nI\u2019ve met a couple of folks who are working poor that can\u2019t believe that this is a solution to their lack of housing. They can\u2019t afford the rent where they are, don\u2019t have cars, have good access to public transit. But to get into a half million dollar townhouse somewhere in NewMarket or whatever doesn\u2019t help them.\nIt\u2019s very nice to add land in...but it should be added to the Greenbelt anyways....without destroying these areas by creating more urban sprawl.\n"
    },
    "72696": {
        "url": "/comment/72696",
        "comment": "I'm a homeowner in the Upper Beaches in Toronto.  I currently have a laneway home being built next door.  What was formerly a beautiful, unobstructed view of a city park is now a giant wall.  But I believe in laneway builds as one of many solutions to assist with the home shortage.  I recognize that density needs to build up, not out.  Bill C23 is not welcomed for a variety of reasons, but most importantly because its ecological impacts are huge.  Please use density in cities more wisely, and don't sprawl across farmland or watersheds.\n"
    },
    "72724": {
        "url": "/comment/72724",
        "comment": "There is ample of land available for development in Ontario. There is zero infrastructure in place to accommodate the population growth, the crime rates are record high, and rather than populating the cities, killing specific limited species that live in these green belts and doing the absolute opposite of climate change\u2026it\u2019s time the Ford government stops thinking about their own benefit and their friends. Why not grow housing outside of GTA and the greenbelt areas? Why not think about the climate crisis that will come by eliminating the greenbelt in a populated city? Why not think about highway 401 that is already so congested? Ford it is time you do something for the city, think about the future, be a leader not a narcissist. #handsoffthegreenbelt\n"
    },
    "72733": {
        "url": "/comment/72733",
        "comment": "Please provide Board-endorsed comments from the Central Lake Ontario Conservation Authority, as attached in the transmittal letter from Chris Jones, MCIP, RPP, Director of Planning and Regulation.\n"
    }
}