{
    "74478": {
        "url": "/comment/74478",
        "comment": "Why is the greenbelt being decimated with no input.  Government is putting bill 23 into law and yet the comments here show there is little support for this and absolutely no guarantee that housing will become more affordable as a consequence of this bill. Meaning there is not accountability for the government to provide more affordable housing.\n"
    },
    "74499": {
        "url": "/comment/74499",
        "comment": "Save our green space!\nThis is so wrong to increase housing this fast\nYes plan but what about environmental issues that have been longstanding, parks, wildlife\nThis is just wrong on soo many levels\nSo how are taxpayers going to actually pay more for taxes to own what they currently have??\nEg paying 5000/ yr now and just make ends meet\nHmm so I sell and move??? No where to move bc property taxes raised everywhere\nOh out of province like every other retiree has been planning on!! So many moved East\nOr West like Alberta or new Brunswick\nWhat a shame! I lived 50 yrs in Ontario and honestly the last 5 have sucked! Increased taxes services healthcare for example already cut  shame on Trudea Ford and parliament\n"
    },
    "74515": {
        "url": "/comment/74515",
        "comment": "As a mother I am advising my kids to leave Ontario, the blatant corruption by Ford is shameful. He's lined his friend's pockets and without question his own. Shame on you Ford ! we now have our own Canadian Trump right here in Ontario.\nThere should be an investigation into the recent purchase of the greenbelt areas by developers that contributed to Ford, ironic that these transactions were recent.... not !\n"
    },
    "74526": {
        "url": "/comment/74526",
        "comment": "We need to do better when it comes to protecting our greenbelt, endangered species and viable farmland. I do realize that more people need to be able to realize their dream of home ownership, however it should be done in a way that prevents urban sprawl and encourages a healthy balance between green space and developed areas. The greenbelt is a sacred area of southern Ontario which has a perfect balance that allows us to grow and produce food for nearly 3/4 of the year, if we chose to develop overtop of it with no concern for the environment around we will be shooting ourselves in the foot and causing issues not only for our generation but for generations to come. I have seen so much development in my short 33 years on this planet and none of it has been smart, well laid out or looked at from a future oriented perspective. The fact that a viable rail line was ripped out that travels through caledon/alton/orangeville in favour of nothing to replace it is sickening. I say this for all of the commuters... PLEASE get some viable train lines so as if this development continues AT LEAST we have alternative options to get in and out of the city that are not just mega highways that contribute to decimation of our beautiful area.\nIs there no concern for preservation of rural zones and development of adequate public transportation?\n"
    },
    "74527": {
        "url": "/comment/74527",
        "comment": "Good afternoon,\nI want to voice my concern about the proposed amendments. These changes will irreversibly destroy green lands and watershed areas, populations of vulnerable animals and plants, and cause damage to our environment.\nWhile I recognize the need for a solution to our housing crisis, destroying valuable green areas is not the way to go.\nThe government can decide that cities build higher and more efficient housing. Also, existing urban areas can be better utilized by building smaller houses; we don't need mansions for all. European cities are more densely populated and prove that it is possible.\nSincerely,\n"
    },
    "74542": {
        "url": "/comment/74542",
        "comment": "I am writing to express my opposition to Bill 23 and associated policy proposals that would weaken environmental protections and undermine public involvement in land use planning and decision-making.\nI am particularly concerned about the:\n1. Removal of my right to appeal on planning matters that affect my community;\n2. Limitations on the power of conservation authorities (CAs) to regulate or prohibit development that negatively impacts wetlands, rivers or streams, to provide expert review of planning applications, and to appeal planning decisions;\n3. Removal of the role of seven regional municipalities (Simcoe, Durham, Halton, Peel, Niagara, Waterloo and York) in planning matters, thereby eliminating coordinated efforts to protect farmland and natural areas, determine optimal locations for development and infrastructure, and efficiently deliver municipal services;\n4. Drastic amendments to the Ontario Wetland Evaluation System, ensuring that very few wetlands in Ontario will be deemed provincially significant and protected from development;\n5. Replacement of the Provincial Policy Statement with a new policy instrument geared to facilitating unchecked development; and\n6. Creation of a natural heritage offsetting policy and \u201cpay to slay\u201d fund that could lead to widespread and extremely risky tradeoffs, where existing natural areas are sacrificed on the faulty premise that they can be recreated or restored elsewhere.\nIn the face of unprecedented and accelerating biodiversity loss and the ever-worsening climate crisis, it is vital that your government do its utmost to protect the farmland, wetlands, forests, rivers and other natural areas that sustain us. As Ontario\u2019s Housing Affordability Task Force explained in its 2022 report, we do not need to sacrifice environmental protection to address the housing crisis. That\u2019s because \u201ca shortage of land isn\u2019t the cause of the problem.\u201d (p.10) There is a vast supply of land already open for development within existing municipal settlement boundaries.\nI urge you to 1) withdraw all amendments likely to weaken the protection of farmland and natural heritage; and 2) retain and uphold the role of the public, CAs and regional municipalities in environmental planning and decision-making.\n"
    },
    "74570": {
        "url": "/comment/74570",
        "comment": "No wonder the people of Ontario have so little faith in our political leaders.\n\u201cI govern through the people, I don\u2019t govern through government. The people have spoken \u2013 we won\u2019t touch the Greenbelt.\u201d\nIn light of this the premier and the government of Ontario proposes to remove 7,400 acres from the greenbelt.\nBased on the way I was raised and the values I hold dear - the premier has broken a promise to the people of Ontario.  He has lied!\n"
    },
    "74574": {
        "url": "/comment/74574",
        "comment": "The Gov. of Ontario knows \u201caffordable\u201d homes will not be built on the Greenbelt. I\u2019m guessing the homes that the developers wish to build will be priced at $2.5 M+, hardly the type of home that is required for our growing population. Destroying green space & farmland, while neutering the CA\u2019s, will bring only harm to the province\u2019s future.\nEvery Conservative MPP should be embarrassed by their actions and their grandchildren will be hanging their heads in shame.\nAll of you know this is wrong. For once, display a backbone rather than clapping like seals.\n"
    },
    "74588": {
        "url": "/comment/74588",
        "comment": "Thanks for ramming this bill through without proper consultation with the sole intention of making more money for your rich developer friends. This government should be ashamed that you are taking away land from future generations who will need to rely on the greenbelt for farming, ecosystems, and wildlife regeneration. Obviously short-term interests prevail to money-seeking Conservatives. This government is a complete sham for democracy and cannot believe that you do not care one bit about the future of this province.\n"
    },
    "74590": {
        "url": "/comment/74590",
        "comment": "Much of this applies to the \u201cMore Homes Built Faster\u201d initiative in general.\nOntario did not invent the concept of a Greenbelt and this government would be wise to learn from those who have gone before.  Chief among those lessons is that this kind of reserve is not to provide a reservoir of development land.  Like Mike Harris giving away the 407, Doug Ford will give away development rights to Greenbelt lands.  The consequences will escalate with time and both men will be reviled for decades to come by the people of Ontario for committing us to bad deals.\nPerhaps our greatest opportunity in Ontario is to shift away from the unrelenting focus on growth in the Golden Horseshoe.  With or without Greenbelts, the province would be much better served if economic opportunity was fostered in other municipalities.  While this government loves to trumpet a vibrant economy, they can only say that by ignoring the vast majority of the province.  Coming from Kingston, it should be obvious to Minister Clark that most cities beyond the Golden Horseshoe have suffered badly in recent decades.  And yet economic policy, transportation policy, infrastructure of any kind, is driven exclusively by a desire to bring more business and more people to the Greater Toronto region.  Why on Earth are companies like Amazon encouraged to build facilities in the region to employ tens of thousands of workers for wages that don\u2019t meet the cost of living.   They set up in Bolton or Georgetown, clogging traffic, yet not even providing transit for those low wage workers.  In London or  Peterborough or Kingston facilities like that would be better for the towns, better for their employees (and better for Amazon if they weren\u2019t so myopic).\nIn case it isn\u2019t obvious, my point is when we debate how to squeeze more people into the Greater Toronto region, we are having the wrong debate.  Your objective as a government, and your most effective strategy to relieve pressure on this region, is to do the job the rest of Ontario is entitled to.  Drive policy, investment and lifestyle opportunities toward municipalities that have the most to gain.\nThe way in which the Ontario Government chooses to engage with the public in its efforts to urbanize the Greenbelt is laced with such cynicism that there hardly seems any point in voicing an opinion.  However, in the hope the sheer numbers might make an impact I will try to add my voice in opposition.\nLet\u2019s start with the label of cynicism:\nIt starts with outright lies during elections that this government would respect the Greenbelt.\nWhich, to be fair, was an obvious lie from the outset, given that the service area for a planned highway 413 would reach deep into Greenbelt lands.\nThe iteration of Greenbelt realignment before us now is clearly skewed to benefit very specific friends of the Ford Government.  It is so bold-faced and blatant one wonders why the rest of the building industry is not raising cries of favouritism.  Of course, that industry knows very well that this is only the first of an ongoing series of similar moves to degrade the Greenbelt.  Everyone will get their share in time.\nAgainst this backdrop of indifference to what the people of Ontario might wish, we are told to submit feedback to the Ministry of Environment.  Clearly that is a branch of the government that has abdicated its obligation, or at a minimum has been excluded from decision making on this issue.\nEven the so-called information provided on the website is designed to deceive.   The maps presented there have almost all the area inside the Greenbelt shaded in grey without a legend to explain.  The insinuation is that all that grey space is already developed.  You know that is false.  I know that is false.  But clearly the intention is to deceive most of your audience.\nThe entire campaign by the Ford Government to attack the Greenbelt is laced with denial of facts, refusal to consider alternatives, papering over mistakes of previous Conservative governments, and ultimately outright lies.  It makes this effort to participate in democratic process feel like a waste of time.\n"
    },
    "74608": {
        "url": "/comment/74608",
        "comment": "Proposed amendments to the Greenbelt Area boundary regulation 019-6217\nI oppose this proposal.  The Greenbelt was established to protect valuable agricultural lands and natural heritage.  This proposal will impact that stated goal and provide huge profits to developers. Internationally, we see climate change impacting the world\u2019s capability to feed itself, this proposal would increase that impact to Ontarians and Canadians as a whole.\nIncluded in the proposal are lands which have been recently acquired by development companies that stand to gain substantial profits if these changes are allowed.  They appear to have close relations with the current government and this raises the question of either advance notice of the proposed changes or corruption of some nature.\nAgain I state that I am opposed to the proposed amendments to the Greenbelt area boundary regulations.\n"
    },
    "74636": {
        "url": "/comment/74636",
        "comment": "have a few concerns regarding the Bill 23 \u201cBuild more homes faster Act\u201d. This Bill has some good elements but it is simply not ready for implementation. I suggest you pause the bill and significantly revise the document prior to implementation. If implemented in this stage there will be significant economic, social, and environmental costs. The following letter will focus on the economic concerns regarding affordable housing, development charges, and possible tax increases required with the bill.\nThe first concern is how \u201caffordable housing\u201d is proposed to be tied to market rates of existing houses rather than income. In Caledon this will increase the price of an affordable house from $600,000 to $1,100,000. That represents an increase of $500,000 just by the passing of a bill, residents are simply not ready for this drastic increase in housing price.\nThe term \u201caffordable housing\u201d, with the revisions to the definition most new development will be able to fall into the proposed exception from development charges. Development charges are intended to pay for public services required by new developments such as road widening, intersection signalization, water main improvements, community centers, fire services, and police services. If development is no longer paying for development these costs will need to be passed onto the existing taxpayer. Preliminary estimations by staff in the City of Brampton estimate that taxes will need to be increased by 80%. In bedroom communities this cost would have to be paid by the existing homeowners, many of which are already struggling to make ends meet with inflation.\nFinally, this bill doesn\u2019t guarantee that costs saved in skipping development charges will be passed onto the end user. It is likely that affordable housing costs will be raised at the expense of existing homeowners, while developers pocket the profits. For greenfield developments and bedroom communities there will be significantly more costs passed onto the existing taxpayer than developed urban areas, disproportionally discriminating against low-income rural communities. As such in its current form I cannot support Bill 23.\nBeyond the ecconomic costs i am extreamley concerned with the lack of public space that will be created by the changes, the lack of protection for endangered species, and the removal of conservation authorities ability to prevent flooding.\n"
    },
    "74648": {
        "url": "/comment/74648",
        "comment": "What are the expected transit modifications or expansions to help with the new developments in former Greenbelt land ?\nWouldn't increased public transit funding with better civic planning around people's transit needs be an easier, more cost-efficient way to deal with the housing shortage, since driving down transit costs would help reduce rental prices, while saving people's time that would otherwise be wasted in traffic ?\n"
    },
    "74652": {
        "url": "/comment/74652",
        "comment": "I strongly feel that by tinkering with the Greenbelt, the current government is showing its primary allegiance to be to real estate developers rather than to the current and future citizens of this province.\nThe best way to handle increased populations is by increasing the density of current cities rather than by spreading out. People working in the cities will only be able to afford to live at a distance and commute thereby increasing our carbon footprint. Those long commutes are dangerous and adversely affect both the mental and physical health of the commuters.\nIncreasing density in urban centres can be done with our resorting to the construction of highways such as the 413 which would diminish the quality of life of those living near it by exposing them to higher levels of pollution as well as cutting into natural ecosystems and wildlife corridors.\n"
    }
}