{
    "74910": {
        "url": "/comment/74910",
        "comment": "It is a grave mistake to change the boundaries of the Greenbelt Act or Oak Ridges Moraine Conservation Plan. We have more than enough land to create the housing we need in the Greater Toronto Area. This approach will only help to degrade protected habitat that houses the birds and animals that help our ecosystem thrive. And for what? Some ugly suburban houses that cost over $600,000? Anyone with a set of eyes and some common sense knows this is about Doug Ford fulfilling his promises to a number of wealthy developers.\n"
    },
    "74932": {
        "url": "/comment/74932",
        "comment": "Hands off the Greenbelt\u2026 no exceptions!\nNYC needs housing but they haven\u2019t put condos on Central Park!\nOntario has a lot of land ,\u2026.it makes no sense to Cram more people into the Golden Horse shoe, when roads can hardly accommodate present traffic, hospitals can\u2019t accommodate the population, and our best farmland are located there and needs to be protected.\n"
    },
    "74933": {
        "url": "/comment/74933",
        "comment": "Sad to see  the Greenbelt being slowly chipped away at.  This was one of Doug Ford's election promises that he would not touch it.  Not very democratic and the fact that developers are waiting with land already bought is suspicious.  More urban sprawl less farmland and less environmental protection seems to be the way things are going.  Heartbreaking.\n"
    },
    "74934": {
        "url": "/comment/74934",
        "comment": "The Greenbelt as it was first established is meant to be protected from development in perpetuity. The Greenbelt was created in 2005 to protect the headwaters of the rivers that flow into Lake Ontario, to preserve valuable farmland, and to connect the forest and wetland ecosystems that run in an arc across the top of the GTA and the Niagara region. Finding land elsewhere does not eliminate the damage done through removal of land from the Greenbelt. The value of the Greenbelt rests in the preservation of its integrity. That is where its value lies for our future, our children\u2019s future and our children\u2019s children\u2019s future.\nOnce this land is removed from the Greenbelt it cannot be brought back.\nThese proposed amendments to the Greenbelt Area boundary dismantle the bold action already taken by the Ontario Government in 2005 to combat climate change and build a healthy future for citizens living in the GTA through the establishment of the Greenbelt as an area to be protected in perpetuity.\nMore creative ways of addressing the housing crisis are needed. We cannot just keep creating urban sprawl and expanded highways. Solutions should support action to combat climate change not erode the progress already made on this front.\nBring creative experts together to formulate a solution to the housing crisis that also protects the environment and our farmland for future generations.\nDon\u2019t ruin our existing precious Greenbelt!!\n"
    },
    "74943": {
        "url": "/comment/74943",
        "comment": "I strongly disagree with the proposed changes to the Greenbelt. The area was designated after widespread environment consultation and consideration. It represents important greenspace and watersheds and it is not appropriate to change this. By \"substituting\" other land, it will affect the environmental integrity of the whole Greenbelt and this proposal is in direct contradiction to election promises made by this current government. There is no mandate to make these changes.\n"
    },
    "74953": {
        "url": "/comment/74953",
        "comment": "1. Your proposal to open small pieces of the Greenbelt fragments the habitat, which is environmentally unsound practice.\n2. It will have no impact on the creation of housing in cities where most people live.\n3. It will increase taxes for nearby landowners ( farmers) because developers no longer have to pay fees to build.\n4. It only serves the developers that got stuck with the land when the Greenbelt was made. It does not serve Ontario\n"
    },
    "74954": {
        "url": "/comment/74954",
        "comment": "This ammendement and Bill 23 are kneejerk reactions to the proposed 1.5 million new immigrants coupled with a severe lack of homes for already established Canadians. building individual homes will increase sprawl, contribute negatively to our carbon footprint, and will cause a lower quality of life for all Canadians who need to commute regularly to and from their jobs.\nWe need more mixed use and mid-rise development. we need jobs in the communities we live, as well as amenities that are walkable and sustainable. We are too car centric and building individual homes will increase this car centric society when we need to find ways to improve denser living, closer jobs, and higher quality of life for all Canadians in order to have a thriving economy.\n"
    },
    "74974": {
        "url": "/comment/74974",
        "comment": "This Bill must not pass. It favours the wrong kind of development. I see land all around me that could be put to better use. Homeowners on suburban plots can be part of densification that communities need economically while supporting construction, good jobs and building healthy local economies.\nThis Bill impedes the building of resiliency we actually need. We need collaboration between municipalities, conservation authorities, planners and development. This bill only suits developers at all costs. It\u2019s wrong.\nI voted for this government with the promise the Greenbelt would not be touched. You\u2019ll never get my vote again and I\u2019ll be taking my business and my young family out of Ontario.\nGreat job ruining the province. The workforce of young people, and the small number of them are leaving faster than ever.\nAnd this government is to blame. Shame.\n"
    },
    "74979": {
        "url": "/comment/74979",
        "comment": "Will the changes to the Greenbelt area really provide affordable housing?  How many units will  be affordable housing and will it only be the developers profiting from not paying development charges.   Will there be restrictions on what developers charge and what savings are passed on to the average home owner.   What defines affordable housing.\nDevelopment charges are determined by strict guidelines on what a municipality requires for infrastructure and services.   By shifting the burden to the taxpayer you will be forcing people who do have homes out of them as they can no longer afford the taxes.  This additional tax burden is in addition to the increasing costs of living, home ownership and interest rates.\nWe had to sell our home as we could no longer afford the high realty taxes.\nExisting infrastructure such as roads etc. should be examined - can they support the development?  This needs to be addressed first.\nGetting a family doctor is impossible, hospitals are beyond capacity and there is no where for our seniors to live or to be cared for.   Again, this needs to be addressed first for existing residents prior to allowing more immigration.\nSad thing is, you ask for comments, but it is probably already a done deal.   Please, please think of the services these new homes will require.\n"
    },
    "75020": {
        "url": "/comment/75020",
        "comment": "Hello, I want to know protections and safeguards will be in place to ensure that the housing being built will actually be accessible and affordable for those who have been left out of home ownership. Your email states: \"The proposals, if passed, would help cities, towns and rural communities grow with a mix of ownership and rental housing types that meet the needs of all Ontarians \u2013 from single family homes to townhomes and mid-rise apartments.\u00a0Our plan will build\u00a0more homes\u00a0near transit, unlock innovative approaches to design and construction, and get shovels in the ground faster.\u00a0We have also introduced strengthened consumer protection measures for homebuyers and will use provincial lands to build more attainable homes so\u00a0that more Ontarians can realize their dream of home ownership.\"\nWhat are the concrete actions that will be put in place to realize attainable ownership? How will you guarantee that the housing being built will support first-time buyers rather than inflate the market of secondary / temporary residences? Without addressing rental market inflation and property as investment, housing costs continue to make quality of life unattainable. Particularly as minimum wage and yearly salary raises are not keeping up with inflation and costs of living for the majority of people. If you're guaranteeing mixed dwelling, what are you doing to ensure that rental and buying rates remain accessible to ensure quality of life for people who have been left out of home ownership?\nHousing needs to house people who don't have a home. Stop building homes as investment properties -- this does a disservice to the land and ecosystems that are unsettled in the process of housing people. If you do nothing to safeguard new homes being bought for resale or rental, the people who you could have made a difference in the lives of will continue to be marginalized.  This is an opportunity for more people to flourish and thrive.\n"
    },
    "75032": {
        "url": "/comment/75032",
        "comment": "The More Hones, Built Faster Act intends to expand land resources for housing development into the long protected \u201cGreenbelt\u201d surrounding the GTA.  This need for more land is not borne out by reality.  All municipalities within the GTA have vacant land zoned for housing, often with secondary plans in place and infrastructure available.  Yet the developers have held off building on these lands  in hopes that inflation, greater demand and lower interest rates will increase their profitability.  In Port Hope, for instance, we have had over 100 acres of land zoned for residential development since 1998, yet it has not been built upon in over 20 years.  Land freed up by expanding into the Greenbelt is not needed.\nNew development requires infrastructure such as roads, sewers, water, transit and other community services.  Meanwhile, there are huge areas of our municipalities already serviced.  Large parking lots, one-storey malls and under utilized industrial lands, all areas where community infrastructure is already in place, could be used for housing.  Abandoned industrial sites and buildings can be redeveloped into residences rather than be demolished.  This is also a sound green strategy since \u201cthe greenest building is the one that is already built.\u201d  Financial incentives, such as grants for.clean-up costs or re-development incentives could make these properties into valuable community assets rather than eyesores.\nIn short, there seems to be no justification for opening up protected Greenbelt areas when there is already an abundance of readily buildable land within our communities.\n"
    },
    "75131": {
        "url": "/comment/75131",
        "comment": "The provincial Government needs to encourage the construction of\nmore affordable homes and rental units in the province;\nhowever\nIt is vital for our future that it does so in an environmentally sustainable way\nnot only in terms of construction methods but very importantly in terms of where\nthese units are built.. More urban sprawl is not necessary.\nBy allowing the sprawl of the GTA and GGH in the 15 areas currently under\nconsideration, it would appear there is a fundamental lack of understanding\nby the government about the role of the Greenbelt.\nThe Greenbelt serves as a carbon sink for the urban areas around Lake Ontario.\nIt helps to mitigate the poor air quality generated by these already large urban areas.\nIt helps to provide clean water as well as control run-off and flooding.\nIt offers a cooling effect to the increasingly high temperatures brought on my climate\nchange.\nIt provides habitat for a wide variety of plant, animal and insect species all of which\nare essential to preserving a healthy productive environment upon which we people\nrely.\nThe plan suggests adding one large chunk of approx. 9400 acres to  the northwest in Wellington\nCounty to make up for the loss of the 15 areas. There are at least two problems with this.\n1. The Greenbelt cannot effectively deal with the environmental problems of an urban area\nthat keeps increasing in size.  Moving the greenbelt further out while allowing more urban\ndevelopment does solve these problems, It only worsens them.\n2. Replacing 15 areas of a diverse nature with one unit of largely uniform terrain is not\nan effective trade-off. This area will not replace the loss of wetlands, and varied habitats\nIn the 15 areas designated for destruction.\nThe plan might be better framed if it used the on-the-ground knowledge and expertise of\n municipalities around and within the greenbelt.\n"
    },
    "75133": {
        "url": "/comment/75133",
        "comment": "I strongly disagree with the proposed amendments to the Greenbelt Area boundary regulation. The Greenbelt is intended to be permanently protected land. If we start chipping away at it, it will open the door for future reductions to this important space. The Greenbelt is environmentally significant to everyone living in Southern Ontario and personally very significant to me. The proposed development should occur elsewhere.\n"
    },
    "75139": {
        "url": "/comment/75139",
        "comment": "There are obviously monetary reasons for developers to target beautiful natural spaces to build one family dwellings with lawns and driveways and roads, services, and the usual use of chemicals involved in suburban housing. Planting invasive species destroy habitats near developments.\nThere are species of warblers and thrushes that are extinct and extirpated in this area due in part to habitat loss. These species cannot live without natural areas with indigenous plants and insects and waterways.\nIt is only possible to determine@for sure\u201d that this has happened when it is too late to save species.\nIt isn\u2019t development, it is destruction.\n"
    },
    "75155": {
        "url": "/comment/75155",
        "comment": "I feel that it is vitally important to protect Ontario's greenbelt as it currently exists for the well-being and enjoyment of this and future generations.  Greenbelt lands should not be used for housing or other developments.  There is plenty of land available outside the Greenbelt to support these developments.\nThank you.\n"
    }
}