{
    "67893": {
        "url": "/comment/67893",
        "comment": "I am against this proposal.\nPlease do not take away our Green Belt land. We have very little left and it's so ecologically important for our communities.\nI have lived near in the country for 10 years. I have watched countless families be expropriated from their homes to put up subdivisions, and the Green Belt is the only nature we have left around us. All the upheaval of farmland and forests has ruined the watershed and water table for people's wells and septic systems. Small, peaceful country communities are now riddled with crime and violence. The people who live in the country near these Green Belt sites, live there for a reason. They spent their hard earned money on a home that promised them Green Belt land near it that was never to be disturbed.\nNot to mention the horrific impact it has on the wildlife in these areas. From small to big, animals are being pushed out of their homes where they thrive and being forced to cross highways to find new land or try to coexist in these subdivisions. This leads to many issues, including species like coyotes and wolves being prevalent and attacking people in these newly built areas. Where else are they to go if we take away their home?\nPlease reconsider this action. Green Belt space is there for a reason. Please do not disturb it.\n"
    },
    "67897": {
        "url": "/comment/67897",
        "comment": "I am greatly concerned about the environmental impacts of this proposal.  Not only the destruction of green space but the greater environmental impact of encouraging urban sprawl. This proposal is shortsighted and does not consider the longer term ecological, economic, environmental and health impacts to ontarians for generations to come.\n"
    },
    "67921": {
        "url": "/comment/67921",
        "comment": "Mr. Ford,\nI believe this proposal will definitely & irreparably destroy the biosphere of the green belt. If you truly believe of keeping Ontario beautiful for future generations, don\u2019t do it for yourself and your image. Do it for the people of this province that you claim to be on the side of. We cannot go on like this for any longer, there will be nothing left to protect Ontario from natural disasters. Do reconsider.\n"
    },
    "67923": {
        "url": "/comment/67923",
        "comment": "Hello,\nI would like to start by saying I do not support this amendment. Please remember that in 2020 the highest percentage of green house gas emissions was from gas and oil, buildings, and transportation. There is a Paris Agreement (2015) in place to protect our land and to stop climate change. Canada is one of many countries that has agreed to this change! By amending the Greenbelt boundary regulation, this government is actively choosing to ignore this global issue. Yes, housing is another big issue in Ontario. However, it takes more than just \"building homes for Ontarians\". This is proposal is a mere Band-Aid to the bigger problem. The housing crisis should be fixed in areas like the downtown core, where shelters are full and homeless people have no where to go this winter. There are empty buildings and hotels that can be used to help these people. Why build more houses where people cannot access them easily? Homeless people, more times than not, do not have proper identification because they have been homeless for so long. How will they be able to apply for the housing that is going to be built? There needs to be leadership in focusing on the intersectionality of climate change, homelessness, poverty, marginalization, etc. Thank you for taking the time to read this comment. Please. No more building, let's work with what we have. We live in excess. Show that this government truly cares about its people. Protect us.\n"
    },
    "67926": {
        "url": "/comment/67926",
        "comment": "The proposal to develop parts of the greenbelt is both a travesty and a tragedy.\nDoug Ford promised Ontarian's that he would NOT allow the development of the greenbelt, and this act is in direct conflict with his promise.  Ontario's greenbelt is sacred and our government should be actively working to protect it - not destroy it.\nI am dismayed that this proposal has even come to light.  Our government needs to be focusing on improving the quality of life for Ontarian's by incorporating progressive and informed urban plans that are environmentally sensitive.\nThis proposal must not be allowed to pass.  It is quite simply wrong as it threatens the well-being of both the environment and those who inhabit the area by depriving them of their protected green-space.\n"
    },
    "67927": {
        "url": "/comment/67927",
        "comment": "This is TOTALLY UNACCEPTABLE.  These lands need to be protected and I fact should have been protected years ago to a greater degree.  Urban sprawl will nit work if one does nit have food to feed its population.  And does incompetent Ford ever stop to think, what if other countries stopped sending food to our country so they could feed their own first. I yet to know a human being that can live in Rick, stone and sand, but possibly that is the new Ford diet.  Maybe he and his cronie developers could try a meal feasting on this.\nProtect the green belt at all costs.  Urban sprawl is not the answer.  Build up in Toronto, make sure the new builds can handle severe storms, as without the green belt to protect from these storms, new housing will not matter if it sinks to the bottom of a swamp or bog. Buildings also should not be multi mansions on 1/4 acre properties.  But as we all know the developers of Ontario are just greedy so and sos.\n"
    },
    "67931": {
        "url": "/comment/67931",
        "comment": "This has to be the WORST idea I have ever seen put forward by the Ford government.  I hope this never goes through.  Instead of addressing housing affordability you are going to rip out and destroy our free land and various ecosystems buy demolishing and building properties no one can afford anyways?  This whole government should be ashamed of themselves for even thinking about this.  DO NOT DESTROY OUR NATURAL HABITATS TO AVOID DOING YOUR ACTUAL JOBS OF TAKING CARE OF HOUSING AFFORDABILITY.  HOUSING IS AVAILABLE, JUST UNACHIEVABLE IN TODAYS MARKET.  DO NOT KILL OFF OUR LANDSCAPES BECAUSE YOU'RE TOO LAZY TO SOLVE THE REAL ISSUE.\n"
    },
    "67932": {
        "url": "/comment/67932",
        "comment": "As a local Durham region resident, parent and human being, I\u2019m extremely disappointed in the short sightedness of this plan. The protection in these lands is suppose to be just that PROTECTED. Yes we have a housing crisis, yes we have to find suitable housing for low income families, but we need to be looking at existing/under-used space already developed, such as under occupied building downtown Toronto - property owners are looking for ways to boost their ESG - tap into existing plans and let\u2019s partner with corporate organizations. Strategically it\u2019s a better call for the govt, Ford, who wants to be the face of bringing opportunity to Ontario. I didn\u2019t vote for this party, and will do everything I can to share my opinion on this plan, but ALL residents, regardless of political affiliation, needs to stop and pause on what this means for our children, as stewards of this land.\n"
    },
    "67939": {
        "url": "/comment/67939",
        "comment": "This decision overrides a November 2021 vote by Hamiltonian politicians to retain the urban boundaries and not destroy Ontario Greenbelt lands in favour of developer profit. 90 per cent of Hamiltonians favoured holding the boundary and keeping the Greenbelt safe. I am disgusted that this government would make this irresponsible move to allow development of the protected, environmentally sensitive Greenbelt during a global climate crisis on the heels of their decision to remove environmental authority input and oversight in land use and development. Doug Ford made a promise to the people of Ontario 2018 to not develop the Green belt, he needs to be accountable to the people of Ontario!\n"
    },
    "67962": {
        "url": "/comment/67962",
        "comment": "I strongly oppose the proposed amendments to the greenbelt area boundary regulation! We as Ontarians need to prioritize care of our green spaces, we do not need to further diminish it in the name of development! This puts the wildlife of Ontario in danger, and would increase the urban sprawl problem we're already sick of.\n"
    },
    "67977": {
        "url": "/comment/67977",
        "comment": "Opening the Greenbelt to developers will be disastrous for the environment and unhelpful to our current housing situation. What we need is high-density, affordable housing for Ontarians - not opening up protected land for unaffordable mansions. This move will only result in making Doug's rich developer friends richer. It is a blatantly harmful and greedy move that benefits no one but the wealthy, to the detriment of the environment and the majority of Ontarians who are struggling to find places to live.\n"
    },
    "67995": {
        "url": "/comment/67995",
        "comment": "Please save the Greenbelt! This area must be saved for Ontario\u2019s wildlife and nature. We are in a climate crisis and destroying this land for future development is going to only make matters worse. There are a multitude of reasons why we should not develop on the greenbelt. This affects future generations and this is something we cannot undo.\n"
    },
    "67996": {
        "url": "/comment/67996",
        "comment": "We need the greenbelt for future generations to have clean air and green spaces to explore! We also cannot keep destroying and paving over these conservation areas. We can never undo the damage. We dont need another highway when the 407 can be used by transport trucks to help alleviate the traffic on the 400 series highways throughout the GTA.\n"
    },
    "68001": {
        "url": "/comment/68001",
        "comment": "I strongly oppose carving up the Greenbelt for use by developers. The proposed swap trading farmland for already-protected areas along rivers is not tenable. The suggestion that these already-protected areas along rivers and streams could be a substitute for valuable farmland is ludicrous. When the Ontario Federation of Agriculture President warns us that these actions will be irreversible, we need to take heed and not jeopardize our farmland and these ecosystems in our province. Additionally, the province just approved 14,000 hectares of land for development outside of the Greenbelt in the GTA and Hamilton area. Yes, our province needs more homes, but this can be accomplished in a less reckless manner and by building smarter in non-Greenbelt areas. It's time for Premier Ford to live up to his commitment that \"we won't touch the Greenbelt\".\n"
    },
    "68009": {
        "url": "/comment/68009",
        "comment": "The Greenbelt is there to protect wildlife, human life, and nature overall. It's to protect from floods and other natural disasters. It's also beautiful. It is not to be built on. Haven't settlers taken enough away from this land already? Besides, Doug Ford already promised not to destroy the Greenbelt. We should be held to our promises. Let's stop destroying nature for the sake of businesses that will just cause more pollution. Build homes in cities near public transit, not so far away from things that low-income families can't even afford to live there.\n"
    },
    "68024": {
        "url": "/comment/68024",
        "comment": "I strongly oppose the proposed amendments to the greenbelt area boundary regulation. We as Ontarians need to prioritize care of our greenspace, we do not need to further diminish it in the name of development. How can we say our government is For The People when they are willing to destroy our environment in pursuit of ill-gained profits? Our children have been through some of the worst events of their lives in such a short period of time, and now in addition to increased illnesses and diseases they are having their futures and their home snatched away. All for a small handful of already rich developers to get more money.\nWhat good does a highway and more buildings bring when a majority of buildings in the GTA are already standing empty? When the citizens who actually live here can't afford to even rent a small apartment? This shortsightedness will be disastrous for all and isn't necessary for Ontario to thrive. There are countless solutions that have been proposed time and again that would benefit the majority, but they seem to have fallen on deaf ears more concerned with numbers than lives. Knowing this is being pushed during a time when the average citizen is stretched thin with how the world has developed these past few years, so they are too distracted or burnt out to get a say, is repulsive. How can I have pride in a province that prioritizes profit over people?\nRight now all I feel is shame and horror. That those in power look at our province and see not the beauty of our landscapes and communities, but instead only see dollar signs. What hope do we have for the future of our province if those who live in it don't matter in decision making? If they are not informed, not supported, not acknowledged.\nThe Greenbelt is a staple of Ontario, and is so important to all who live here, and all who choose to live here. Please do not destroy such a prominent piece of our province. Please think of the future of our citizens and our planet. Please see the beauty.\n"
    },
    "68029": {
        "url": "/comment/68029",
        "comment": "There is a reason the Green Belt was established and protected. Taking away or amending the protections is failing the environment. We are in a climate emergency, the next generations of our children and grandchildren will be inheriting whatever we leave for them. It is incredibly short sighted to do generations of damage just to build a few homes. There is viable space in already built up areas. Use that space. The cost of building on already fragile ecosystems far outweighs the benefits, both environmentally and monetarily.\n"
    }
}