{
    "78099": {
        "url": "/comment/78099",
        "comment": "There is zero need to develop and build on the Greenbelt. It is all political smoke and mirror to benefit wealthy developers.\nThe housing affordability crisis and the housing supply crisis will not be solved, nor benefit from the Greenbelt amendments. In fact, the Housing Commission has found that there is enough available land within current urban boundaries for the 1.5 million houses we need.\nThere is no need to remove ANY land from the Greenbelt.\nPremier FORD - keep your promise: hands off the Greenbelt.\n"
    },
    "78117": {
        "url": "/comment/78117",
        "comment": "Premier Ford promised not to touch the greenbelt & we demand he be held accountable to that! It is unacceptable to take land away from the greenbelt & I speak not only for myself but my two young children who at the ages of 3 & 4 know that once precious land is carved up it is gone forever. This land grab benefits developers not those in need of housing.  Anyone with a modicum of intelligence knows that what is needed for those struggling is affordable housing which carving up the greenbelt will not solve. Shame on every greed politicians whose pockets are clearly being lined by these egregious move.\n"
    },
    "78121": {
        "url": "/comment/78121",
        "comment": "Doug ford and his conservative govt promised not to develop the greenbelt.  This bill 23 is a direct and extreme breech of public trust in our govt.  In addition, it is an obvious power and money grab by private interests, with many of the ford family developer friends having gotten in early and bought up huge swaths of land just before his announcement to developer the green belt.   This is extreme and egregious corruption and it should not be tolerated.\n"
    },
    "78131": {
        "url": "/comment/78131",
        "comment": "Doug Ford PROMISED the people that he wouldn't touch the Greenbelt. Apparently he promised developers something different. This is unacceptable. Politicians need to be held to their promises. The fact that developers have been purchasing this land on spec indicates that they were aware of intentions to develop the land. Such corruption should be investigated, not allowed to proceed.\nWhat's more, the housing commission has stated that current urban boundaries contain enough land for needed housing 88,000 acres. There is literally no need to remove land from the green belt. The only beneficiary will be the developers who stand to make huge profits. We cannot afford to sacrifice our irreplaceable green spaces for corporate or personal profit. The ONLY changes that should be made to the green belt are EXPANSION.\nCOVID19 and relates shipping issues have identified issues with relying on foreign production including agriculture. Food shortages can be alleviated by growing more food here, in Ontario.\nThe \"green\" in green belt wasn't meant to refer to money!\n"
    },
    "78137": {
        "url": "/comment/78137",
        "comment": "Please see attached correspondence and attachments for:\n10666 Hwy. 48, Markham, ON.\n1815407 Ontario Limited\n1786522 Ontario Limited\nK. Zaravinos-Tsiolis\nThe submission requests partial exclusion of the subject lands from the Greenbelt Plan.  For clarification or further information regarding this submission please contact:\nKevin Bechard\nIPS Consulting Inc.\n416 459-5537\nkbechard@ipsconsultinginc.com\n"
    },
    "78141": {
        "url": "/comment/78141",
        "comment": "I absolutely do not support development in the Greenbelt. We must create further intensification of the urban centres we already have to lessen people\u2019s reliance of cars and to fully commit to climate action. This will also ensure that we have multiple thriving  economic hub cities that people can live and work in. I do not support the Ford Governments completely transparent cronyism and disregard for our planet or our society as a whole. Look at what he did in Hamilton - the city voted to further intensify its existing boundary and he \u2018orders\u2019 them to expand the boundary even though the residents do not support and nor does responsible planning or climate action studies. This is a completely disingenuous plan at best, and contributing immensely to the climate crises that WE MUST FACE HEAD ON, NOW.\n"
    },
    "78146": {
        "url": "/comment/78146",
        "comment": "The greenbelt is protected for a reason and needs to remain that way. We are already experiencing a ridiculous climate crisis and any change to the greenbelt will only make it worse. The transparent greed and selfishness on display with this proposal is astounding. Instead of demolishing new land, there needs to be a focus on multizone designations and new approaches to multi-unit housing in existing areas.\n"
    },
    "78153": {
        "url": "/comment/78153",
        "comment": "Please do not remove any lands from the Greenbelt! Those lands provide clean air, water, and space for our grandchildren to benefit from.\nPremier Ford made a promise to not touch the Greenbelt, and it looks very suspicious that now he is planning to remove lands that developers have bought just in time for the new Housing Act.  There is still plenty of land for housing without touching the Greenbelt.\nMany people will remember this at the next election.\nI am firmly against any removal of land from the Greenbelt.\n"
    },
    "78157": {
        "url": "/comment/78157",
        "comment": "Canada is known for its green space and forests. The Indigenous people were here first and we need to honour the land for what it gives us, not take from it.\nAlso, our children and future generations need to have something to have. We don\u2019t want more houses, cities and concrete. That is not Canada.\nStop taking our green space!!\n"
    },
    "78178": {
        "url": "/comment/78178",
        "comment": "Doug Ford promised not to open up the Greenbelt Area to development. And now we see that was not the truth and rich developers are set to profit.  The housing planned to be built in the green belt will barely tackle the housing needs and will not meet the needs who are on ODSP or who even make a modest income.  Food supply is in precarious position worldwide as we have seen from climate change affecting places like California and now with war in Ukraine.  Instead of paving over precious fertile farmland, it should be preserved for future generations.  There is plenty of land wothin in cities to find creative housing solutions.   My children should be able to know that those currently in power are keeping them and their futures in mind.\n"
    },
    "78179": {
        "url": "/comment/78179",
        "comment": "If Ontario is projected to grow in population this much, would it not be wise to save what little we have left of good agricultural land? Should we not be protecting the green belt for the future of these people who will be in Ontario? There is not a crisis of places to live, but a crisis of who is able to afford to live anywhere.\n"
    },
    "78207": {
        "url": "/comment/78207",
        "comment": "I do not support the proposed amendments to the Greenbelt area regulation as the government has made easily accessible to the public the process of selection and the selection criteria used to identify the proposed areas of the greenbelt and other protected areas that will be removed from their protected status for future development. What can be inferred from the areas selected and the information provided on the government website, these areas were selected based on their proximity to already developed areas and infrastructures. There seems to be no consideration of the environmental and social-cultural values of these sections of land to local communities. From the maps provided, it is unclear as to what types of lands have been selected and whether these lands are suitable for agricultural purposes or provide significant ecological services to those (human and non-human) that use them. It is also unclear whether these lands contain significant habitats for species protected in under the Species at Risk Act or contain significant stopping places for migratory birds - many of which are protected under the federal Migratory Birds Convention Act. Furthermore, there appears to have been no publicly available analysis is of why the area that will be added to the Greenbelt is sufficient enough to offset any future impacts from the development of the areas that will be removed from the Greenbelt. Is the area that will be added of equal or significantly greater ecological, social, economic, cultural, and environmental value that all of the areas that will be taken away from the Greenbelt? Or is it merely the same surface area? Answers to these questions should be readily accessible to the public.\nTo the knowledge of the public, the government has not conducted sufficient or any analysis of the environmental impacts of removing the proposed areas from the Greenbelt and other protected areas on both a local and regional scale. Moreover, there has been no indication of a potential regional or local environmental impact assessment of the development of the proposed areas into residential/urban environments. Most, if not all of the proposed areas occupy the head waters of the many watershed that feed into Lake Ontario. Future development of these areas can result in a decrease in water quality and have impacts of drinking water resources as well as impacts on aquatic ecosystems.\nLastly the proposed amendments set a dangerous legal precedent for the further reduction of the Greenbelt and other protected areas. These areas should remain protected as they have significant environmental, ecological, and social-cultural benefits. While the need for more affordable housing is entirely valid and timely, this need cannot be used as a means of pushing through changes to legislations and regulations to avoid accountability for proper decision making processes. The hyper-focus on economic and social benefits and the willful ignorance of environmental and long-term costs is a constant flaw in decision-making processes at all level of governments and it is disappointing to see it continued by the current provincial government.\n"
    },
    "78217": {
        "url": "/comment/78217",
        "comment": "The proposed removal of thousands of acres from the Greenbelt under the guise of building more homes is a completely questionable act. It favors the special interests of a few large developers, seemingly who have political ties to the Premier. The argument that this move will provide significant housing is not supported by the government's own numbers, and will have significant financial impacts to municipalities and significant environmental impacts to nature and residents long term.\nThe proposed change would have a minimal impact on the housing need, not only numerically but because the built form - most likely large single-family detached and semi detached houses, provide a minimum of additional units at a maximum cost. This cost is not only reflected in the construction cost of each dwelling, due to the high square footage, but also due to the higher construction cost of services at the periphery of service areas. This cost is borne by fewer people, as more service infrastructure is needed per capita in suburban neighbourhoods. Additionally, this infrastructure will be more expensive to replace at the end of its lifecycle. This will further burden municipalities that already have some of the highest property taxes. The additional changes to development charges proposed in Bill 23 are an additional blow.\nFor this proposed change to take place, it's already been reported that this could have specific impacts on wetlands and watersheds. Further, removal of any forested areas would have additional hydrogeological impacts. Aside from the environmental impacts, there's a real material impact to residents within the watershed areas. How does the province propose to handle liability for increases flooding risk? Will houses built even be insurable long term? If the lands in question themselves aren't prone to flooding, how assured can residents downstream be that there won't be risks of flooding or other issues? These questions reinforce the reality that this proposed change is not necessary.\nThe recommendations this year from the Province's own housing taskforce provided suggestions, including to greatly increase as of right dwelling numbers in areas that already have development. Rather than opening up unbuilt land which is environmentally sensitive and provides substantial valuable agricultural and environmental services, the province should instead seek to encourage intensification on already built lands, and diversification of building typologies to provide a greater range of housing options than just expensive suburban sprawl.\nThis will both more efficiently use already built services and infrastructure, but will help to create more vibrant, diverse and liveable communities that mitigate the risk and impacts to the environment.  Further, it will help to create more financially viable communities for the long term, rather than a short term fix (that's not actually even a fix) that will leave municipalities holding the bag for decades to come.\nThe need to address the housing crisis and the need to mitigate the environmental impacts of sprawl, climate change, etc. are not zero sum. Rather, many well informed professionals from across the development industry have proposed a range of options for years that would balance these needs. It's absurd to believe this favouring of one solution which benefits specific developers is a better solution than a comprehensive menu of options that balances the need for housing with the need for a healthy environment for people to live in.\nMy comments within are largely influenced by the work of Charles Marohn and the Strong Towns approach. Rather than continuing with a \"Growth Ponzi Scheme\" which creates sprawl, damages the environment, and saddles municipalities with financial burdens and depressing environments, we should instead be building incrementally, intensively and efficiently. This will create beautiful, vibrant, environmentally sustainable and beautiful places which reflect the people who live there.\nThe Greenbelt lands should be protected for generations to come, and the people of the province should be granted the respect not to be sadfled by the Provincial representatives bad planning and short-sighted drive towards profit and corporate cronyism.\n"
    }
}