{
    "67685": {
        "url": "/comment/67685",
        "comment": "The time frame for construction of homes  to commence no later than 2025 was set by people who obviously have no experience in land development and the respective approval process, unless the land owners are already sitting on subdivision plans and have various studies done and even then 2025 is not achievable.\nConstraints include but not limited to the following:\n- are the lands close to existing waters and sewers to tie in or upgrades/oversizing;\n- securing the lands and developing a plan of subdivision;\n- hire various professionals - engineer, surveyor, landscape architect (given that the tree huggers have so much power now that this is a requirement now) etc.\n- conducting various studies eg. Archaelogical which cannot be done in the winter and could give into various stages depending on what is found on site and obtaining clearance from Ministry of Culture, traffic, heritage studies,  hydrogeological and environment site assessment\n- develop a plan of subdivision, rezoning and by-law amendment\n- get and deal with  comments from various agencies after municipality circulates to them including local conservation authority\n- make applications to the ministry of the environment for storm sewers, water and storm water management ponds which takes months ( given how quickly government employees work when they are not sick or on vacation and now working 50% of time working from home and this applies to employees at the municipality\n- set up neighbourhood meetings and deal with their concerns\n- wait for municipal council to hear at their next council meeting\n- plan of subdivision to be approved by local conservation, respective native council, local conservation authority\n- work with utility providers - water, electricity, enbridge gas, cable, telephone, Canada post, etc.\n- site preparation ie earthworks and grading of the site\n- install underground services which cannot be done in the winter and must be done before the temperature is below zero  and asphalt plants close.\n- all the money required for every item including municipal charges for engineering and various other soft costs, development charges for water, hydro one fees, posting various Letters of credit which requires various financing facilities with a bank, the various bank fees for this in addition to the high interest\n- sell the lots to a builder who then has to have a buyer and also get financing,\n- the builder and developer does not know what work will cost and availability of materials.\nThe liberal government caused this problem setting the Greenbelt  and causing high prices.\nWe didn\u2019t need the green belt because land not near to infrastructure is basically undevelopable, there are local conservation authorities governing the lands and protect wetlands.\nThe density the liberals proposed didn\u2019t make condos cheaper as land near subway stations or on main roads were bidded up which raised the prices of nearby homes (and then the foreigners bidder it up) or help with climate change because it just caused gridlock across every major street in the GTA and every condo build on a block of 5 houses ended up with hundreds of parking spacesfrom 1 condo building.  Imagine how many more cars are added to the areas where condos are built.\n"
    },
    "67690": {
        "url": "/comment/67690",
        "comment": "If I'm not mistaken, I believe Premier Ford swore during his campaign that he would leave the Greenbelt alone, did he not? Did he not say that he would maintain the protections and conservation of the Greenbelt? It seems to be that this is a rather underhanded attempt to go against his pledge of the people of Ontario who voted for him and to slip it under the radar while everyone is concerned with issues of education, healthcare, and wages, all of his Premier Ford has continued to do nothing about and if anything seems to only be doing his hardest to exasperate.\nI would highly suggest that Premier Ford stop placing the backroom deals made to his wealthy friends in business and development over the needs of Ontarians and the promises that he himself made because, even though he might believe that the people of Ontario are stupid and gullible, we are not. We see what he is attempting to do, we will remember what he is doing, and we will do everything in our power to make sure that everyone else knows and remembers exactly what he is doing and which promises he is keeping, which he is breaking, and to whom those promises were made. Premier Ford might believe that his position of Premier is unshakeable and that it is owed to him, but it is not and, if he does not start actually working in the best interests of the people who elected him instead of his wealthy friends and cronies, then he is settling himself up not just for a very, very rude awaken and a very, very hard fall from grace, but also probably actual criminal charges for everything he has done to undermine the Ontarian economy, our standard of living, and for all the numerous rules, bylaws, and regulations he has used his Premiership to overstep and ignore.\n"
    },
    "67693": {
        "url": "/comment/67693",
        "comment": "This is ridiculous. The Greenbelt is an important area for wildlife and should be protected. The Ford govt is corrupt, and the only ones who will benefit from this will be rich developers and landlords. The idea of affordable housing in Ontario is a joke. Houses and complexes with no one living in them because of corporate greed. Maybe instead of tearing down our natural areas, prevent landlords from owning property. The people of Ontario deserve better.\n"
    },
    "67699": {
        "url": "/comment/67699",
        "comment": "Please stop destroying the future of our province. As a parent of young kids, I want me kids to feel safe and by destroying part of the greenbelt, you are making it unsafe for so many people with increase flood risks, global warming, etc. please send it your energy into making affordable housing in the empty condos and office buildings in Toronto and other cities. We don\u2019t need more mansions, we need more housing that people can afford, and a safe place for our children to grow up in. Put the focus On hybrid vehicles, and pubic transportation.\n"
    },
    "67718": {
        "url": "/comment/67718",
        "comment": "Mr Premier, Building on the green belt is not the answer. There are office buildings empty that could be apartments for many people. The green belt needs to be protected at all cost. Listen to  professionals like environmentalists, conservationists. Builders will build where ever, it\u2019s about \ud83d\udcb0not housing. You are a smart man you work for the people listen to them all of them. Sincerely Niki \u2705\n"
    },
    "67732": {
        "url": "/comment/67732",
        "comment": "Affordable housing does not depend on uprooting protected habitat zones for housing. It requires proper regulations on the housing market so that housing prices reflec local income. Don't use afforable housing as an excuse to uproot the greenbelt. It's there for a reason and necessary especially in the face of climate induced extreme weather.\n"
    },
    "67737": {
        "url": "/comment/67737",
        "comment": "I don't think this proposal is the way to go.  The Greenbelt is not only protected land, but deeply prone to flooding.  As someone who lives in an area that floods regularly, causing thousands of dollars in damages to basements and homes, building on the Greenbelt is just not a sound idea.  We need high density housing which can be re-purposed from abandoned buildings in the city, and for far less trouble and money as well.\nAnd in a time of climate crisis, I deeply disagree with the destruction of yet more environments to create space that we simply do not need.  It's too much time, money, and destruction for homes that will sink and flood within mere years of being built.\n"
    },
    "67738": {
        "url": "/comment/67738",
        "comment": "The Greenbelt protects a wide variety of wildlife and wetlands, and to build over top of that would be bad. There are thousands of empty houses and office buildings that can be repurposed to low-income housing, I don't see why this proposal would be beneficial. And will the buildings built here even be affordable? How will this help with the housing crisis when there are already empty homes going unused due to non-affordability.\n"
    },
    "67747": {
        "url": "/comment/67747",
        "comment": "The greenbelt is a very important part of Ontario wildlife ecosystem and should continue to be protected from any development or changes so the boundaries.\nThe new highway shouldn't be built in the first place since a majority of transit issues won't be fixed by its creation. This is clearly a pull back on Doug Ford promise to leave the green belt alone!\nOur nature and wildlife conservation matters!\n"
    },
    "67751": {
        "url": "/comment/67751",
        "comment": "I want to share my sheer disgust that this proposal is even being considered. All of the greenbelt land hosts necessary ecosystems and provides necessary habitats to many animals. It was made a protected greenbelt for a reason and should stay that way. Otherwise what would be the point. I also whole heartededly believe that this proposed solution to the housing crisis will not actually fix the crisis at all. It is a solution that will only help those with abundant resources and privilege.\n"
    },
    "67755": {
        "url": "/comment/67755",
        "comment": "This proposal is an abhorrent attempt by Ford to go against his campaign promises in order to line the pockets of himself and his developer friends. The nature in Ontario is incredibly important not only for animals and recreational activities of Ontario citizens but also the climate as a whole. This bill should not even be proposed. SAVE THE GREENBELT.\n"
    },
    "67757": {
        "url": "/comment/67757",
        "comment": "I do not believe the solution to housing crises is to develop the Greenbelt. We risk the biodiversity of our native flora and fauna which are valuable in culture and in pleasure to those who call Southern Ontario home. Having grown up south of Lake Simcoe, much of my science education was based on learning about the environment around me, and being in nature (I grew up surrounded by the York Regional Forest and took walks weekly through the area) enriched my childhood more than I can say in words. We cannot lose this vibrant area to development.\nActionable measures to address the housing crisis that do not involve developing the Greenbelt include repurposing empty office buildings across cities like Toronto and Ottawa, of which there are many, and turning them into low-income housing. This works to benefit those in poverty, who are most affected by the housing crisis, and the biodiversity of the Greenbelt.\nThank you for your time.\n"
    },
    "67773": {
        "url": "/comment/67773",
        "comment": "You should simply utilise the many empty office buildings in Toronto that already exist and turn them into high-density and low-income housing, which is what is needed, instead of removing a vital part of Ontario's ecosystems that will be even more important in coming years, for mansions for the rich that are only going to end up drowned out anyway by the soil erosion that happens when you remove native trees and plants.\nThis proposal is irresponsible on so many levels, and attempting to push this through while making sure the province is focused on other way our government is failing us, such as the collapsing healthcare system, is a monument to the lack of foresight of our government and the cruel way with which they treat the people of this province who aren't Doug Ford's rich friends.\n"
    },
    "67775": {
        "url": "/comment/67775",
        "comment": "Doug Ford taking land from the greenbelt to benefit developers, after he promised he would not, is despicable. There are tons of buildings sitting empty in downtown London (where I live), and I'm told in Toronto as well, that could and should be repurposed for affordable housing. Housing which would be in city centres where people actually need to live and work.\n"
    }
}