{
    "62578": {
        "url": "/comment/62578",
        "comment": "While I agree that protecting the Galt Paris Moraine area is wise in terms of protecting the ground water source, there is an issue of fairness. Property rights that owners of those properties enjoy today will no longer be available to them once the boundaries are changed. This is a \"good\" that will be enjoyed by the broader population of the Province at the expense of those current landowners. What is the expense? Currently some of them have the right to apply for a severance of their property to create a new parcel of land. For some this may be to allow a child or a loved one to acquire the land needed to construct a new dwelling. It will also prevent the construction of a second or accessory dwelling unit on the property. Again, we are talking about the need for affordable housing, and taking away the opportunity for individuals (not big developers) to provide a range of housing for their families.\nI see two potential remedies.\nFirst, compensate the property owners who will be affected. Establish the value of the lost property rights and have the province (or the developers who will benefit from their lands being removed from the Greenbelt) pay compensation.\nSecond, determine what level of restriction is really necessary to protect the groundwater supplies, if this is the rationale.  Perhaps an individual severance or the construction of a second dwelling on the property would not be judged to have a detrimental effect, and could be allowed, while preventing large scale development.  Large scale developments are not possible in this area at the current time, so losing this is not as important to the individual property owner, but it is more important in terms of protecting the water supply.\nPlease think carefully before implementing this change.\n"
    },
    "62590": {
        "url": "/comment/62590",
        "comment": "It is with deep disappointment that I register a comment on this proposal.\nFirst off though the addition of the Paris Galt Moraine to the projected greenbelt should have been done years ago.  This must proceed.\nThe proposal to remove lands from the greenbelt and Oak Ridges Moraine Conservation Plan Area for housing development is nothing short of a betrayal to the people of Ontario and our natural spaces.\nThe greenbelt cannot be considered as an inventory of undeveloped land to siphoned off when a developer feels like they can make a buck.\nOntario needs farmland, greenspace and natural areas close it is urban core.   The protection of this area is an excellent policy and model to the world.  A failure to appreciate the greenbelts benefits and economic opportunities illustrates a profound lack of foresight.\nOntario's need for housing does not need to be answered with more urban sprawl.  Higher densities, in-fill projects, and brownfield redevelopment is the answer.  In my GTA community our small downtown is seeing 3 mid-size condo projects under development.  In each case under-utilized buildings have been torn down for the new projects.  The future effect will be more density, a major boost to our downtowns business district, and without the cost of adding new roads, sewer, and other municipal infrastructure.  This is the model we need more of in all communities around the GTA.\nAny proposal to remove even a single acre from the greenbelt cannot go forward.  This is a dishonest policy change, a lie to the voters of Ontario, and another blow to our environment.\n"
    },
    "62616": {
        "url": "/comment/62616",
        "comment": "At a time where climate change is at our door, we are taking the best of action of clearing out protected ecological lands.\nI have lived in Pickering my entire life, and knowing of this proposed amendment is just so saddening.  I have done a fair share of travelling. Travelling around Europe and definitely more advanced countries, I can say they highly value and appreciate their natural environment. They aren't destroying protected areas to build homes. They have figured out a way to balance people, homes, and their natural environment.\nIf this moves forward, I will strongly consider moving. This will affect the landscape of Pickering, not only from the influx in population, but I do not want to be a part of the destruction of natural areas.\nSo unfortunate Canada is heading in this trajectory.\n"
    },
    "62621": {
        "url": "/comment/62621",
        "comment": "First, let's get the elephant out of the room - this government promised last year to expand the Greenbelt and in Minister Steve Clark's words \"We\u2019re not going to entertain any conversations about a land swap\" and \"Our government will not consider any proposals to remove or develop any part of it\". The promised amendments make these statements nothing short of a lie.\nI staunchly oppose any efforts to develop on our pristine and ecologically important protected countrysides and natural heritage ecosystems as designated in the Greenbelt Plan. While the province is facing increased pressure to build more homes, there is no reason to build on top of valuable ecological lands. There is an abundance of undeveloped land outside of areas designated in the Greenbelt Plan that could be built on. Efforts should also be focused on building upwards not outwards \u2013 densification as opposed to advancing urban sprawl.\nThe idea that the negative impacts of removing the Greenbelt lands will be offset by adding lands to the Paris Galt Moraine is a complete fallacy. The environment comprises of interconnected ecosystems to provide essential ecological services to humans and wildlife. It is maintaining the connectively and range of these protected countryside and natural heritage ecosystems that is so vital.  By the same token of adding Greenbelt lands to the Paris Galt Moraine to promote \u201crecharge to the groundwater aquifers that support drinking water supply, local ecosystems, agriculture, and growth management, and more,\u201d the same will be degraded in the 11 areas where which Greenbelt protected lands will be developed upon. The fragmentation of the Greenbelt across its range will result in a severe loss of biodiversity, groundwater recharge services, water decontamination services, erosion control, flood prevention and resiliency, agricultural support, and access to nature that simply cannot be offset by adding Greenbelt lands in a singular area.\nIn the face of impending environmental threats such as climate change, increased intensity and frequency of storms, heat waves, wildfires, and natural disasters, the ubiquitous spread of contaminants, the hyper-extensive loss of biodiversity and natural environments, can important decision makers in this government really look at themselves in the mirror and say they left the world a better place for their children and grandchildren through proposed amendments such as this one?\n"
    },
    "62687": {
        "url": "/comment/62687",
        "comment": "This proposal goes against the Government's promise to not touch protected the GTHA's Greenbelt lands. This change will set precedent for future requests to develop on the Greenbelt and depreciates its value.\nThe compensation habitat proposed as an addition to the Greenbelt is not comparable to the land proposed for redesignation/removal, in terms of Ecosystem Land Classification and ecosystem services.\nThis proposal goes against the efforts of Ontarians to combat climate change, build sustainable communities and protect our natural heritage for future generations to enjoy.\n"
    },
    "62698": {
        "url": "/comment/62698",
        "comment": "The removal of any land  from the greenbelt for urban sprawl defeats the purpose of the green belt.  This proposal is a way of opening up areas for development to make billions for the wealthy and is disturbing to the core. The greenbelt is there to protect the erosion of our green space from unrelenting growth. Not all of us can drive to wilderness areas to experience nature and I often walk these areas by catching public transit. We have to rethink and build affordable housing within the city. There is plently of space within Toronto boundaries to build on. There are bownfield industrial areas and places falling apart. Building on any greenbelt area is a mistake that will cause future generations to suffer.\n"
    },
    "62746": {
        "url": "/comment/62746",
        "comment": "I cannot overstate how strongly I disapprove of the plan to expand housing into any part of the Greenbelt. Doug Ford himself promised in 2018 to protect it, and Housing Minister Steve Clark of the PC Party made similar statements just last year. Steve said \"I want to be clear: We will not in any way entertain any proposals that will move lands in the Greenbelt, or open the Greenbelt lands to any kind of development.\"\nThis regulatory proposal, as well as its policy proposal (ERO Number 019-6216) does both. It moves lands in the Greenbelt, and opens the land to development. I am not supportive of a government who goes back on their word in such an appalling way.\nExisting towns and cities near the Greenbelt are in such a unique position to benefit from the nature that surrounds them. Developing more urban sprawl completely destroys these social and economic advantages. Expanding the Greenbelt (rather than relocating it) and building cities upward instead of outward offers the perfect opportunity to grow a thriving population while reinforcing a big part of what makes Southern Ontario such a wonderful place to live; Our close proximity to nature.\nThe nature of our Greenbelt sequesters carbon, provides clean drinking water, and attracts tourism. If that wasn't enough, our forests are home to a greater diversity of wildlife than any other region in Canada. With many of humanities most useful scientific discoveries coming from the natural world, the importance of doing our part to protect what little of it remains is becoming no less than absolutely necessary.\nI strongly urge the Provincial Government to rethink this proposal. Increasing population density within existing boundaries and improving public transportation would not only achieve the goal of creating more affordable housing. It would create stronger local communities, be an attractive location for those looking to raise a family in Canada and so much more; It would protect the Greenbelt for future generations to enjoy, as I have.\n"
    },
    "62755": {
        "url": "/comment/62755",
        "comment": "I am a young person, Registered Professional Planner, homeowner and helped vote in this government. Premier Ford said in 2018 that he would not touch the greenbelt. This plan sets a terrible precedent and is shortsighted. While I recognize that there is a legitimate housing crisis - a crisis I know firsthand - this is not the solution. This flips the conventional system of planning in Ontario on its head. In 30 years when we have a similar problem, we can't keep redrawing the boundaries. This will cause widespread speculation in other areas now that lands that are 'permanently protected' could be up for development.\nI urge you to reverse on this incredibly shortsighted move. Please.\n"
    },
    "62769": {
        "url": "/comment/62769",
        "comment": "I am opposed to the removal of any lands from the Greenbelt. The Greenbelt was created as a permanent space that would never be developed. To open it up now invites later attempts to remove still more lands. It encourages speculation and drives up farm land prices.\nThe lands proposed to be added include many areas that are already protected from development by other means. This is a cynical ploy by the Ford government to make us think they are adding, when they are not.\n"
    },
    "62774": {
        "url": "/comment/62774",
        "comment": "This should not be approved. The Greenbelt Plan was enacted to provide the following benefits to everyone living in Southern Ontario:\nIt contains many of Canada\u2019s most ecologically and hydrologically significant natural environments. These natural areas do the following for us:\n- clean the air\n- provide drinking water\n-provide diverse flora and fauna habitats, including pollinators\n- provide opportunities for recreational activities that benefit public health and overall\nquality of life.\nAdditionally, the region has some of Canada's most important and productive farmland.\nIts fertile soil, moderate climate and abundant water resources support\nagricultural production that cannot be duplicated elsewhere in the province and\nthe country.\nHow are we planning to provide clean drinking water, some of Canada\u2019s most productive farmland, clean air to residents of Ontario if we remove parts of the very thing that provides us with these irreplaceable resources?\nThe amendments being made go against the direct policies set out by the Greenbelt Plan. The Greenbelt Plan specifies that \"Settlement areas outside the Greenbelt are not permitted to expand into the Greenbelt\".\nThis goes directly against the policy because the proposal is planning to expand a Settlement Area currently outside of the Greenbelt, into the Greenbelt, as shown in the Redesignation Maps in the proposal.\nAccording to Greenbelt Act Subsection 8: Conflicts with Greenbelt Plan:\n8 (1) Despite any other Act, the Greenbelt Plan prevails in the case of a conflict between the Greenbelt Plan and,\n(a)  an official plan;\n(b)  a zoning by-law; or\n(c)  a policy statement issued under section 3 of the Planning Act.  2005, c. 1, s. 8 (1).\nAs a result, although amendments may be proposed if the size of the Greenbelt Land Area is not diminished, the proposal cannot be approved due to direct conflict with the policies outlined in the Greenbelt Act.\nFurthermore, the removal of 11 different zones within the Greenbelt cannot be replaced by 1 single addition. This is fundamentally flawed from an ecological perspective and there is no explanation whatsoever that describes how a single addition to the Greenbelt will make up for the removal of 11 zones within the Greenbelt in terms of productivity of the land.\nWhy have we not looked into utilizing the land that we already have within cities instead of resorting to urban sprawl? Can we please realize that urban sprawl only creates more congestion, air pollution, and removes the green space that we need to live? In Hamilton, for example, there are so many empty parking lots left vacant. We should be looking into developing those areas, not protected green space that provides us with clean water and air.\nThis proposed amendment is short-sighted and does not take into account a long-term vision of how Ontario should be built. What we should be doing is developing lands that are already within our city boundaries, expanding and investing in public transit, and moving away from urban sprawl. Urban sprawl only amplifies our dependency on highways and cars which are the very things we need to move away from to sustain a healthy population of humans now and into the future.\nPlease reject this proposal before it is too late. Because eventually, there will be no more Greenbelt left to remove, it will be all gone. And at that point, we will have no clean water or a reliable source of food. No amount of housing can replace those basic necessities of life.\n"
    },
    "62786": {
        "url": "/comment/62786",
        "comment": "This is not the solution to the housing crisis. It\u2019s the cost of rentals and purchasing that needs to be addressed, not building on farm lands and in the Greenbelt!\nThere are lots of commercial properties that could be converted to residential with help from all level of governments. Both in the rezoning, restructuring and building and in the cost to the renter or purchaser to make it affordable.\n"
    },
    "62791": {
        "url": "/comment/62791",
        "comment": "Removing land from the Greenbelt is a dangerous and shortsighted move. It makes the GTA more vulnerable to flooding as well as encouraging car dependent sprawl. This sprawl worsens the climate emergency and creates inefficient suburbs. What is needed to solve our housing issues is an increase in density, a default right for a homeowner to densify their property, and a curtailment of housing as an investment vehicle. We have more than enough land to house everyone if only there was the political leadership to use it effectively.\n"
    }
}