{
    "63741": {
        "url": "/comment/63741",
        "comment": "This will be a disaster for the environment, and will not solve the housing crisis. Your proposal will destroy extremely valuable wetlands that we CANNOT replace in order to fund developers. The housing crisis needs to be solved using rezoning of single-family home neighborhoods into multi-use ones, using regulation of the housing market's predatory practices of speculation and the blind bid system incentivizing realtors to push housing prices higher. The housing crisis is not solved by destroying our environment. Those wetlands serve a vital purpose to the survival of life on the planet. Pollenators rely on those wetlands and without pollenators plants do not grow. Food security disappears. Those wetlands are vital to the water flow that prevents severe flooding. It is also an important carbon sink. With the ongoing climate emergency, where these things are more important than ever, this plan is immensely short-sighted. It seems like a way for developers to line their pockets with little benefit to the people actually suffering in the housing crisis. Do better. Even cursory studies of the impacts that it will have on the environment are unacceptable.\n"
    },
    "63751": {
        "url": "/comment/63751",
        "comment": "Please don't develop these protected animals. We need green spaces, animals need it, healthy air and water needs it. It was protected for a reason. Lose 7500 acres but gain 2000, that's a massive loss and will devestate the ecosystem. Redistribute the population, don't expand Ajax, Whitby, Durham, Hamilton etc. Make more housing to the north and east. Support areas like North Bay, Sudbury, Sault Ste Marie, Thunder Bay, Kenora, Huntsville, Haliburton, Lindsay, etc in their growth. It's more gentle on the ecosystem, allows for more affordable options, builds new economies and provides jobs for struggling regions. Don't cram everyone in protected areas. Build elsewhere, don't be so southern Ontario (Toronto) centric with these ideas. This is continued neglect of northern communities and our environment. It's shameful.\n"
    },
    "63764": {
        "url": "/comment/63764",
        "comment": "I completely disagree with distorting the green belt. It will bring more pollution and cause many problems at GTA.\nWhat does this government thinks? To attract more people to the GTA? Do you think GTA needs more people??\nEvery new  infrastructure attracts more users and this will not solve the housing problems. It will cause more demand.\nDespite the environmental issues, this is not a solution for housing.\nThe government of Ontario should create more jobs and invest more on the other reigns of Ontario other than GTA to make them more appealing for people to live.\nI would definitely move to a smaller city if I can find a job there.\n"
    },
    "63774": {
        "url": "/comment/63774",
        "comment": "Hi there - I voted Conservative in the last election because I believe it is important that Ontario has sound and sustainable fiscal policy and because Doug Ford has said he would not destroy the Green Belt. This proposal is extremely disappointing. As a supporter, I feel lied to. Please do not destroy the beautiful landscape of Ontario. Please do not be the party that green lights further environmental degradation. I could not in good conscience continue to support such a party. Perhaps one voice, one vote doesn't matter much to you...but I promise if I am thinking this way so are many others. I know my neighbours choose to live outside of the concrete jungle of Toronto because they enjoy the nature that surrounds us. If you are responsible for destroying that, I am sure many would feel as disappointed as I do.\n"
    },
    "63793": {
        "url": "/comment/63793",
        "comment": "We need to protect the greenbelt.  We should be looking for ways to add infil housing in areas that already have exsiting access to city services.  Climate change is a real issue and building 1000s of houses in previously protected greenbelt areas is only going to make it worse.  The area in  Hamilton/ Ancaster that is proposed to be turned over to builders does not have the infrastructure to support this kind of housing projects.  Ancaster has terrible one lane roads into and out of the city including Garner Road. The infrastructure cannot handle this kind of traffic including the 403 both ways out of the area.\n"
    },
    "63795": {
        "url": "/comment/63795",
        "comment": "Hamilton has already said no to this. Remember when Doug Ford tried to give the police extra stopping powers and it didn't work? Remember when you tried to force members of CUPE back to work with fines that didn't work?\nWhat do you think is going to happen now, we will just stand by idly?\nI speculate that you may have major problems for you and for the developers if you go forward with this in my opinion. Too many people will be upset.\nThe government represents the people, not the rich and lining of their pockets.\nForget that, and find out.\n"
    },
    "63796": {
        "url": "/comment/63796",
        "comment": "This is not only against the gobement's promise, but goes against what scientific data shows will damage vital food, water sources for years to come. It is a short sighted plan, with long term consequences. There are many other options to create housing. There is no point to having houses if there's no clean water and local food to feed the people in them.\n"
    },
    "63800": {
        "url": "/comment/63800",
        "comment": "The Garner road lands in Ancaster should never have been part of the Greenbelt. The land is fields which have never really been utilized for anything. Developing it would be a natural extension of where new homes should be built. For the sake of the future of our children and the city, develop the airport and the lands around it.\n"
    },
    "63825": {
        "url": "/comment/63825",
        "comment": "The proposal is lacking information on the specific properties/characteristics of the identified areas that may support them being removed from the Greenbelt.  Further there are no specifics on the value of the propsed added lands to the Greenbelt.  There has been no information provided regarding who was involved with this proposal including stakeholders and consultants to demonstrate how the proposal has seeked input from land owners, environmental organizations and municipalities with professional  review and critique.\n"
    },
    "63827": {
        "url": "/comment/63827",
        "comment": "The decision to build homes on the Greenbelt in Hamilton is absolutely ludicrous.\nWhat are \u2018you people\u2019 thinking? The world as a whole is already burning up and melting with climate change, you will be exacerbating it even more. What about our farmers? Where do you plan to get your food?\nHamilton doesn\u2019t have enough money as it is to maintain current infrastructure. Oh you say they will receive more from taxes etc. well that is an absolute joke! It doesn\u2019t work like that.\nHamilton hospitals are full beyond the capacity and you are not coming to help us out. Children are being bussed to school on rides taking forever because there is a lack of bus drivers and a lack of schools to educate them!!!! These are just two examples of stupidity that is happening because of URBAN SPRAWL!!! YOU are not helping the matter.\nPerhaps you should be rallying to the Prime Ministers office to stop bringing in so many \u2018people\u2019.\nLet the cities \u2014 Hamilton in particular get back on track after suffering through the pandemic.\nSTOP being a BULLY.\nHAMILTON VOTED \u2018NO\u2019 TO URBAN SPRAWL, who do you think you are just coming in and over riding the decision. YOU DON\u2019T LIVE HERE!!!!!\nBe RESPECTFUL of decisions. Twice in one week you have now flip flopped, doesn\u2019t look good on you!!!!!!\nRethink what you have done\u2026.again!\n"
    },
    "63839": {
        "url": "/comment/63839",
        "comment": "This is yet another example of the conservatives stripping away something of value from their constituents for short term gain. The negative effects of this will be long lasting. If we continue at this pace, there will be nothing left for our children. We should be leaving things better for the next generation, not worse.\nWhile I do believe we having a housing crisis and need to create affordable houses, this is not the answer. This seems like a convenient and short sighted solution.\nYou repeatedly said you would not touch the greenbelt. Stick to your word.\nOnce we carve into this we cannot get it back.\n"
    },
    "63880": {
        "url": "/comment/63880",
        "comment": "We don't want this expansion because we haven't got a sewage plant that will handle it and our environment is burning up. We have to many people now, we need less people ,housing, and cars, we don't have anymore room on our Hy-ways now., we are crowding ourselves out. Stop immigration. We need major birth control. The world has to change, we need less people to survive.\nMore homes and cars is more pollution. Our Grand kids today will never live passed 40 if we keep this crazy over population. Plant more trees, We need smaller homes not bigger ones. Use your head, you can only fill your plate so much. We are killing ourselves. Stop handing out easy money because you have now people that won't work because why work, I can sit home and get welfare and free handouts. We have to got back old school you don't work you don't survive.\nOld people are getting Taxed to death, you keep wanting to put taxes up , the math is not working out pensioners don't have anymore money.\n"
    },
    "63881": {
        "url": "/comment/63881",
        "comment": "The proposal to develop the greenbelt by, what is now over 7000 acres is an autocratic and undemocratic proposal by the Ontario Government.  An election promise by Doug Ford not to touch the Greenbelt and a promise last year not to develop it means any promises by this government are not to be taken seriously.\nHamilton residents voted in a survey last year to not develop the lands.  The majority of the Hamilton municipal representatives of the people also are committed to protect the Greenbelt and our conservation areas and uphold the wishes of the people.  The Greenbelt is made up of wetlands and rich farmland and needs to be protected.\nIf we don't consider the damage these decisions do to our ecosystems we will perish along with those ecosystems.\nThis government, who represent the wishes of the people is ignoring what the majority wants and pushing its own agendas with land developers.  This smells of corruption.\nFrom the Greenbelt Foundation Website (https://www.greenbelt.ca/learn):\n\"The Greenbelt is the heart of the Greater Golden Horseshoe - its permanent protection is essential for climate resilient communities and a thriving local economy.\"\n\"Ontario's Greenbelt is the world's largest, protecting farmland, forests, wetlands, rivers, and lakes.\n2 million acres of protected land work together to provide us with fresh air, clean water, fantastic local food and drink, and world-class outdoor recreation and tourism experiences.\"\nL. Le Mare\n"
    },
    "63885": {
        "url": "/comment/63885",
        "comment": "Taken from MAH's website: \"Ontario\u2019s Greenbelt protects farmland, communities, forests, wetlands and watersheds. It also preserves cultural heritage and supports recreation and tourism in Ontario\u2019s Greater Golden Horseshoe.\"\nTaken from the Greenbelt plan, 2017: \"The Greenbelt Plan, together with the ORMCP and the NEP, identifies where urbanization should not occur in order to provide permanent protection to the agricultural land base and the ecological and hydrological features, areas and functions occurring on this landscape.\"\nThe Greenbelt is *permanently* protected zone and has been identified as a location where urbanization - building tracts of sub divisions and housing - should not happen. It's an ecological disaster to tear up the Greenbelt plan, serves mostly developers, and creates further urban sprawl which has been demonstrated time and again to be an economic and ecological failure.\nThis plan further demonstrates that the law is nothing more than what the governing party says it is.\n"
    },
    "63886": {
        "url": "/comment/63886",
        "comment": "We need to save our agricultural land immediately. We cannot continue to sprawl outside of our Urban boundaries when there are many areas within the boundary to build affordable housing vertically on first.  All agricultural land must be saved for farming, livestock and feeding the population. We do not want to import all of our food from countries lacking food inspection regulations because we chose to destroy our rich agricultural soil to building projects. My family are dairy farmers and I know how valuable good fertile, well drained soil is to successful farming. It is imperative that we act now before it is too late.\n"
    }
}