{
    "27563": {
        "url": "/comment/27563",
        "comment": "We shouldn't change the existing law, we are at a crucial moment where any minor change to our environment could end up with catastrophic consequences. By removing spaces where all these animals can leave, we are just displacing them and changing their ways. It's not only about existing endangered species is all the ecosystem that exist. Let's think in what will be left for future generations.\n"
    },
    "27565": {
        "url": "/comment/27565",
        "comment": "I am totally against the new proposed policy changes.  I dont agree with cresying a regulatory charge.  Nonine should be anle to buy their way around a law or policy. Im also ahai st extending or granting the Minister's authority to override the results of scientific reports. The Minister  undoubtedly doesnt have any or adequate education/expertise in this field to be making these decisions to do what is right for the speciesnor environment.  I also dont agree with extending response deadlines to reports and allowing status quo until responses done. With delays and extensions there is no sense of urgency and it could be too late to save a species.\n"
    },
    "27567": {
        "url": "/comment/27567",
        "comment": "These proposed changes seem largely designed to remove, delay and frustrate legitimate protections\n (translation: obstacles) for developers, and allow the Minister more flexibility and latitude in ignoring or delaying much needed measures to protect at-risk species.   By transferring authority in these matters to the Minister, and giving him/her the option of acting contrary to the aims of the act, and instead in the interest of \"social\" or \"economic\" concerns, you are essentially opening the door for widespread abandonment of essential species protections in the interest of being \"open for business\".  But hey, go ahead and make them pay a token \"fine\"  ...  that's gotta soothe the conscience as species are disappearing forever in the interest of a new housing development, right?  We didn't vote for this, and I heartily object to these changes.  Protecting all species on our planet is more important than commercial development, and these rules cannot simply be relaxed in the interest of the almighty dollar.\n"
    },
    "27569": {
        "url": "/comment/27569",
        "comment": "There is so much wrong with the proposed amendments they should be withdrawn.\n It is clear the proposal does NOT advance the protection of species at risk (SAR) in Ontario. To modernize the SAR act you first have to know that these species are already at risk of extinction due to primarily loss of habitat, mostly through industrialization  forestry and mining and expansion of roads in Ontario's north and wilderness areas. The  protected areas are not geographically limited and all SAR throughout Ontario where this law has jurisdiction should be protected.\nQualified scientists are the authority using science based assessment to determine SAR. What is this \"community knowledge\" proposal for inclusion on the COSSARO? The local lumber company executive? This is not acceptable.\nTo delay listing of SAR, planning for their recovery and reporting on the facts further delays  SAR  protection and habitat renewal, at the front end of the problem.\n Our government needs to get the best scientific evidence from experts before permitting harmful acts and making regulations, not give ministerial discretion. In this government, ministerial discretion  is to rubber stamp forestry, mining and industrial roads to accommodate their needs which further destroys habitat.\nIn this era of devastation due to climate change, green house gas emissions, decline of biodiversity and the anthropocene, there is no room for exemptions from regulations that try to protect and restore SAR. The exemptions already in place are too extensive to allow this act to protect SAR.\nClients of this act are the SAR, not the  corporate clients of this government. Once again your streamlining favours developers and industry, not the People of Ontario and the necessity of all of us to protect and promote biodiversity .To allow Clients/applicants/industry/developers/ to pay to be allowed to expand their ruin on our SAC habitat is simply outrageous and unconscionable. And this by a government who spends $30,000,000  tax dollars  to sue about cap and trade? Really!\nThe SAR Act should be the primary legislation to protect SAR and enable their habitat to recover. Activities should not be allowed  under other legislation that would not be allowed under this act.\nEconomic considerations to postpone or deny protection should not take priority over protecting our SAR. The dollar is not the priority on the devastation of our environment and the nature we are all a part of.\nIf this government is truly of and for the PEOPLE of Ontario, and not corporate interests, it will withdraw this harmful legislative proposal forthwith.\n"
    },
    "27570": {
        "url": "/comment/27570",
        "comment": "At this time, biodiversity in Ontario, and in fact throughout our planet, is under extreme pressure and wildlife populations are experiencing drastic declines. Proposed changes to the Endangered Species Act will make it easier for critical wildlife habitat, upon which these species depend for their survival, to be destroyed. As Canadians we need to take action to help these species survive and thrive, rather than driving them to disappearance simply for the sake of so-called \u2018development\u2019.\nTherefore we should:\n- Not allow developers and other proponents of harmful activities to pay into a fund instead of fulfilling requirements for on the-ground reparation for damage,\n- Base assessments of species status on the entire range of the species,\n- Prohibit veto of automatic protections (i.e. 'discretion on protections') by the Minister,\n- Not limit protections so that they apply only in specific geographies or under specific circumstances,\n- Not create 'landscape agreements' for proponents undertaking harmful activities in multiple locations,\n- Ensure that species assessments are carried out only by those who have expertise in this matter and the Minister must not interfere in these decisions by forcing their reconsideration,\n- Maintain the requirement for the Minister to consult with an independent expert prior to creating regulations that would jeopardize the survival of a species in Ontario.\nIt is of the utmost importance that at this time, vulnerable species and habitats receive the protection they require so that the people of Ontario will leave a lasting legacy for future generations.\n"
    },
    "27571": {
        "url": "/comment/27571",
        "comment": "Why is it that NO ONE cares about the earth?  As long as a company can earn more of the almighty buck, the government allows them to destroy everything they touch.  It is time for this to stop!  Saving the earth and everything that stands for has to be more. Important than GREED!  The climate is changing faster than predicted and we need to stop it somehow and now is the time to start.  There isn\u2019t much time left to reverse climate change.  Big Business and Governments, please listen and stop the greed and work to save the earth.\n"
    },
    "27573": {
        "url": "/comment/27573",
        "comment": "This proposal will have no benefit to any of the animals in our province. It appears as if the Ontario government is trying to pass the work onto other provinces. Specifically with the changes on how \"if a species is not endangered in other places in Canada, its status in Ontario may be changed\". This didn't make sense since we should be protecting the animals on our province, if they are endangered they deserve protection no matter what or where they also happen to be. Without the immediate protection of endangered or at risk species  they WILL go extinct and the only ones to blame for that will be the Ontario government.\n"
    },
    "27574": {
        "url": "/comment/27574",
        "comment": "Absolutely ridiculous and unforgivable course of action if this happens! I have always been a firm supporter of the conservatives but if this is allowed to happen you have lost my future votes for sure! I cannot believe such irresponsible actions are even being considered in this day and age where so much of our planet is already being abused and destroyed!!! Shame on anyone who supports this!!! Furthermore, what kind of a province would we be if we disregarded a threat to an endangered species just because that species still exists in other provinces or parts of the world! Disgraceful!!!!!! Who, other than fat-cat corporations, would support such a change with its potentially ecologically devastating consequences??? Clearly someone with no offspring or future generations to consider!!!\n"
    },
    "27575": {
        "url": "/comment/27575",
        "comment": "I cannot believe that the government is even considering undermining legislation that protects endangered species. With everything we know about excessive consumer consumption and its effects on our planet, erosion of important ecosystems and climate change, our government should be taking steps to expand protections for wildlife and nature, *particularly* for those who are endangered. To gut the ESA as suggested is cruel, heartless and un-Canadian. One of the things Canada is famous for is its natural beauty--the landscapes, the unique animals, the forces of nature. I urge you before it's too late to abandon the proposed changes to the legislation, and furthermore, urge you to consider expanding protections. Very few Canadians would back legislation putting wild animals in danger, unless it was the purposes of lining their own pockets.\n"
    },
    "27577": {
        "url": "/comment/27577",
        "comment": "The allowing of proponents to pay fees rather than perform actual measures to ensure there are no impacts on species at risk is entirely contrary to the purpose of this legislation and the needs of Ontarians.\nTo allow the Minister to require the committee to change the status of a species is a horrific overriding of the scientific expertise by a purely political body.\nTo delay the implementation of a listing of a species is an entirely unnecessary choice that puts species in a vulnerable position without providing significant benefits to private proponents.\n"
    },
    "27581": {
        "url": "/comment/27581",
        "comment": "This reads like a poorly veiled attempt at watering down the protections of endangered species for the convenience of developers, and a shortsighted mortgaging of our future.   I sincerely hope this government rescinds these profoundly flawed proposed changes and truly puts the environment and the protection of diverse species and habitat as a priority - over convenience, profit and development.\nSection 1:\n- Gives the Minister unilateral powers to temporarily remove/prevent protections on a species\n- Pretends that the health of a species in other areas means that species doesn't warrant protection in Ontario.\n- Opens the door for the stacking COSSARO with unqualified patronage positions like this government is attempting to do in so many other areas.\nSection 2:\n- Again gives the Minister unilateral powers to put development ahead of protection\n- Waters down the requirement for putting in place meaningful protection plans\nSection 3:\n- Well, you can write a strategy, but we'll decide if we'll ever actually do anything about it....but don't count on it.\nSection 4:\n- So long as you can pay for it, we don't really care about protecting it.\n"
    },
    "27582": {
        "url": "/comment/27582",
        "comment": "The Ontario government should not allow companies to pay to destroy the habitats of endangered species, whether through mining, deforestation, urbanization, or any unsustainable activity. Especially considering climate change, these habitats (and the carbon sinks, like trees, that they contain) will be more vital than ever: protect these habitats and the species that call them home. We can't continue to sell the health of the planet to the richest CEOs, and it is the role of the government to step in and protect the environment.\n"
    },
    "27583": {
        "url": "/comment/27583",
        "comment": "I am very concerned about proposed changes to ESA.  It seems to me that the main theme of the changes is that Ontario government wants to give too much decision making responsibility to the minister.  Ministers typically do not have a background or understanding of ecology and therefore will have difficulty making decisions that truly benefit the species.  Furthermore ministers are changed frequently through cabinet shuffles and therefore I fear new species will not get listed when a new minister is trying to get 'up to speed' with their new portfolio.  The extra timelines and ministerial discretion will mean that there will be considerable delays in species listings, habitat protections and recovery strategies.   Some specific comments:\n1A - minister should have no more than 6 months to make listings public.\n1E - a species status in jurisdictions outside of Ontario should not overide their status here.   If species is  legitimately at serious risk in Ontario, it should receive protection here, irrespective.\n1F - someone with community knowledge but limited understanding of species or ecological principles should not be accepted into COSSARO.  Appropriate expertise is needed.\n2A - 3 years is much too long to suspend habitat protection, species may go extinct with such lagged timelines\n2A iii (4) - \"other criteria\"  this caveat leaves it too wide open.  New species may never receive protection with such an open ended clause.\n3 - allowing minister to significantly extend the timing requirements and relegating recovery strategies as merely \"advice to government\" will likely not give sufficient protection to species.\n4 - Permits.  This sounds like developers and municipalities will be able to get out of having to protect species or even need to complete necessary studies by paying into a conservation fund.\nOntario has an exemplary Endangered Species Act, that although not perfect, is offering a lot of protection to species and has slowed down the decline of many listed species.  I fear that the proposed changes will water it down too much and provide many loopholes that will make the Act largely ineffective.\n"
    },
    "27584": {
        "url": "/comment/27584",
        "comment": "Species risk determinations and the means of protection should decided by qualified scientists using empirical evidence. Their work should meet highest standards of scientific study.\nThese experts should work at arms length from the government, free from political interference. Because our 5 year election cycles reward short term results over long term stability. This is incompatible with the  long term work of supporting and protecting vulnerable plants and animals that play a vital role in the health of natural systems humans depend on for survival.\nThe government should provide adequate and stable funding for this vital work. Interruptions in data gathering and analysis will leave the government and citizens dangerous uninformed when making decisions.\nEconomics should NOT be a major factor in species risk determinations or the methods of conservation being employed in their protection. Market tools have proven they are not capable of accurately \"valuing\" complex natural systems; as evidenced by the need to protect against  the extinction of more and more species.\n"
    },
    "27585": {
        "url": "/comment/27585",
        "comment": "Good morning. I would like to draw attention to a logistical problem with the proposal pertaining to exemptions. See my comments below.\nThe proposal describes the following exemption:\n\"The proposed changes would provide the Minister with authority to temporarily suspend species and habitat protections for up to three years for some newly-listed species when the following specified criteria are met:\"\nBy what expertise will the Minister assess whether the conditions are met? These criteria are entirely subjective and there are no checks and balances guiding the Minister's decision.\n\"1) applying the prohibitions to the species would likely have significant social or economic implications for all or parts of Ontario so additional time is required to determine the best approach to protect the species and its habitat;\"\nLosing or endangering a species is an invaluable loss and the ecological implications outweigh social / economic factors. That's why we have the concept of \"endangered species:\" to remember to prioritize them.\n\"2) the temporary suspension will not jeopardize the survival of the species in Ontario;\"\nIf that were truly the case then that species would not be endangered. Can you name a single example where this exemption is logically consistent and sound?\n\"and 3) one of the following further criteria is met:\n 3a) the species has a broad distribution in the wild in Ontario;\n3b) habitat availability is not a limiting factor for the species;\n3c) additional time is needed to address the primary threats to the species, or co-operation with other jurisdictions is necessary to reduce the primary threats to the species,\n3d) other criteria that may be specified by regulation.\"\nThere are major problems with 3c and 3d.\nIn the case of 3c, for any species that has already reached such a critical level of threat as to be listed as endangered, all protections to their habitat and ecological network must be implemented urgently. It's ignorant and ineffective to note that a species is endangered and wait three years before enforcing protections. Three years is several lifetimes or an entire generation for some species and this exemption will allow the Minister to delay protections, on a whim or due to pressures from biased parties, until it is far too late. As for criteria 3d, that point opens this proposal to all sorts of undemocratic, corruptions, unfounded activity. Any Minister with any level of interest can choose to create exemptions whenever and for whatever reason she chooses. That's irresponsible and destructive.\nIf this proposal goes forward you will lose much more than the respect and trust of your voters. I look forward to hearing that either several key changes have been made or that this absurd, in-useable, ill-advised and short-sighted proposal has been abandoned. Thank you for your consideration.\n"
    },
    "27591": {
        "url": "/comment/27591",
        "comment": "We need to fight for those who cannot fight for themselves. Our wildlife is an integral part of who we are as a country. It needs to be protected at all costs. Please do not let developers bulldoze down our forests, polluting our sacred waters, destroying the land that these wonderful animals call home. We need to learn to live in harmony with nature before it is too late.\n"
    }
}