{
    "30842": {
        "url": "/comment/30842",
        "comment": "The proposed changes would further weaken protection and recovery of species at risk. I see no support in this proposal for your claim that it will improve outcomes for species at risk.\nSpecies at risk will not be helped by delaying their listing or by ministerial interference in  COSSARO's decisions.\nSpecies at risk will not be helped by allowing the Minister to suspend and limit their protection, and to develop habitat regulations only \u201cwhen needed\u201d in someone's opinion.\nSpecies at risk will not be helped by allowing the Minister to delay recovery actions indefinitely.\nAllowing developers to pay into a fund instead of following rules will encourage the harms they do, and a fund is no substitute for protection. Recovery after further population and habitat losses is many times more difficult and expensive and risky than protecting in the first place.\nYour proposals regarding permits, agreements and exemptions will allow more sweeping authorizations that may be nice for business but will not help species at risk.\nIn your last paragraph you propose that the Minister be allowed to pause protections without review, in order to \u201cminimize associated social or economic impacts\u201d. The quoted phrase represents the whole proposal. You think that minimizing social or economic impacts of protecting a species at risk is more urgent and important than avoiding further losses to that species. I say that protecting a species at risk is more urgent and important than minimizing the social or economic impacts of doing so.\n"
    },
    "30843": {
        "url": "/comment/30843",
        "comment": "I oppose the changes to the Endangered Species Act proposed in the 10th Year Review by the Ministry of Environment, Conservation & Parks. People will be relying on science for the future. Disregarding science and involving people in the COSSARO that are not properly educated or with the right intentions can be detrimental to the future. The ecosystem is quite fragile, and endangered species contribute to this system. The repercussive waves can be enormous and affect Canada environmentally and economically, despite the attractiveness of short term financial gains. Deserting edge of range species is neglecting the entirety of the status of the species, relying on availability heuristic, which is not an accurate measurement of the true population. It is analogous to a doctor observing part of a patient's body and using only the healthy parts to diagnose the person as healthy, turning a blind eye to the unhealthy parts which can fester and overtake the healthy parts. It lacks big picture thinking and education. Decoupling species at risk from protection and allowing a 3 year suspension before mandated protection is also unwise, risky and dangerous. Also, delaying the report of species at risk doesn't permit any time for recovery. Please consider reviewing these changes, and consider what will occur in longevity, and not just for the short term gains. To conclude, I oppose the changes to the Endangered Species Act proposed in the 10 year review.\n"
    },
    "30845": {
        "url": "/comment/30845",
        "comment": "The world is in an extinction crisis, with biodiversity disappearing at a rate not seen since the catastrophic impacts of a meteorite changed the earth almost instantaneously and caused the last mass extinction event. This time it\u2019s different: equally catastrophic but rather than instantaneous, this is more like a train wreck in slow motion. And in Ontario, these proposed changes do nothing to slow the train; they simply accelerate it.\nThe UN says that 25% of plants and animals are at risk of extinction. This isn\u2019t an epidemic happening just in far-away Africa or Antarctica- it is happening here, in Ontario, in our own backyards. Ontario is Canada\u2019s most biodiverse province, largely because it is Canada\u2019s deep south. We have much, but as a result, we also have more to lose than any other province.\nOntario has had an Endangered Species Act that offers protection to species in decline, and despite this, populations of a huge proportion of our province\u2019s plants and wildlife are in decline. Bird populations have declined up to 70% in recent decades, largely due to habitat loss both here and in locations where they migrate and overwinter. Most recently aerial insectivore populations have plummeted, following the declines in the insects they eat (which is expected to be caused by neonicotinoid pesticides running off into local waterways- chemicals that kill insect life in minute parts per billion concentrations (but these are insects that perform huge ecological services- what do we lose when we lose them?).\nI live in Hamilton, a municipality blessed with incredibly diverse habitats and therefore high biodiversity. However, we are also a municipality that is home to close to 60 species at risk, and that number is increasing every year or two, not decreasing. This isn\u2019t because the ESA has been ineffective, though it could be ramped up.  However, the proposed changes to the Act will undermine the current levels of protection and action that the Act now offers. The SAR number is increasing because new species decline to crisis levels each year due to habitat loss and environmental toxicity; the proposed changes to the Act will accelerate the rate at which many species will decline.\nAs it as been, the ESA is a piece of legislation that is meant to prevent decline and extinction; it should be to protect species, not to expedite development, and undermine the role that good science plays in our understanding of the environment and the interrelationship between species in the natural world.  As is, the proposed legislation introduces an enhanced a risk of additional habitat loss and population declines. Further declines in some species may cause them to become extirpated from Ontario, and such losses to our natural heritage are unacceptable in the face of so many threats to biodiversity. We still have much to learn about how ecosystems work; for example, the role of flying squirrels as keystone  species in deciduous forest ecosystems because they help to move and revitalize the soil fungi upon which so many species of Ontario trees and wildflowers (including Ontario\u2019s own tree and flower emblems) rely upon. The decline and loss of this species of mammal would have a rapid catastrophic impact on our hardwood forests, already under siege from invasive species like garlic mustard and emerald ash borer, beech blight aphid, and perhaps soon, hemlock woolly adelgid. And climate change models, some of which include scenarios showing sugar maple as disappearing from much of southern Ontario over the next 30 years, as the tree\u2019s climate envelope moves north. Aldo Leopold said, \u201cthe first rule of intelligent tinkering is to save all the parts.\u201d These proposed amendments, and in particular Schedule 5 in its entirety, undermines this basic principle.\nIn particular, the public should be notified quickly of COSSARO\u2019s species\u2019 assessments, but listing should be immediate. Waiting one year after the species is listed could result in harmful effects on the species, especially with our changing climate creating additional pressure. Immediate protection is strongly recommended and there should be no possible suspension of listings for up to three years. As well, threatened and endangered species should have habitat regulations, as these species are especially vulnerable.\nCOSSARO is an independent committee with expertise in scientific disciplines and Aboriginal Traditional Knowledge and these individuals take great care and consideration when making decisions about which species should be listed as at risk, and this should remain the case. The Minister should not be able to overrule decisions made by COSSARO, as such veto power explicitly undermines the arms-length scientific approach that is supposed to be used to assess species and makes the process political rather than science-based.\nCOSSARO should not be expected to base its assessments on the status of a species throughout its range, as opposed to in Ontario only. For species that have a small portion of their range in Ontario, these populations often present unique adaptations and reservoirs of genetic variation, and this is critical today as these are the genetic tweeks that are likely to facilitate resilience to climate change. Loss of Ontario populations means loss of global genetic diversity in the species. Allowing species to be wiped out in Ontario simply because they occur elsewhere is short-sighted.\nThe proposed changes include amending the act to strike out \u201cthe environmental registry established under the Environmental Bill of Rights, 1993\u201d and substituting \u201ca website maintained by the Government of Ontario\u201d. Such a change would mean that the opportunity for public input is lost.  Removing opportunities for public input eliminates government accountability to the public and prevents the public to participate in the protection and recovery of species at risk.\nIt is true that better enforcement is necessary to protect SAR. There is a strong need for enforcement of the ESA through fines and if necessary, incarceration.\nThe purposes of the ESA as currently stated are in no way held up by the proposed changes.\nThe proposed changes do not align with the stated and intended purposes of the ESA. These changes will make it easier for industry and developers to destroy the habitats of our most vulnerable plants and animals, making disastrous permanent changes that destroy the legacy we hold for our children and grandchildren.  Schedule 5 should be removed entirely.\n"
    },
    "30846": {
        "url": "/comment/30846",
        "comment": "The proposed changes of the 10th Year Review of Ontario\u2019s Endangered Species Act should not be approved. Instead, more changes which highlight direct and practical protections should be considered as amendments to the Act.\nHuman\u2019s economic progress is important, but not in the sacrifice of the lives and health of other species. Especially here in Ontario, the increasing number of endangered species do not live on a list, they view wild spaces as their homes. However, we don\u2019t, or at least, many stakeholders in the provincial government and the economic sector don\u2019t. The word \u201cendangered\u201d marks an emergency, and in this case, several ones. Our hospital\u2019s emergency room does not start taking care of a patient nine months after they are confirmed to be in a life-threatening condition, so the vulnerable plants, animals and their habitats should not be treated with delayed attention and lack of protection. In addition, the treatment of a patient should not have a quality difference across the province, so the protection of a species should not have varying levels of effectiveness in different regions.\nFurthermore, the government needs to consult an \u201cexpert prior to creating regulations that would jeopardize the survival of a species, or issuing permits for harmful activities\u201d similar to a hospital needs to hire a doctor to diagnose a patient. All updates should be recorded and the information should be open to the public because we have the right to know anything not-so-confidential as long as we wish to know.\nDespite all the precautions, life is full of conflicts, so it is understandable that other laws may come into conflict with the ESA. However, ask the Ontario citizens, especially the youths, and they will likely say: the future (supposedly re-amended not with the current proposals) ESA should be the top, top priority!\n"
    },
    "30847": {
        "url": "/comment/30847",
        "comment": "I am very disturbed by the proposed changed to the Endangered Species Act. It is vitally important that we do everything we can to protect the species living here, especially as the environment gets more and more challenging for their survival. Maintaining the protection of these species and their habitat relies very much on the valuable work of scientists, and this must not be opened up to being subject to the uninformed opinions of those with other political and economic agendas.  It is unacceptable to change this Act to reflect an attitude that our endangered species are something for developers to mess with at will, as long as they pay. There is no substitute for the natural world that can be bought by developer dollars. The \"landscape agreements,\" the decoupling of Endangered Species list and automatic protections, ministerial veto powers, strategic delays in applying protections, reduction of required expert consultation, and abandonment of edge-of-range species, all betray the integrity of this important Act. We must do more, not less, to protect the species that live here, while we still can. These proposed changes are unacceptable.\n"
    },
    "30848": {
        "url": "/comment/30848",
        "comment": "I work daily with proponents and the ESA and would like to provide the following comments with regard to the proposed changes to the ESA, with the focus on the fact that the legislation is intended to protect species and habitats, not business interests, but that it should also not be a planning or financial \u201cblack hole\u201d for proponents required to comply with it.  Balance is required, however, the cost of losing species and habitats is much more difficult to calculate than the cost of not developing a building lot or subdivision.  I have commented on the proposed changes in the order presented.\n1. Assessing species at risk and listing them on the Species at Risk in Ontario List\nA. Extension of the period between listing and list amendment only allows landowners more time to remove species or their habitats prior it being a contravention.  This is change is detrimental for species at risk in Ontario.\nB.  As above, delays in listing are of no benefit to species.  However, projects in progress or nearing initiation, should, at the discretion of the Minister, receive recognition of this aspect.  This could including a \u201cgrandfathering\u201d of qualifying projects to complete activities that would otherwise contravene the Act, however, these projects would still be required to mitigate for impacts, such as salvage of species and actions to prevent incidental harm.\nC.  I have no issues with this change.\nD.  I disagree with providing the Minister with the power to force COSSARO to reconsider species classification based on their \u201copinion\u201d, as there is a strong likelihood that this opinion will be biased against species.  Unless the Minister has a scientific education and is able to weigh and measure the information provided, this amounts to little more than sanctioned bullying.\nE.  I strongly disagree with this proposed change as it has the potential to not only remove many/most species from protection, but also their habitat, which supports many other species and processes.  Furthermore, species that are extremely rare in Ontario, such as the Grey Fox that the Minister mentioned, are so infrequently impacted that changing their listing would be inconsequential.  Most Ontario species would lose protection if COSSARO was forced to consider their entire geographic range, which is not biologically sound, as many rare species in Ontario are at the edge of their range or isolated from main populations and as a consequence may have unique adaptations and traits.\nF.  This statement is too vague to allow proper comment.  COSSARO membership makes the designations; the government makes the policy.  Weakening COSSARO membership requirements to (presumably) encourage removal of species from listing is wrong.\n2. Defining and implementing species and habitat proections\nA. Again, suspending protections after listing allows landowners three years to remove habitat and species.  This is detrimental for species at risk.  Landowners currently regularly remove habitat for species at risk currently protected with, typically, no negative ramifications, so this change will only support continued loss of species and habitats.  In certain instances, grandfathering of projects could be considered if appropriate mitigation was implemented.\nB.  This proposed change is too vague to comment on.  This could be neutral or negative for species, depending on the protections.  Again, this legislation is to protect species with the potential to be extirpated in Ontario.  If scoping results in the reduction of protections, then it is generally not conducive to protecting species and their habitats.\nC.  I disagree with this proposed change.  Habitat regulations take far too long to be developed as it is.  Habitat regulations allow good ecological and planning decisions to be made.\nD.  I suspect this change will also be detrimental to species at risk, but am not familiar enough with this process.\n3. Developing species at risk recovery policies\nGenerally, I am not supportive of delays in government timelines.  Currently, most recovery documents are not completed within the time frames specified.  Changing the time frame will simply allow government to continue to lag on completing these statements and reviews.\n4.  Issuing ESA permits and agreements and developing regulatory exemptions.\nCreation of Regulatory Charge and Agency\nI am cautiously supportive of the creation of this Crown agency and the cash-in-lieu concept, despite its potential pitfalls.  However, additional information is required to determine how effective this agency and its related processes will be at contributing to Overall Benefit for protected species.  In many cases, the costs a client would incur to meet a species-based authorization often requires the purchase of new lands or the protection of existing lands formerly planned for development.  Depending on the location and project scale, this cost can vary wildly.  How will this variation be accounted for in the process?  How often will cash-in-lieu be considered?   This concept has potential to solve serious problems with the implementation of the Act, however, it also opens up the Act to political attack as a \u201ccash grab\u201d or a \u201ctax\u201d, which could then quickly lead to its repeal.\nA.  This change downloads considerable authority to the Minister with regards to the \u2018D\u2019 permit process.  I am not supportive of this change, as the Minister generally has no formal education on the topic of their portfolio (e.g. scientific training), so their review of the permit in consultation with an independent expert is preferable to ensure an informed final decision.\nB.  I am not supportive of this change as it weakens the ESA permit process and would seem to support loss of individuals without compensation, through the described focus on the species \u201cmore generally\u201d.   Details requiring the \u201cbroadening\u201d measures are required to elicit more meaningful comments.\nC.   I am in agreement that a transition process is required for existing operators, however, mitigation to reduce harm to newly-listed species should come into effect immediately.   Once mitigation is in place, overall benefit actions or permit modification could be phased in over a 12 month period to reduce impacts to existing activities.\nD.  This statement sounds reasonable and any guidance and direction offered by the government to establish standards and guidelines will be of benefit to those navigating the ESA.\nE.  In very general terms, Overall Benefit actions that are directed to landscape-scale initiatives are preferable to the current random \u2018bit and piece\u201d method.  More details on how this would be required for a more complete comment, but in theory, I support this change.\nF.  No comment.\nG.  Though this change is favourable to species at risk, I still feel consultation with experts is of value to ensure balance.\n5. Enforcing the Endangered Species Act\nThe Act is so abysmally enforced I support ANY improvements in this aspect.\nThe current ESA is cumbersome and creates high levels of uncertainty for proponents.  Decreasing review time through additional staffing would assist greatly in reducing this uncertaintly.  For proponents tasked with performing Overall Benefit actions, landscape scale approaches would be of great benefit, however, these actions require support from lower levels of government to be accomplished successfully.  This support is not currently available and mechanisms to encourage municipalities to support the province\u2019s goals will be required for this approach to work, which this document does recognize.\nThe ESA not only protects species currently at risk, it also serves to prevent additional species from becoming at risk through habitat protection measures which benefit more than one species.  The legislation itself is not the major issue.  The processing time for information and applications is an issue.  Inadequate enforcement allowing dishonest proponents to contravene the Act while forcing honest proponents through YEARS of government back and forth is an issue.  Uncertainty regarding habitat requirements and critical habitat for existing listed species is an issue.  Uncertainty regarding the time and cost of an Overall Benefit permit is an issue.\nIf the government wants to assist species at risk and proponents, it would do itself a great service to look inwards.  Hire more review staff, fund more research, engage municipalities on landscape-scale approaches and make the process predictable for proponents. It is my opinion that these changes would have a large, positive effect for all involved in the process and would not require drastic legislative changes, such as those proposed.\nThank you for allowing me to comment on these proposed changes to the Endangered Species Act.\n"
    },
    "30849": {
        "url": "/comment/30849",
        "comment": "I am disgusted by the very thought of Ontario descending down the road trod by the very worst of countries, with little to no care about the repercussions of its own actions. Canada is now joining a list of bad actors and will be viewed as a place no longer ruled by compassion, sense or even sanity.\nI wish to express my blatant opposition to the proposed changes to Ontario's Endangered Species Act. In particular, the section entitled \"Creation of Regulatory Charge and Agency\" is especially dangerous as it suggests the implementation of a \"regulatory charge that could be paid by persons who are permitted to carry out otherwise prohibited activities\". Mike Schreiner of the Green Party summed up this section most aptly when he described it as the \"Pay to Slay\" fee. Endangered species are priceless, and no amount of money will help once they are gone. I am particularly disturbed that the proposed amendments to the Act would give politicians power to override the decisions of scientists.\nThe proposed changes also seek to \"(b)roaden the approach to minimizing adverse effects for permits and agreements... by shifting the focus from \u2018individual members\u2019 of the species to the \u2018species\u2019 more generally\". When it comes to endangered species, every single individual member of that species is of unprecedented import and deserves undiluted focus and complete protection! According to these changes, the habitat of an endangered species could be destroyed after a developer pays a fee or because that same species is reported to be maintaining population numbers elsewhere in Ontario. This will be completely devastating to the precious, fleeting presence of the animals, birds, reptiles, amphibians and plants which we, as human beings, are tasked with protecting. Please put a stop to the changes to Ontario's Endangered Species Act. We won't get a second chance at this!\n"
    },
    "27542": {
        "url": "/comment/27542",
        "comment": "Any changes to the Endangered Species Act must be to increase, and not decrease, protection for all wild beings.  Our poor, poor planet is getting ever closer to her tipping point and we must enact policies that will keep her from going over the edge.  We need to preserve whatever pristine wilderness  we have left and re-wild much of what we have stolen from the animal brothers.  If wild animals \"belong\" to anyone, then they \"belong\" to everyone and I don't want \"my\" wild animals used as targets by the \"fun with a gun\" crowd.  I want them to be respected for the sentient beings who they are and left alone to live their lives in peace.\n"
    }
}