{
    "27353": {
        "url": "/comment/27353",
        "comment": "- Repeal the 2013 exemptions for the forestry, hydro, mining and development industries;\n- Amend section 57 (1)1 of the ESA so that exemptions will only be allowed if they do not jeopardize the survival and recovery of endangered and threatened species;\n- Maintain COSSARO\u2019s current science-based listing process;\n- Maintain mandatory habitat protection with no ministerial discretion; and\n- Maintain the requirement for proponents of harmful activities to provide an on-the-ground overall benefit to species impacted with no backdoor option to simply pay into a fund to compensate for harm.\n"
    },
    "27354": {
        "url": "/comment/27354",
        "comment": "Hello,\nI am an ecologist with a background in ecological restoration and I am opposed to the payment-in-lieu provision in the changes to the ESA. It simply is not rooted in sound science. It seems to be grounded in thinking that if we destroy a bit of habitat in one area, we'll just spend money and improve/build habitat somewhere. This is an extremely flawed concept which has been studied numerous times.\nHabitat compensation projects rarely (if ever) come close to achieving the same sort of ecosystem productivity as what was there in the first place. The federal government has been trying this idea for decades with wetland compensation. A study of 16 habitat compensation projects found that AT LEAST twice the area that was destroyed needs to be created in order to achieve the same level of productivity; and that was only for the best projects. In order to ENSURE that productivity was compensated for, projects needed to create/improve 4.8x as much area as was destroyed. I will refer you to this paper for details: Quigley, J. T., & Harper, D. J. (2006). Effectiveness of fish habitat compensation in Canada in achieving no net loss. Environmental Management, 37(3), 351-366.\nIt's just foolish to think we can impact habitat in one location and reconstruct it elsewhere and everything will simply balance out. This policy needs to be avoided and no changes to the ESA should have anything to do with a payment in lieu policy.\n"
    },
    "27355": {
        "url": "/comment/27355",
        "comment": "The proposed changes in ERO 013-5033 are very concerning.  At this time we should be increasing the protection of endangered species, not weakening it.  Delicate habitats and species, once lost, cannot simply be replaced.  They must be protected, and are worth more than any industry, job, development, or dollar value.\nI am particularly opposed to:\n1. The cash-in-lieu \"Conservation Fund.\"  There is no replacement for endangered species.  No cash-in-lieu options should be considered.  If a development would harm species covered under this act, the development shouldn't happen, end of story.\n2. Changing the requirements to be considered an Endangered Species.  They should be maintained as they are, requiring science-based listing of species at risk (including Indigenous Traditional Knowledge), mandatory protection of threatened and endangered species and their habitats, and legislated timelines for planning and reporting.\n3. Leaving Ministers with the authority to temporarily suspend species and habitat protections.  This should be in the hands of 3rd party environmental experts, not the Minister.\nThank you for your time.\nPlease increase the protection of species in Ontario.  It is our responsibility.\n"
    },
    "27356": {
        "url": "/comment/27356",
        "comment": "These changes will weaken the protections of endangered species and are a very bad idea. Giving the minister increased discretion to not follow the recommendations of the scientific panel defeats the purpose of the panel and opens the process up to lobbying groups and backroom deals. Any changes made to the act should be to further protect species and limit growth to within existing city limits. Allowing companies to pay to destroy habitat is a terrible idea that takes the responsibility away from the developers to avoid causing harm to endangered species. This will lead to negative outcomes for species even if it funds some projects. Habitat loss is the leading cause of biodiversity loss on the planet and we should not be making it easier to destroy.\n"
    },
    "27358": {
        "url": "/comment/27358",
        "comment": "Dear Government of Ontario,\nThank you for the opportunity to add my voice to the public consultation process.\nThe science is clear that business-as-usual development and industrial activities continue to threaten the survival and recovery of wildlife in Ontario. What is needed is not greater efficiency for industry but, rather, greater efficiency to recover the province\u2019s at-risk species.\nI urge you to:\n\u2022 Focus on habitat-protection measures that are effective for the listed species and that simultaneously improve outcomes for multiple species at risk.\n\u2022 Work with other ministries to ensure coordination to limit cumulative impacts on the lands and waters that provide wildlife habitat.\n\u2022 Repeal the long list of exemptions for forestry, hydro, mining and commercial development, approved by cabinet in 2013.\n\u2022 Amend the law to set a higher bar for creating exemptions through regulation by ensuring they cannot jeopardize the recovery of threatened or endangered species.\n\u2022 Ensure local communities benefit from activities to maintain and restore endangered species and their habitat, including rural and northern communities.\nProtecting endangered species is not just about the species themselves, but it is also an important way to protect greater ecosystems. We all directly or indirectly benefit from these systems physically, socially, and economically.\nThank you\n"
    },
    "27359": {
        "url": "/comment/27359",
        "comment": "I am concerned about the proposed changes:\n- Introducing pay-to-proceed system on harmful activities defeats the purpose of the act. Developers and proponents should not be allowed to pay their way out of protecting endangered species\u2019 habitats.\n- Opening the scientific committee to non-scientist members allows people with no knowledge or scientific background to be involved in decisions for species, once again defeating the purpose of the act.\n- Giving the Minister the discretion to interfere with the listing of at risk species, brings politics into the protection of endangered species.\nPlease do not gut the current Ontario\u2019s Endangered Species Act!\n"
    },
    "27362": {
        "url": "/comment/27362",
        "comment": "Good day,\nI am ashamed of our government for bringing forth such devastating changes to the legislation. First, individuals without any scientific background should NOT be allowed to be part of COSSARO. Also, having to pay a fine to bypass environmental protection regulations is, in my opinion, bordering criminal negligence.\nThe provincial government is moving away from science-based decision-making, which will likely lead to devastating effects on the environment.\n\"...the proposed changes would provide the Minister with authority to temporarily suspend species and habitat protections for up to three years for some newly-listed species...\"\nI do not support these changes and ask that they be amended to reflect a more scientific-based approach.\nThank you for the opportunity to comment.\n"
    },
    "27367": {
        "url": "/comment/27367",
        "comment": "I am very concerned with some of the changes to the endangered species act. I feel that developing a trust fund for developers or companies to pay into, in lieu of protecting habitat is bad for ontario, and the diverse species and habitats in this province.\nMuch of Ontario\u2019s tourism industry is based on our natural environment, and the diversity of the creatures within it. This needs to be protected at all costs.\nThe habitat and creatures need to be protected and preserved, as once they are gone, no amount of money in a trust fund will restore what was lost.\nPreservation of habitat also ensures that Ontario\u2019s sport fishing and fishing tourism can continue and thrive.\nIn the face of climate change, which is already affecting the Great Lakes, more needs to be done to preserve habitat.\nI am also concerned with the changes to the time for a species to be listed and protected. The change from 3 months to 9 months leaves habitat and species at risk of\nDestruction.\nI do not support these amendments to the act.\n"
    },
    "27371": {
        "url": "/comment/27371",
        "comment": "I am a member of the Toronto Entomology Association and as such I work with certain species of butterflies that are at risk or have been submitted to be listed.  Consequently, I have a level of first-hand knowledge as well as a deep love for the natural world.\nThere are a number of very problematic and cognitively jarring issues with the proposed changes to legislation:\n1) The reason that we HAVE endangered species is largely due to heedless development and extraction.  Trees are being replanted because industry has not done so and habitat is being carefully restored because development has taken native habitat and replaced it will flora and fauna that is not native and causes harm to native species.  Much of this happened before we realized the damage we were doing.  WE DO NOT HAVE THAT EXCUSE ANYMORE.   We, as a society are fully aware, or certainly should be, of the damage that we have done and  the point of this legislation is to signal that industry and development must actually stop in certain cases, not that it should be given a license to continue damaging land or animals in return for paying financial compensation.  Money cannot assist us here.\n2) Science must be in the forefront of this legislation and consultation with the community (that would be people such as myself, an avocational entomologist who participates in citizen science,  alongside actual scientists) that is informed on the subject, although important, should be in auxiliary to the facts.\n3) changes to 'edge of range' definitions is particularly wrong-headed in light of quickly changing ranges in the era of climate change - in Ontario the ranges of birds are shifting dramatically every season.  Breeding grounds are changing for multiple species.  Plants are moving north.  We cannot look to another location and site it as holding the majority range with any kind of assurance.  Thus range is becoming a very poor indicator.\n4) Ministerial 'discretion' is a political term that should not apply here at all, nor is it a responsibility that should be unfairly foisted onto a politician whose qualifications are not primarily science.  We need stable, secure planning in order to protect Ontario's vast natural heritage and the political climate is never stable.  The minister has enough responsibility without being put in the risky situation to act in a politically motivated fashion that is not in the best interest of our natural heritage.\n5) There should be no approval available for industry or development projects that precludes ERO approval.  This is a necessary safety check that must happen in order for honesty and integrity to prevail.  Utilizing other laws as a 'back door' for approval damages our reputation as a society along with bringing almost certain harm to natural world.\n6) We are in a time of climate emergency and a great extinction event, world-wide.  Weakening the laws to protect native species of animals and plants that are under threat would be a tragedy that many, many citizens of Ontario will go to great lengths to avoid.\n"
    },
    "27372": {
        "url": "/comment/27372",
        "comment": "I am appalled at some of the changes to the Endangered Species Act.  Ontario needs strong policies to protect species at risk and their habitats throughout the province. Unfortunately, these currently proposed changes to the Endangered Species Act could place these habitats at risk.\nSome of the proposed changes could:\n\u2022\tAllow developers, municipalities, and industry to pay into a \u2018Conservation Trust\u2019 instead of fulfilling the requirements set out by the Act. This has been called a \u201cpay to slay\u201d proposal by many critics.\n\u2022\tOpen the species at risk assessment process for non-science-based decision making.\n\u2022\tSuspend species at risk protection if the species is common outside of Ontario. This opens the door for extirpation within Ontario and the disruption of local ecosystems.\n\u2022\tIntroduce longer delays for the protection of new species. This includes increasing the length of time it takes for a new addition to the Species at Risk list to be protected from 3 months to 12 months.\nMany of these changes could make it easier for development to occur on fragile and ecologically sensitive habitats. This includes areas that also provide other important services like flood management and carbon storage.\n"
    },
    "27373": {
        "url": "/comment/27373",
        "comment": "This proposal is the most asinine and ridiculous piece of writing. This proposal completely belittles not only flora and fauna of our environment it is single-handedly going to put our province on the map as an atrocious and greedy entity with little concern for the environment, animals and the health of those that live here.\nAllowing corporations to pay into a fund to be able to develop the land of protected species is just another example of nepotism among the wealthy. We literally have NO IDEA of the repercussions of the loss of endangered species and rare environmental habitats but evidence (such as the removal and reintroduction of wolves in the United States) would point towards a domino effect.\nWe should be working towards being leaders of the protection of the environment and endangered species as well restoring natural habitats. Ontario IS NOT a corporate conglomerate there for exploitation.\n"
    },
    "27374": {
        "url": "/comment/27374",
        "comment": "Your PC's party cuts on the environment and Endangered Species Act is disgusting!\nThis Change is Doug Ford's  9:00a.m. Dollar/beer; Tail Gate Loving premiers method of allowing Developers/Pits access to significantly endangered wet and Green Belt lands just for the sake of Growth.\nI am a P.C. supporter and run a business but this P.C. Gov't has gone to far in Slashing Environmental programs when all the signs of Climate change and Economic and Environmental disasters are being felt already.\nNon-Bias Science is were you should look before making any Environmental or Economic Change!\nI have been a P.C supporter but am NOT Voting P.C. on  October Federally or in any Bi-Election or Provincially.\nI will work to sway my P.C. friends from  not Voting P.C. as well.\n"
    }
}