{
    "28929": {
        "url": "/comment/28929",
        "comment": "I strongly support a long-term Section 55 Regulatory Exemption for the forest sector which recognizes the Crown Forest Sustainability Act (CFSA) as an equivalent process to the Endangered Species Act (ESA).  I do not support the attempts at harmonization of the CFSA with the ESA through amendments to Section 18 as proposed in this posting.\n"
    },
    "28930": {
        "url": "/comment/28930",
        "comment": "\u2022\tThe forest sector requires a permanent solution to the ESA\n\u2022\tThis can be best accomplished through a long term (permanent) section 55 Regulatory Exemption\n\u2022\tI do not support the section 18 \u2018harmonization option\u2019 as a solution for the forest sector \u2013 it does not effectively deal with the socio-economic risks posed to the sector by the ESA\n\u2022\tThe forest sector is an important driver of the northern economy and therefore a solution to the ESA is critical\n\u2022\tSection 55 Regulatory exemptions have provided the only viable path for the forest sector since the ESA was enacted more than a decade ago\n\u2022\tEndangered species are important, but so are jobs, communities, and the economy\n\u2022\tThe best way to manage for all three objectives is clearly by making the balanced CFSA an equivalent process to the ESA\n"
    },
    "28932": {
        "url": "/comment/28932",
        "comment": "Having developers pay to ignore aspects of environmental and species protection is a way to destroy any real protection of the environment. Once a species is gone, it can't be brought back for any amount of money. Once the landscape is altered, it alters the ecosystem with it. Leave the rules and regations in place to ensure future generations have an environment to appreciate.\n"
    },
    "28933": {
        "url": "/comment/28933",
        "comment": "Moi et ma famille vivons de l'exploitation durable des ressources forestieres depuis plus de vingt ans.  Nous sommes convaincus que notre mode de vie et que la facon dont sont geree nos forets ne constituent pas une menace pour les especes designees comme menaces et vulnerable.   Le cadre reglementaire actuel et les principes d'amenagement forestier applique sur les terres de la couronne sont suffisant pour proteger de facon durable les ressources du milieu forestier et se, de facon durable.  Nous souhaitons que l'exploitation des ressources forestieres fasse l'objet d'une exemption permanente de l'acte sur les especes en danger ( ESA ).\nCharles-Andre Prefontaine\nmembre de l'ordre des ingenieurs forestiers du Quebec\n"
    },
    "28935": {
        "url": "/comment/28935",
        "comment": "I strongly support a long-term Section 55 Regulatory Exemption for the forest sector which recognizes the Crown Forest Sustainability Act (CFSA) as an equivalent process to Endangered Species Act (ESA). I do not support the attempts at harmonization of the CFSA with the ESA through amendments to Section 18 as proposed in this posting.\nMy family relies on the industry and the industry has proven to sustain and re-generate the forest population, with no proven EVIDENCE showing the the industry is hurting the migration and life span of the endangered species in question. Communities are built off this industry creating a long lasting economy for my families.\n"
    },
    "28936": {
        "url": "/comment/28936",
        "comment": "I strongly support a long-term Section 55 Regulatory Exemption for the forest sector which recognizes the Crown Forest Sustainability Act (CFSA) as an equivalent process to Endangered Species Act (ESA). I do not support the attempts at harmonization of the CFSA with the ESA through amendments to Section 18 as proposed in this posting.\n"
    },
    "28938": {
        "url": "/comment/28938",
        "comment": "Last week Minister of Municipal Affairs and Housing, Steve Clark, introduced omnibus Bill 108, the More Homes, More Choice Act. This Bill affects 13 pieces of legislation including the Conservation Authorities Act, the Planning Act and the Endangered Species Act. This Bill contains just about everything developers, the aggregate industry and other industries have been seeking. Schedule 5 of Bill 108 contains the changes to the Endangered Species Act. These changes are sweeping and tantamount to having no Endangered Species Act at all. If passed the changes spell a dire future for species at risk in our province.\nOne of the proposed changes is that assessments of species be based not on the status of a species in Ontario, but instead on its status across its \"biologically relevant geographic range.\" Most species now listed as threatened or endangered in Ontario, which are considered to be more stable in the US, could be delisted (e.g. during regular reassessment processes) and receive no protection as a result.\nThis action will do irreparable harm to wildlife and therefore human life if it is enacted and must not be passed.\nOntario Nature has compiled the list of Threatened and Endangered Species currently listed along with their global status. G4 rank means apparently secure and G5 means secure. Based on the government's proposal, it is conceivable that 74% of currently listed threatened and endangered species could be delisted and lose protection.  This too will result in a seriously imbalanced ecosystem and so needs to be removed from Bill 108.\nThere are many more areas of concern, with both process and what is included in the proposed legislation.  I urge you to consider our planet's life over dollars and act ethically instead of irresponsibly.\n"
    },
    "28940": {
        "url": "/comment/28940",
        "comment": "The minister does not need to have more oversight and power. They are appointed by the premier who has shown no support for environmental change or protection. Only change and protection of industry and sprawl.\nThere is no need to lengthen the amount of time a recommended change takes to come into effect other than to watch the continued destruction of a species\u2019 habitat for the extra 9+ months the minister twiddles his thumbs so that industry can continue to grow in lieu.\nPlease prioritize Ontario\u2019s at risk species and their habitats. Not industry. Not the dictatorship.\n"
    },
    "28941": {
        "url": "/comment/28941",
        "comment": "The planet is currently facing its sixth mass extinction and this one is driven by human activity. The recent Intergovernmental Science-Policy Platform on Biodiversity and Ecosystem Services (IPBES) report listed five major driving factors in the global loss of biodiversity, including \u201cchanges in land and sea use; direct exploitation of animals and plants; climate change; pollution; and invasive alien species\u201d.\nStrengthening and enforcing the Ontario Endangered Species Act should be of paramount importance to the Ontario government in the face of these global threats to biodiversity. Ontario was the first province in Canada to implement an Endangered Species Act in 1971, and was once heralded as setting the \u201cgold standard\u201d for species at risk protection. We as a province have a responsibility to continue to be a leader in species\u2019 conservation and recovery. To do so, we must reinforce protections for species at risk and their habitats and promote their recovery.\nIt is extremely disheartening that the \u201c10th Year Review of Ontario\u2019s Endangered Species Act: Proposed changes\u201d has proposed such detrimental updates to the act. These updates will only weaken the protections put in place for species at risk. The changes are selfish and short-sighted, and are not written in the best interest of environmental protections. I do not support the proposed changes to the Ontario Endangered Species Act (ESA) and list below the most problematic changes. I call for the Ontario government to do better. I believe that Ontario has a responsibility to preserve our biodiversity and natural spaces for future generations.\n1)  Assessing species at risk and listing them on the Species at Risk in Ontario List\nCurrently, once COSSARO submits a report the Minister, the species must be added to the SARO list within three months. Once listed, the species and its habitat gain legal protection. The proposed changes suggest extending this timeframe from three to twelve months. There is no reason to extend this timeline and doing so is contradicting the goal of the ESA.\nThe proposal also states that the minister can veto COSSARO recommendations. The Minister should not have the authority to undermine a committee composed of independent experts and single-handedly decide which species will be added to the SARO list. I would also like to point out that the current Minister, Rod Phillips, has no scientific background or training in environmental policy, conservation or restoration science. He was the former CEO of the Ontario Lottery and Gaming Corporation and should not have the authority to veto COSSARO recommendations.\nThe proposed changes to SARO listing protocols will also result in less protections for edge-of-range species. Protecting edge of range species is important - Ontario makes up the northern-most extent of ranges for species currently listed under SARO. Within the onset of climate change, range sizes are shrinking and Northern ranges are particularly vulnerable. We must continue to enforce protections across a species\u2019 entire range.\nFinally, there is concerning and ambiguous language surrounding COSSARO membership being open to those with \u201ccommunity knowledge\u201d and opens the door for membership to be exploited.\n2) Defining and implementing species and habitat protections\nThe proposed changes suggest that a SARO listing does not mean automatic protections to a species at risk and its habitat. The Minister would have the authority to suspend species and habitat protections for up to three years. This is a glaring problem and once again contradicts the spirit of the ESA.\n3) Developing species at risk recovery policy\nThe proposed changes to the ESA include more pointless and detrimental delays. The Minister would have the authority to delay the development of Government Response Statements and reviews of the progress towards protection and recovery. There is no scientific or environmentally sound reason for these delays, nor do they act in the best interest of species at risk.\n4) Issuing Endangered Species Act permits and agreements and developing regulatory exemptions\nAllowing municipalities or other infrastructure developers to pay a fee instead of abiding by the protections put in place by the ESA is an egregious flaw and incredibly problematic. I do not support this \u201cpay to slay\u201d policy. Ontario should not put a price on our biodiversity. Once again, this is in direct contradiction to the goals of the ESA. The proposed changes also state that the Minister no longer needs to meet with independent experts when considering issuing permits and exemptions, which is a gross oversight.\nSummary:\nI disagree with the proposed changes to the Ontario Endangered Species Act that the Government of Ontario wants to push forward.\nThe goals of the proposal are to \u201cimprove the effectiveness of the program for species at risk by ensuring Ontario\u2019s best-in-class endangered and threatened species protections; include advice and species\u2019 classifications from an independent scientific committee and modern approaches to enforcement and compliance; species and habitat protections; and recovery planning\u201d.\nIn contrast to these goals, the proposal is ignoring the advice of an independent scientific committee of experts. It is severely crippling enforcement and compliance. It is weakening species and habitat protections. It is delaying recovery planning. It is giving unnecessary and damaging authority to the Minister, who has no reason to veto, suspend or delay species at risk protections. In no way do the proposed changes meet the goal of the ESA.\nI am disappointed in this proposal and charge Ontario to do better. In the face of the current global biodiversity crisis, we must advocate for the preservation of species at risk.\n"
    },
    "28943": {
        "url": "/comment/28943",
        "comment": "The Friends of Misery Bay is a volunteer group dedicated to the preservation of the Misery Bay Provincial Park, and by extension to the conservation of natural habitats that support species at risk. We wish to register our strong opposition to the changes to the Endangered Species Act that are being considered. They will not improve outcomes for species at risk. On the contrary, they would make it easier for industry and developers to destroy the habitats of our most vulnerable plants and animals.\nSome of the proposed changes appear to be designed to take the protection of species at risk away from science-based decision-making, into the political realm. We do not support changes which would introduce broad ministerial discretion to interfere with the science-based listing process, to suspend and limit protections, and to ignore legislated timelines for policies and reporting. Nor do we support the scheme that would allow developers and other proponents of harmful activities to pay into a fund in lieu of fulfilling requirements for on-the-ground reparation for the damage they do to species and their habitats. Payments into fund will increase government coffers but will not save the species they destroy.\nMisery Bay Provincial Park is on Manitoulin Island, which is the home of many species at risk, including The Manitoulin Gold (aka Lakeside Daisy), the Dwarf Lake Iris, Barn Owl, Evening Grosbeak, Sharp Tailed Grouse, Hills Thistle, Pitcher\u2019s Thistle and Blanding's Turtle, to name just a few. Removing any species from the list will jeopardize their survival.\nImproving outcomes for species at risk requires enforcement, not weakening, of the law. It also requires investment in stewardship, not writing off species at risk and their habitats as red tape.\nSincerely\nTed Kilpatrick - chair of Friends of Misery Bay\n"
    },
    "28944": {
        "url": "/comment/28944",
        "comment": "Comments as follows:\nGeneral comments:\nComment #1\nThis entire proposal is far to vague to actually assess what these changes could mean in a future where development in sensitive habitats is not only encouraged but rewarded by the current government regime.\nComment #2\nIf this government is dedicated to being transparent with the tax payers of Ontario, then the government should be providing clear details and rules on how they will be dealing with instances when the private sector pressures the Minister into making certain decisions because they want their business or development to go through without regard for the short or long term impacts it might have to the natural environment. How are you going to ensure that the Minister stays genuine and is not corrupted by big business?\nSection 1. Assessing species at risk and listing them on the Species at Risk in Ontario List\nComment #3\nIn the following section:\nA. Provide the public earlier notice of COSSARO's species\u2019 assessment and classification results by making its report available to the public no later than three months after it is received by the Minister. Also, extend the time from when a COSSARO report is received by the Minister to when listing is to occur from three to twelve months (i.e., when a species must be added to the SARO List).\nComment: What is stopping developers from going and destroying all the at risk species on their sites while the species don\u2019t have protection yet because you delayed the implementation?\nComment #4\nIn the following section of the proposed change:\nD. Allow the Minister to require COSSARO to reconsider the classification of a species where the Minister forms the opinion based on scientific information that the classification may not no longer be appropriate. For species that are not yet on the list or are listed as special concern, the proposed changes provide that the species would not be added to the SARO List or listed to a more endangered status during COSSARO's re-assessment.\"\nComment: How is the Minister forming this potential decision, and what scientific information are they using to make this decision? What sources will be allowed or not allowed to be used for this \"scientific information\"? How will the scientific information be vetted? Does the Minister have complete power to decide to not take certain available scientific truths into consideration if someone whose vested interest is not in the protection of species at risk tells them to? The public deserves to know how such an absolute power will be handled in very specific detail.\nComment #5\nIn the following section of the proposed change:\nE. Require COSSARO to consider a species\u2019 condition around its broader biologically relevant geographic area, inside and outside Ontario, before classifying a species as endangered or threatened. If the overall condition of risk to the species in the broader biologically relevant geographic area is lower, COSSARO would be required to adjust the species\u2019 classification to reflect its overall condition.\nComment: How broad is broad? Are you actually suggesting that the Minister can force COSSARO to de-list or decide not to list species because they are common 800km away in the southern United States? Broad needs to be defined and measurable, and potentially different for each species. Details are required here.\nSection 2. Defining and implementing species and habitat protections\nComment #6\nIn the following section of the proposed changes:\nA. De-couple the listing process from automatic protections and provide greater Minister\u2019s discretion on protections, while keeping the assessment as a science-based process at arm\u2019s length. While the role of classifying species would remain with COSSARO and listing of classified species would continue to be required, the proposed changes would provide the Minister with authority to temporarily suspend species and habitat protections for up to three years for some newly-listed species when the following specified criteria are met:\ni. applying the prohibitions to the species would likely have significant social or economic implications for all or parts of Ontario so additional time is required to determine the best approach to protect the species and its habitat;\nii. the temporary suspension will not jeopardize the survival of the species in Ontario; and\niii. one of the following further criteria is met:\n1.\tthe species has a broad distribution in the wild in Ontario;\n2.\thabitat availability is not a limiting factor for the species;\n3.\tadditional time is needed to address the primary threats to the species, or co-operation with other jurisdictions is necessary to reduce the primary threats to the species,\n4.\tother criteria that may be specified by regulation.\nComment: What training or higher education does the Minister have to make discretion decisions on highly scientific and complex environmental systems? The current Minister has degrees in political science and English. How will the Minister\u2019s education be supplemented in order to make informed decisions? Who is advising the Minister, and are those individuals competent in these complex environmental systems? Will the Minister be receiving training from the scientific community in order to make these decisions? Or will the Minister who is not educated in such things have the power to make decisions without understanding the full impact that those decisions have? Perhaps it would be in the best interest of everything that calls Ontario home to have a Minster who is actually educated in environmentally related topics.\nFurther, how is \u201csignificant social or economic implications for all or parts of Ontario\u201d defined? Does the Minister have the ability to just make arbitrary decisions that something that isn\u2019t truthfully a significant economic impact now is because a business pressures them to?\nHow is \u201cbroad distribution\u201d defined under (iii.1.)? Who is defining this?\nUnder Item 4, what other criteria is this in reference to? What regulations are being targeted here? More details are required here.\nComment #7\nIn the following section:\nB. Enable scoping of species protections, where appropriate, via new Minister\u2019s regulations. This proposed new authority would enable species protections to apply to specific geographies or in specific circumstances (e.g., to species that are not affected by disease).\nComment: How is this notion of lifting protection for certain areas being regulated or managed? Who decides this? How is the Minster developing these regulations? And this section notes a new authority- what is this?\nComment #8\nIn the following section:\nC. Remove the mandatory legislative requirement and timeline to develop a habitat regulation proposal for each newly-listed threatened or endangered species and retain the option to develop a habitat regulation when needed.\nComment: Why are you removing the development of habitat regulations for species? What criteria is being used to decide when you will do it?\nComment #9\nIn the following section:\nD. Enable the Minister, rather than LGIC, to make species-specific habitat regulations.\nComment: Again, what qualifications does the Minster have to be making such decisions? Who will be advising the Minister on these decisions? How are you ensuring that the Minister stays true and is not being coerced into making poor environmental decisions to help benefit the pockets of corporations and business? How is that situation beneficial for tax payers?\nSection 3. Developing species at risk recovery policies\nComment #10\nIn the following section:\nA. Give the Minister discretion to extend the nine-month Government Response Statement development timeline, for some species.\nComment: How is the Minister deciding when this happens? Who is advising the Minister on this? The Ministry or businesses? How will it be determined what species this can be done for?\nComment #11\nIn the following section:\nC. Allow the Minister to extend timelines for conducting the review of progress towards protection and recovery based on individual species\u2019 needs.\nComment: What qualifications does the Minster possess to be able to determine the specific needs of species? Who is advising the Minister on this? What metrics will be used to determine these needs? When are you saying it would be appropriate to delay research into the progress of species?\nComment #12\nIn the following section:\nD. Remove duplicative requirements by removing specific reference to posting under the Environmental Bill of Rights, 1993 and instead requiring that certain products under the Act be made available publicly on a government website.\nComment: Why? Why are you making this change?\nSection 4. Issuing Endangered Species Act permits and agreements and developing regulatory exemptions\nComment #13\nIn the following section:\nCreation of Regulatory Charge and Agency \u2013 \u201cThe funds would support strategic, coordinated and large-scale actions that assist in the protection and recovery of species at risk\u2026. The proposed amendment would restrict the funds to fund only those activities that are reasonably likely to support the protection and recovery of prescribed species.\u201d\nComment: How is this going to be managed? Will there be timeframes and locational restrictions on where the money can be spent, and by whom? For example, if you let a developer destroy a wetland to build a commercial plaza, and that wetland contained species at risk that can be destroyed in this \u201cpay to play\u201d regime, will the money collected be used to benefit this wetland species? If not, then how is this pay to play regime beneficial to that species? Will there be timeline restrictions on how long the government can wait between allowing for the destruction of species at risk and their habitat, and when the money has to be used to provide benefit? How will you ensure that all the species destined to be destroyed in this \u201cpay to play\u201d regime are receiving equal benefit from the pool of money? Will each species have their own pool of money?\nFurther to this, who will own the land where the money is being spent? What is stopping a situation where restoration has occurred with money from this fund, and then a developer comes along and wants to build infrastructure on these funded restoration lands, and then that is destroyed because the developer paid into the fund, and now you have a net zero gain from all the previous destructions because their restoration has now been destroyed?\nComment #14\nIn the following section:\nCreation of Regulatory Charge and Agency \u2013 \u201c\u2026The proposed charges would only be available in respect of species prescribed by regulation\u2026 The proposed changes would provide for the ability to make a regulation to prescribe a subset of the species prescribed under the listing regulations as eligible for the payment-in-lieu charge.\u201d\nComment: Who is deciding which species are going to be destined for destruction? How is that being managed or updated? If a species on this destruction list becomes even more endangered over time because they continually get killed by developments, is there a mechanism to remove them from this destruction list?\nComment #15\nIn the following section:\nCreation of Regulatory Charge and Agency \u2013 \u201c\u2026Clients would still need to fulfill some on-the-ground requirements, including considering reasonable alternatives for their activity and taking steps to minimize the adverse effects of the activity on the species at risk.\u201d\nComment: What would these on the ground requirements look like? Who determines what they will be? How will these activities be overseen to ensure they are actually completed?\nComment #16\nIn the following section:\nCreation of Regulatory Charge and Agency \u2013 \u201c\u2026The agency would receive the funds and ensure informed, unbiased and expert decisions are made to disburse the funds to third parties that will undertake the activities in accordance with the purposes proposed to be set out in the statute. \u2026 The Minister would have the ability to establish guidelines (e.g. objectives and priorities) for funding and set standards for activities that receive funding\u2026 The proposed changes would include regulation making authority in respect of the composition, operation, governance and management of the agency (for example, composition of the board of directors for the agency).\u201d\nComment: How is the agency going to be unbiased if the Minster determines the guidelines, regulations, and can influence who is on the board of directors? Shouldn\u2019t the money be spent based on scientific truth and the opinion of qualified persons?\nComment #17\nIn the following section:\nAdditional Changes relating to Issuing Permits, and to Agreements and Regulatory Exemptions- A. Remove the requirement for the Minister to consult with an independent expert in the \u2018D\u2019 permit process and replace the requirement for LGIC approval with Minister approval.\nComment: How is the Minister qualified to make decisions that were previously made by an independent expert? What training is the Minister receiving to now take on this role?\nComment #18\nIn the following section:\nAdditional Changes relating to Issuing Permits, and to Agreements and Regulatory Exemptions- B. Broaden the approach to minimizing adverse effects for permits and agreements (e.g., \u2018C\u2019 permit, \u2018D\u2019 permit, landscape agreements, section 18 harmonization) by shifting the focus from \u2018individual members\u2019 of the species to the \u2018species\u2019 more generally.\nComment: How are you ensuring that this change will not result in the extirpation of species from geographic areas where there are limited numbers of individuals found? Or is the government intending on extirpating species that they believe are in the way?\nComment #19\nIn the following section:\nAdditional Changes relating to Issuing Permits, and to Agreements and Regulatory Exemptions- D. Enable the Minister to establish codes of practice, standards or guidelines with respect to species at risk or their habitat, and enable regulations made under the Act to incorporate documents to supplement requirements or conditions related to species at risk.\nComment: How is the Minister qualified to establish these standards and guidelines? Who will actually be developing these guidelines?\nComment #20\nIn the following section:\nAdditional Changes relating to Issuing Permits, and to Agreements and Regulatory Exemptions- F. Replace s.18 with a new provision that would include a more flexible test and would allow the Minister to prescribe activities by regulation, to allow them to be carried out without requiring any additional authorizations under the ESA. An activity could be prescribed for this purpose, where it\u2026\nComment: How are these regulations being decided? What checks and balances are in place to ensure these are not developed each time a business wants to develop in an area with species at risk and they just don\u2019t want to have to deal with the \u201cproblem\u201d?\nComment #21\nAdditional Changes relating to Issuing Permits, and to Agreements and Regulatory Exemptions- G. Remove the requirement for the Minister to consult with an expert if the Minister forms the opinion that a proposed regulation is likely to jeopardize the survival of the species in Ontario or to have any other significant adverse effect on the species\nComment: How is the Minister forming this opinion? Who is advising the Minister of this opinion? If a regulation is in fact jeopardizing the survival of a species, how is the Minister being informed, and what obligation does the Minister have to make a change to ensure the species does not become extirpated or extinct?\nWith regard to the details provided in Bill 108:\nComment #22\nIn the following section:\n3. Same(5)If consideration of the condition of the species both inside and outside of Ontario under clause(4) (b) would result in a species classification indicating a lower level of risk to the survival of the species than would result if COSSARO considered the condition of the species inside Ontario only, COSSARO\u2019s classification of a species shall reflect the lower level of risk to the survival of the species.\nComment: What regard is being given to distinct population groups? For example, if an endangered species in Ontario has a more populous group of relatives further into the states, but the genetic makeup of the two populations is different, are you still suggesting of downgrading the Ontario population even though it is genetically different from the population across the border? Is genetic testing studies being completed to check this? Having increased genetic diversity within species is important to ensuring resiliency as the climate starts changing and plants and animals are forced to adapt.\nComment #23\nIn the following section:\nDelay of prohibitions upon initial listing 8.2\nLimitations(3)Subsections (1) and (2) authorize a person to carry out an act that would otherwise be prohibited under clause 9 (1) (a) and subsection 10 (1) or to possess or transport something contrary to clause 9 (1) (b), subject to the following limitations:1.The person shall take reasonable steps to minimize the adverse effects of the activity that was authorized by the permit or agreement referred to in subsection (1) on the species that is listed on the Species at Risk in Ontario List as an endangered or threatened species for the first time.\nComment: What are \u201creasonable steps\u201d? How are reasonable steps defined? Who decides if the steps are reasonable? Reasonable steps to a developer are going to be a lot different than the reasonable steps an ecological expert would be taking.\nComment #24\nIn this section:\nException,species regulations(1.2)Subject to section 57, the  Minister  may, by regulation, limit the  application of the prohibitions in subsection (1)  with respect to a species that is listed on the Species at Risk in Ontario List as an endangered or threatened species.Same(1.3)Without limiting the generality of subsection (1.2), a regulation under that subsection may,(a)provide that  some of the prohibitions in subsection (1) do not apply with respect to a species or provide that they do not apply in specified circumstances;(b)limit the geographic areas to which all or some of the prohibitions in subsection (1) apply, or the times at which they apply, with respect to a species;(c)limit  the  application  of  all  or  some  of  the  prohibitions  in  subsection  (1)  to  a  specified  stage  in  the  development  of  a species; or(d)provide that a limitation set out in the regulation is subject to specified conditions.\nComment: Under what specified circumstances would protecting endangered species be deemed not applicable? How is the Minister deciding when this can occur, and what flexibility do they have in making such a decision?\nComment #25\nIn this section:\nBenefiting species(2)The  benefiting  species  under  a  landscape  agreement  are  not  required  to  be  an  impacted  species  under  that  agreement, subject to clause (3) (a)\nComment: If a developer comes in and wants to develop the last remaining habitat in a geographic area of the say Blanding\u2019s Turtle, and you allow it under a landscape agreement, because there were other species at risk also impacted, and the developer decides to benefit the Barn Swallow because it was also in the area, how is that in any way a benefit to the Blading\u2019s Turtle, that has been much more significantly impacted? The benefits in a landscape agreement should go to the species most severely impacted by the activity.\n"
    },
    "28945": {
        "url": "/comment/28945",
        "comment": "Thank you for the opportunity to comment on the proposed changes to the ESA. I strongly oppose the changes that are being considered. They will not improve outcomes for species at risk. On the contrary, they would make it easier for industry and developers to destroy the habitats of our most vulnerable plants and animals.\nMore specifically, I do not support changes which would introduce broad ministerial discretion to interfere with the science-based listing process, to suspend and limit protections, and to ignore legislated timelines for policies and reporting. Nor do I support the \u201cpay-to-slay\u201d scheme that would grease the wheels of destruction by allowing developers and other proponents of harmful activities to pay into a fund in lieu of fulfilling requirements for on-the-ground reparation for the damage they do to species and their habitats.\nImproving outcomes for species at risk requires enforcement, not weakening, of the law. It also requires investment in stewardship, not writing off species at risk and their habitats as red tape.\n"
    },
    "28946": {
        "url": "/comment/28946",
        "comment": "I strongly support a long-term Section 55 Regulatory Exemption for the forest sector which recognizes the Crown Forest Sustainability Act (CFSA) as an equivalent process to the Endangered Species Act (ESA).\u00a0 I do not support the attempts at harmonization of the CFSA with the ESA through amendments to Section 18 as proposed in this posting.\n"
    }
}