{
    "30173": {
        "url": "/comment/30173",
        "comment": "I am concerned about the changes to Ontario\u2019s Endangered Species Act. We are the most densely populated province with the highest concentration of endangered species. If there is any province that needs evidence-based decision making it would be Ontario. Development and conservation are not mutually exclusive. We just need to be smarter about how and where we develop and how we plan to restore or mitigate this impact. I am concerned about the short-sightedness of some of the changes being made to this Act.\n1)\tI am concerned about the development of a land trust instead of the requirement to do protection activities. Recovery and conservation need to be priorities, and this should be focus on the habitat that was disturbed. Many of these species having a fidelity to their habitat, and so offsetting habitat elsewhere will not produce an equivalent benefit. I am also concerned about the loose language that funds are \u201creasonably likely to support the protection and recovery of these species\u201d. This allows for too vague of an interpretation of what actions need to be taken.\n2)\tI am concerned about abandoning the \u201cedge of range\u201d species. With climate change the genetic diversity of these northern populations will become more important with the northern migration of species.\n3)\tI am concerned about changes that limit protections, veto protections, bypass ESA requirements and bypass consultations. Critical habitat ought to be critical habitat regardless of who or what is being proposed.\n4)\tI am concerned about the delays in the listing and changing of status of SAR that is proposed to occur. We ought to be adapting to the problem on a time scale that is representative of the problem and not delay listings by up to 5 years\n"
    },
    "30178": {
        "url": "/comment/30178",
        "comment": "I strongly support a long-term Section 55 Regulatory Exemption for the forest sector which recognises the Crown Forest Sustainability Act (CFSA) as an equivalent process to the Endangered Species Act (ESA).\nI do not support the attempts at harmonization of the CFSA with the ESA through amendments to Section 18 as proposed in this posting. I do not support the section 18 \u2018harmonization option\u2019 as a solution for the forest sector it does not effectively deal with the socio-economic risks posed to the sector by the ESA. The forest sector is an important driver of the northern economy and therefore a solution to the ESA is critical.\n"
    },
    "30181": {
        "url": "/comment/30181",
        "comment": "I think the Endangered Species Act should be strengthened, not weakened.\nAllowing developers to pay to bypass regulations is a terrible idea.\nThe law needs more teeth to punish those who break the rules with massive fines \u2014 which, for the cost of a few more enforcement officers could easily generate the same income as the proposed \u201cpay to play\u201d\nOntario can still be open for business and not a regulatory pushover.\n"
    },
    "30189": {
        "url": "/comment/30189",
        "comment": "The planet is currently facing its sixth mass extinction and this one is driven by human activity. The recent Intergovernmental Science-Policy Platform on Biodiversity and Ecosystem Services (IPBES) report listed five major driving factors in the global loss of biodiversity, including \u201cchanges in land and sea use; direct exploitation of animals and plants; climate change; pollution; and invasive alien species\u201d.\nStrengthening and enforcing the Ontario Endangered Species Act should be of paramount importance to the Ontario government in the face of these global threats to biodiversity. Ontario was the first province in Canada to implement an Endangered Species Act in 1971, and was once heralded as setting the \u201cgold standard\u201d for species at risk protection. We as a province have a responsibility to continue to be a leader in species\u2019 conservation and recovery. To do so, we must reinforce protections for species at risk and their habitats and promote their recovery.\nIt is extremely disheartening that the \u201c10th Year Review of Ontario\u2019s Endangered Species Act: Proposed changes\u201d has proposed such detrimental updates to the act. These updates will only weaken the protections put in place for species at risk. The changes are selfish and short-sighted, and are not written in the best interest of environmental protections. I do not support the proposed changes to the Ontario Endangered Species Act (ESA) and list below the most problematic changes. I call for the Ontario government to do better. I believe that Ontario has a responsibility to preserve our biodiversity and natural spaces for future generations.\n1)  Assessing species at risk and listing them on the Species at Risk in Ontario List\nCurrently, once COSSARO submits a report the Minister, the species must be added to the SARO list within three months. Once listed, the species and its habitat gain legal protection. The proposed changes suggest extending this timeframe from three to twelve months. There is no reason to extend this timeline and doing so is contradicting the goal of the ESA.\nThe proposal also states that the minister can veto COSSARO recommendations. The Minister should not have the authority to undermine a committee composed of independent experts and single-handedly decide which species will be added to the SARO list. I would also like to point out that the current Minister, Rod Phillips, has no scientific background or training in environmental policy, conservation or restoration science. He was the former CEO of the Ontario Lottery and Gaming Corporation and should not have the authority to veto COSSARO recommendations.\nThe proposed changes to SARO listing protocols will also result in less protections for edge-of-range species. Protecting edge of range species is important - Ontario makes up the northern-most extent of ranges for species currently listed under SARO. Within the onset of climate change, range sizes are shrinking and Northern ranges are particularly vulnerable. We must continue to enforce protections across a species\u2019 entire range.\nFinally, there is concerning and ambiguous language surrounding COSSARO membership being open to those with \u201ccommunity knowledge\u201d and opens the door for membership to be exploited.\n2) Defining and implementing species and habitat protections\nThe proposed changes suggest that a SARO listing does not mean automatic protections to a species at risk and its habitat. The Minister would have the authority to suspend species and habitat protections for up to three years. This is a glaring problem and once again contradicts the spirit of the ESA.\n3) Developing species at risk recovery policy\nThe proposed changes to the ESA include more pointless and detrimental delays. The Minister would have the authority to delay the development of Government Response Statements and reviews of the progress towards protection and recovery. There is no scientific or environmentally sound reason for these delays, nor do they act in the best interest of species at risk.\n4) Issuing Endangered Species Act permits and agreements and developing regulatory exemptions\nAllowing municipalities or other infrastructure developers to pay a fee instead of abiding by the protections put in place by the ESA is an egregious flaw and incredibly problematic. I do not support this \u201cpay to slay\u201d policy. Ontario should not put a price on our biodiversity. Once again, this is in direct contradiction to the goals of the ESA. The proposed changes also state that the Minister no longer needs to meet with independent experts when considering issuing permits and exemptions, which is a gross oversight.\nSummary:\nI disagree with the proposed changes to the Ontario Endangered Species Act that the Government of Ontario wants to push forward.\nThe goals of the proposal are to \u201cimprove the effectiveness of the program for species at risk by ensuring Ontario\u2019s best-in-class endangered and threatened species protections; include advice and species\u2019 classifications from an independent scientific committee and modern approaches to enforcement and compliance; species and habitat protections; and recovery planning\u201d.\nIn contrast to these goals, the proposal is ignoring the advice of an independent scientific committee of experts. It is severely crippling enforcement and compliance. It is weakening species and habitat protections. It is delaying recovery planning. It is giving unnecessary and damaging authority to the Minister, who has no reason to veto, suspend or delay species at risk protections. In no way do the proposed changes meet the goal of the ESA.\nI am disappointed in this proposal and charge Ontario to do better. In the face of the current global biodiversity crisis, we must advocate for the preservation of species at risk.\n"
    },
    "30193": {
        "url": "/comment/30193",
        "comment": "RE:\tBill 108: Schedule 5 - Changes to Endangered Species Act\nThe Kingston Field Naturalists (KFN) participated in the Ontario Government\u2019s 10th year review of the Endangered Species Act (\u201cESA\u201d)(ERO 013-4143) earlier this year. KFN\u2019s membership includes over 500 residents and families actively involved in protecting the environment and quality of life in the Kingston area.  For over 70 years our members have monitored plants, wildlife and the natural environment in the Kingston area.\nAs the owner of a number of private nature reserves and an organization dedicated to environmental stewardship in the Kingston area, KFN wishes to express its disappointment over the changes proposed by your government to the ESA. Ontario\u2019s biological diversity is unmatched in Canada, but this means that our province also has special responsibilities. In our respectful view, the Ontario Government can and should be leading the way on the protection of vulnerable species in Canada. Unfortunately, at almost the same time that the United Nations is reporting an unprecedented threat of extinction for a million species,  the Ontario government is proposing to roll back protection for our species at risk. The proposed changes to the ESA are not in the best interests of future generations of Ontario residents.\nThe KFN has reviewed Bill 108. We have a number of comments to offer on the changes proposed in Schedule 5 of the Bill:\n\u2022\tChanges to the criteria for classification of species at risk, especially those at northern or southern ends of their ranges likely means that species in trouble in special areas such as Ontario\u2019s Carolinian habitats may no longer be protected. These are special and important areas.\n\u2022\tOverall the changes to the ESA proposed in Bill 108 offer multiple avenues for delaying government decision-making. This increases uncertainty for both the environment and developers. It also means that the status of species at risk can continue to deteriorate while government delays unfold. This uncertainty makes the \u201cred tape\u201d problem worse not better.\n\u2022\tBill 108 expands the scope of Ministerial discretion to a point where science-based decision making is undermined. KFN understands and accepts the need for political decisions to be made in the public interest. We nonetheless suggest that Ministers of the Government should let scientific experts give them the best advice possible and only then make clear accountable decisions. Including multiple avenues for reviews and inserting political considerations too early in the process has the potential to confuse the results of species assessments.\n\u2022\tThe Bill eliminates automatic protection for the most vulnerable of species for a year for existing permit and agreement holders and allows the Minister to suspend protection of habitat and species for up to three years based on socio-economic factors. It further allows protections, once they become available, to be limited by geography or specific circumstances. The result is that protection for threatened and endangered species and their habitats will largely be discretionary. In addition, the product of this system is going to be complex, hard to track and hard for Ontario residents and industry to understand.\n\u2022\tThe Ministerial discretion for indefinite delay of recovery statements and removal of requirements for EBR notices of recovery strategies and management plans will make it harder for Ontario residents to contribute to government decision-making on species recovery and will delay government action to ensure that recovery efforts are initiated.\n\u2022\tIn many ways the Bill will facilitate harmful activity which further impacts vulnerable species. Paying into a fund may encourage general consideration of the challenges to and the needs of species at risk but it will not protect species and habitats confronted by immediate threats. Various new provisions for permits and agreements provided for in the Bill will contribute to actual habitat and wildlife losses.\nIn conclusion, the KFN\u2019s assessment of Schedule 5 to Bill 108 is that it will reduce protections for and actually contribute to losses of species at risk and their habitats. We urge the Government of Ontario to reconsider the contents of Schedule 5. These proposed legislative changes will not contribute to sustainable development in Ontario and in our respectful view, they are not in the public interest.\nPresident, Kingston Field Naturalists\n"
    },
    "30207": {
        "url": "/comment/30207",
        "comment": "The forest sector in Ontario provides jobs, supports communities, stabilizes the economy as well as protects endangered species across Ontario. It is also an important driver in the northern communities of Ontario. Determining a permanent solution to the Endangered Species Act (ESA) is critical, and the best solution to manage the above said objectives is to make the balanced CFSA an equivalent process to the ESA. I strongly support a long-term Section 55 Regulatory Exemption for the forest sector which recognizes the Crown Forest Sustainability Act (CFSA) as an equivalent process to the Endangered Species Act (ESA).  I do not support the attempts at harmonization of the CFSA with the ESA through amendments to Section 18 as proposed in this posting.\n"
    },
    "30211": {
        "url": "/comment/30211",
        "comment": "The proposed changes to the ESA is a gift to developers, at the cost of all Ontarians and endangering food security.\nI'm not leaving this comment to tell you that Ontarians value biodiversity and wildlife, and that the proposed changes eviscerating the ESA will harm both of those. You already know that.\nI'm writing this comment to protest the long term economic damage that you will be doing to the province, and, in consequence, all Ontarians, regardless of whether they care for the environment or not.\nUsing economic language, natural areas and ecosystems provide a variety of what are called positive externalities, or benefits to third parties without imposing a cost on those third parties. Forests, for example, regulation of climate, carbon storage and erosion control. Pollinators such as bees (certain species are on the endangered list in Ontario) are important for food supply. In contrast, destroying these cause negative externalities, as do other things that impact the environment (such as polluting the air, water, etc.), meaning that the long-term social cost is not fully captured by the person or organization conducting these activities, but is rather passed on to everyone else. In effect, it is socialism - it is providing \"welfare payments\" for such persons or organizations.\nI understand that the proposed legislation would allow developers to pay a certain fee for their actions in certain cases, and more housing is needed in the GTA. While I agree that these might mitigate the economic damage that the developers would causing, there's no provision in the legislation to ensure the fee or payment will be sufficient to capture the entire scope of the excessive negative externalities that they cause. This means that the difference between these negative externalities and the payment will be borne by Ontarians. In addition, there is no indication that this payment will go towards offsetting the negative externalities and thus the cost to Ontarians would be even greater.\nI respectfully ask that you reconsider the proposed amendments to the ESA in light of the above.\n"
    },
    "30212": {
        "url": "/comment/30212",
        "comment": "Response to the \u201c10th Year Review of Ontario\u2019s Endangered Species Act: Proposed changes\u201d\nThe planet is currently facing its sixth mass extinction and this one is driven by human activity. The recent Intergovernmental Science-Policy Platform on Biodiversity and Ecosystem Services (IPBES) report listed five major driving factors in the global loss of biodiversity, including \u201cchanges in land and sea use; direct exploitation of animals and plants; climate change; pollution; and invasive alien species\u201d.\nStrengthening and enforcing the Ontario Endangered Species Act should be of paramount importance to the Ontario government in the face of these global threats to biodiversity. Ontario was the first province in Canada to implement an Endangered Species Act in 1971, and was once heralded as setting the \u201cgold standard\u201d for species at risk protection. We as a province have a responsibility to continue to be a leader in species\u2019 conservation and recovery. To do so, we must reinforce protections for species at risk and their habitats and promote their recovery.\nIt is extremely disheartening that the\u201c10th Year Review of Ontario\u2019s Endangered Species Act: Proposed changes\u201d has proposed such detrimental updates to the act. These updates will only weaken the protections put in place for species at risk. The changes are selfish and short-sighted, and are not written in the best interest of environmental protections. I do not support the proposed changes to the Ontario Endangered Species Act (ESA) and list below the most problematic changes. I call for the Ontario government to do better. I believe that Ontario has a responsibility to preserve our biodiversity and natural spaces for future generations.\n1)  Assessing species at risk and listing them on the Species at Risk in Ontario List\nCurrently, once COSSARO submits a report the Minister, the species must be added to the SARO list within three months. Once listed, the species and its habitat gain legal protection. The proposed changes suggest extending this timeframe from three to twelve months. There is no reason to extend this timeline and doing so is contradicting the goal of the ESA.\nThe proposal also states that the minister can veto COSSARO recommendations. The Minister should not have the authority to undermine a committee composed of independent experts and single-handedly decide which species will be added to the SARO list. I would also like to point out that the current Minister, Rod Phillips, has no scientific background or training in environmental policy, conservation or restoration science. He was the former CEO of the Ontario Lottery and Gaming Corporation and should not have the authority to veto COSSARO recommendations.\nThe proposed changes to SARO listing protocols will also result in less protections for edge-of-range species. Protecting edge of range species is important - Ontario makes up the northern-most extent of ranges for species currently listed under SARO. Within the onset of climate change, range sizes are shrinking and Northern ranges are particularly vulnerable. We must continue to enforce protections across a species\u2019 entire range.\nFinally, there is concerning and ambiguous language surrounding COSSARO membership being open to those with \u201ccommunity knowledge\u201d and opens the door for membership to be exploited.\n2) Defining and implementing species and habitat protections\nThe proposed changes suggest that a SARO listing does not mean automatic protections to a species at risk and its habitat. The Minister would have the authority to suspend species and habitat protections for up to three years. This is a glaring problem and once again contradicts the spirit of the ESA.\n3) Developing species at risk recovery policy\nThe proposed changes to the ESA include more pointless and detrimental delays. The Minister would have the authority to delay the development of Government Response Statements and reviews of the progress towards protection and recovery. There is no scientific or environmentally sound reason for these delays, nor do they act in the best interest of species at risk.\n4) Issuing Endangered Species Act permits and agreements and developing regulatory exemptions\nAllowing municipalities or other infrastructure developers to pay a fee instead of abiding by the protections put in place by the ESA is an egregious flaw and incredibly problematic. I do not support this \u201cpay to slay\u201d policy. Ontario should not put a price on our biodiversity. Once again, this is in direct contradiction to the goals of the ESA. The proposed changes also state that the Minister no longer needs to meet with independent experts when considering issuing permits and exemptions, which is a gross oversight.\nSummary:\nI disagree with the proposed changes to the Ontario Endangered Species Act that the Government of Ontario wants to push forward.\nThe goals of the proposal are to \u201cimprove the effectiveness of the program for species at risk by ensuring Ontario\u2019s best-in-class endangered and threatened species protections; include advice and species\u2019 classifications from an independent scientific committee and modern approaches to enforcement and compliance; species and habitat protections; and recovery planning\u201d.\nIn contrast to these goals, the proposal is ignoring the advice of an independent scientific committee of experts. It is severely crippling enforcement and compliance. It is weakening species and habitat protections. It is delaying recovery planning. It is giving unnecessary and damaging authority to the Minister, who has no reason to veto, suspend or delay species at risk protections. In no way do the proposed changes meet the goal of the ESA.\nI am disappointed in this proposal and charge Ontario to do better. In the face of the current global biodiversity crisis, we must advocate for the preservation of species at risk.\n"
    },
    "30232": {
        "url": "/comment/30232",
        "comment": "Businesses are rakeing the beaches when the beautiful piping plover birds just got back and breaking there habitat mean they will all die. I want these beautiful birds to still be alive when i am twenty-one and you are wrecking their habitat just for money. This is crazy! These animals are going extinct because of YOU.\n"
    },
    "30240": {
        "url": "/comment/30240",
        "comment": "I think it's ridiculous that their trying to let business destroy animal habitat just imagine if someone was trying to destroy your home, break up your family, make your life miserable \u2014 how would you feel? Just take a moment and imagine that \u2014 and tell people how you would feel. Then think about how the animals would feel.\n"
    },
    "30242": {
        "url": "/comment/30242",
        "comment": "\u2022 Considering a species condition around its broader biologically relevant geographic area, inside and outside Ontario increases the risk that the species will be extirpated from the province which can have significant ecological and economical impacts, while also reducing the protections for the species and preventing proper conversational efforts from being implemented leading to a more reactive rather than proactive approach to protecting our species. Species reintroduction programs are very costly and few are truly successful.\n\u2022 Providing the Minister with the authority to temporarily suspend species and habitat protections for up to three years for newly-listed species can be detrimental on the survival of a species depending on the sensitivity of the species to ecological changes; especially if they have particular mating habits or require a very particular set of conditions to not only survive, but to be able to reproduce.\n\u2022 I'm concerned about the new proposed section 8.2 under the ESA mentioned in the Bill 108 proposal:\nNew section 8.2 provides that, for a period of one year after a species is listed\n on the Species at Risk in Ontario List as an endangered or threatened species\n for the first time, some of the prohibitions under subsection 9 (1) or 10 (1)\n will not apply to persons who were issued permits or otherwise authorized under\n the Act to engage in activities before the species was so listed. This one-year\n delay applies in addition to any order made under section 8.1 that temporarily\n suspends the relevant prohibitions for a period of up to three years.\nAs mentioned above, any type of delay in establishing protections for a species can be detrimental to its population numbers. This section can also get tangled with new section 27.1:\nNew section 27.1 gives the Minister the power to order a person not to engage in an\n activity or to stop engaging in an activity that may have a significant adverse\n effect on a species listed on the Species at Risk in Ontario List as an\n extirpated, endangered or threatened species. The order may also require the\n person to take steps to address the adverse effect of the activity.\nIf I'm not mistaken, if you combine these two new sections in a real life scenario, the Minister now has authority to allow allow activities to occur if a species was newly listed, while also giving the Minister the authority to come back after the one-year delay and order said person to no longer engage in the activity that may have a significant adverse affect on a species and also force said person to remediate the situation. This is a very reactive approach. This approach not only has the potential to increase harm on the species population, but may lead to an increase in costs for protection and remediation efforts. I fear negativity will follow no matter which decision the Minister will make in this position, whether proactive or reactive as a result of the authority given by these two new sections of the ESA.\n\u2022 I don't agree with the proposed change to create a regulatory charge that would authorize individuals to pay to carry out prohibited activities. I understand that the Government wishes to reduce timelines to get projects up-and-running while reducing regulatory burden, however, I don't believe that allowing individuals to pay a fee to by-pass the process of obtaining permits and obeying regulations is the way to go. This proposal is especially worrisome considering the proposed changes for the Environmental Assessment Act. Under the ESA proposal, there is a line in the summary which states \"Clients will still need to fulfill some on-the-ground requirements, including considering reasonable alternatives for their activity and taking steps to minimize the adverse effects of the activity on the species at risk\". However, under the new EAA proposal, the Government wishes to exempt low risk projects from having to undergo a EA and change the classification of some medium-risk projects and moving them to low-risk classification. I'm confused as to how the Government will monitor these on-the-ground requirements and what would be considered reasonable alternatives depending on the new risk classification of projects. For example: would someone wishing to establish a septic bed in a region near a wetland with an endangered turtles be able to by-pass the Environmental Assessment step as well as pay the regulatory charge under the ESA and carry forward with the project? - More clarification on this regulatory charge and the types of projects that may be eligible to by-pass permits, agreements, etc. would be good to see.\n\u2022 The new transition provision for existing Endangered Species Act permits would allow holders to continue operations for 1 year following the listing of new species or habitat protections while the permit or agreement is amended.  How will this work for those who paid the regulatory charge? Will they also be limited to 1 year while the Ministry explores alternatives to ensure the protections are accounted for and make the operators adjust their activity accordingly or will the be exempt from this process?\n"
    },
    "30243": {
        "url": "/comment/30243",
        "comment": "I think it's ridiculous that their trying to let business destroy animal habitat just imagine if someone was trying to destroy your home, break up your family, make your life miserable \u2014 how would you feel? Just take a moment and imagine that \u2014 and tell people how you would feel. Then think about how the animals would feel.\n"
    },
    "30245": {
        "url": "/comment/30245",
        "comment": "I strongly support a long-term Section 55 Regulatory Exemption for the forest sector which recognizes the Crown Forest Sustainability Act (CFSA) as an equivalent process to the Endangered Species Act (ESA).  I do not support the attempts at harmonization of the CFSA with the ESA through amendments to Section 18 as proposed in this posting\n"
    },
    "30247": {
        "url": "/comment/30247",
        "comment": "May 17, 2019\nPublic Input Coordinator\nSpecies Conservation Policy Branch\n300 Water Street\nFloor 5N\nPeterborough, On\nK9J 3C7\nRe:\t10th Year Review of Ontario\u2019s Endangered Species Act:\n\tProposed Changes (ERO# 013-5033)\nThank you for the opportunity to provided comments on the Proposed Changes to the Endangered Species Act.  Credit Valley Conservation (CVC) provides these comments on the areas of focus as identified in the Notice on the Environmental Registry of Ontario.\n1.\tAssessing species at risk and listing them on the Species at Risk List in Ontario List\nCOSSARO is a science based organized that uses the best available information to develop the species at risk list.  As a result, CVC supports the automatic protection of listed species.  If there is delay in the listing then the species and its habitat then there is a greater risk for population declines and habitat loss.  Furthermore, if there is no automatic listing the species, the species  would not be eligible for funding or programs that facilitate recovery efforts.\nCVC does not support the COSSARO assessment being based on \u201cbiologically relevant geographic area\u201d.  The Endangered Species Act is based on protecting the biodiversity of Ontario.  By not protecting the Species at Risk in Ontario, we are putting the biodiversity of Ontario at risk.  In addition, not protecting species at the edge of their range may put the species at further risk due to climate change.\n2.\tDefining and implementing species and habitat protections\nCVC recommends that there be no de-coupling of listing species at risk from automatic protection provided under the ESA for threatened and endangered species and their habitats.\nCVC would recommend that he Province should work with any affected business to find an appropriate solution when a species is added to the list that would affect that business  For example, if a specific project has already been approved or is near approval, it would seem reasonable to use measures to mitigate impacts to the species rather than undertake a complete redesign. But these should be addressed as one-off exceptions rather than delaying the automatic protection.\n3. \tDeveloping species at risk recovery policies\nCVC recommends that there should be no change to the legal requirements to produce GRS within 9 months.  The Legislated timelines are intended to ensure that the actions to recover species occurs in a timely manner.   The completion of GRS needs to be appropriately resourced to ensure that the timelines are achieved.\nIf the Province deems an extension to the timelines would be benefical for a specific species due to complex life cycle or other issue.  Then the extension should be provided for that species with a specific backstop date within which the GRS would be completed.\n4.  \tIssuing Endangered Species Act permits and agreements and developing regulatory exemptions\nAlthough CVC is in support of Landscape Actions that can be undertaken by a Trust, this approach needs to be undertaken with a high degree caution.  Some of the concerns include:\n\u2022\tShifting the focus of the protection to the general species from the individual members of the species has the potential that the specific requirements of the species will not be achieved;\n\u2022\tLoss of local or reginal habitat and biodiversity in areas of development if the offsets are provided elsewhere;\n\u2022\tEstablishing equivalency, additionality and monetary value of lost habitat plus overall benefit;\n\u2022\tPressure to move toward a strictly cash-in-lieu approach solely for the purposes of expediency;\n\u2022\tWith the establishment of the Trust, who is taking the responsibility for providing the offsets and overall benefit; and\n\u2022\tEnsuring that complete cost recovery (including monitoring and adaptive management) is achieved.\nConservation Authorities are major landholders across Ontario and are environmental agencies that actively acquire and restore lands across for ecological improvements. Under the proposed new Species at risk Conservation Trust, special consideration should be given to Conservation Authorities (and projects undertaken through or under a Conservation Authority)  to be recipients of funds for dedicated species at risk recovery projects, given their mandate, regulatory framework  and considerable expertise restoring lands for this very purpose.\nClarification should be provided as to whether projects undertaken by a Conservation Authority will have the ability to go through the Species Conservation Charge/ Conservation Trust process. The current wording appears to imply that only municipalities and large infrastructure developers can choose to go through this route.\n5.\tEnforcing the Endangered Species Act\nAlthough CVC recognizes the need to act swiftly, CVC is concerned that exempting the regulations containing Minister\u2019s orders made for the purpose of pausing protection from the EBR posting and consultation requirement eliminates the opportunity for public comment.  CVC recommends removing this exemption.\nPlease do not hesitate to contact the undersigned if you have any additional questions.\nYours truly,\nGary Murphy\nDirector\nPlanning and Development Services\nCredit Valley Conservation\n"
    }
}