{
    "27094": {
        "url": "/comment/27094",
        "comment": "Please do not make it easier for cooperations to destroy our earth. This proposal leaves the animals living in Ontario vulnerable to extinction. We must do more to protect the species because they are all a vital part of our ecosystem. Canadians want to save the environment and continue to see our beautiful land thrive. This proposal wont allow it to do that and will only  benefit the companies that only care about making a profit.  Please think of the future.\n"
    },
    "27108": {
        "url": "/comment/27108",
        "comment": "I think your phone proposal is disgusing and short sited.  Profits should NEVER come before people and protections.  You are a servant to the people who elected you, not to the business who lines your back pocket.  You are a sirry excuse fir a government who lacks both integrity and knowledge.  You show your ignorance off well.\n"
    },
    "27113": {
        "url": "/comment/27113",
        "comment": "DO NOT CHANGE THIS ACT IN ANY WAY!!\nOn Thurs April 18, \"Ontario intends to allow municipalities and developers to pay a fee in lieu of taking certain actions to protect species at risk.\"\nThis is nothing more than a pay-for-kill fee!\nHow dare the Province even consider such a short sighted, narrow minded greedy idea!\nThe ford government is reversing all the hard fought acts and rights of this province. He's effectively allowing the potential slaughter of our animals through these proposals.\nI OPPOSE THE CHANGES IN EVERY WAY!!\n"
    },
    "27114": {
        "url": "/comment/27114",
        "comment": "DO NOT CHANGE THIS ACT IN ANY WAY!!\nOn Thurs April 18, \"Ontario intends to allow municipalities and developers to pay a fee in lieu of taking certain actions to protect species at risk.\"\nThis is nothing more than a pay-for-kill fee!\nHow dare the Province even consider such a short sighted, narrow minded greedy idea!\nThe ford government is reversing all the hard fought acts and rights of this province. He's effectively allowing the potential slaughter of our animals through these proposals.\nI OPPOSE THE CHANGES IN EVERY WAY!!\n"
    },
    "27116": {
        "url": "/comment/27116",
        "comment": "Wrong changes, wrong time.\nWay to be, taking the \"Conserve\" out of Conservatives. Every day brings more dissatisfaction with the leadership and strategies of the big-headed grinning buffoon that is our Premier.\nThe \"payment-in-lieu\" changes are foolish. Moves like these are exactly what we shouldn't be doing. Taking a  business-first approach across every branch of the provincial government's policies is regressive. It is doubtful that Doug & Co. are intelligent enough to be trusted with the handling of issues that affect environmental protection. Let someone else do it. Defer to trained professionals, scientists and activists. Don't let business-first, \"folks. folks, folks\" megalomaniac pickup truck enthusiasts enact policy.\nYou clowns are so disappointing. Even for clowns.\n-Toronto resident, who voted FordNation in 2010\n"
    },
    "27117": {
        "url": "/comment/27117",
        "comment": "What this government is really trying to do is make it easier for developers to destroy habitats. Seriously, you are proposing a \"payback\" option- so if a company is willing to pay a fee, anything can be bulldozed and paved over. These proposals also ignore migration, as species at risk may not live in Ontario year-round.\n"
    },
    "27120": {
        "url": "/comment/27120",
        "comment": "This Act should be reviewed and strengthened to limit  development anywhere where wild animals live, and never where endangered species live. The Act should be congruent with federal acts and protections so that legislation does not compete.\nDevelopers should be required to build where there is already pavement. More affordable housing is needed in cities, not more suburban sprawl over dwindling farmland and sensitive wildlife habitats.\n"
    },
    "27129": {
        "url": "/comment/27129",
        "comment": "I see that Ford's OPEN FOR BUSINESS is going to be on the backs and wings of the animals of this province.\nSo sad to realize future generations will see Ontario Wildlife only in books.\nSince it's Easter weekend, I am forced to think \"DON'T forgive him, Father, 'fore he knows EXACTLY what he is doing.\"\n"
    },
    "27132": {
        "url": "/comment/27132",
        "comment": "I do not believe these changes are in the best interest of the species at risk. the system needs to be enhanced to ensure these species and others are protected against business interests that would put further species at risk. an example of this is thundering waters in niagara falls. business interest are taking advantage of the area and the species there need to be protected. if the government is truly interested in these creatures they would make it more difficult to get access to areas in need of protection. obviously that isn't going to happen with these changes\n"
    },
    "27133": {
        "url": "/comment/27133",
        "comment": "I urge this government to display restraint and move forward based upon facts and science.\nAllowing anyone to simply pay an amount to overstep \"on the ground actions set out in the Endangered Species Act\" is not just opening the door to abuse, bribary, and the potential loss of some of Ontario's most endangered species, but rather is kicking that door wide open!\nThe people of Ontario did not elect your government to make these unilateral foolish and otherwise reckless decisions but rather to govern wisely and with great care.  We will NOT tolerate anything less.\nLEAVE THIS ACT ALONE!\n"
    },
    "27139": {
        "url": "/comment/27139",
        "comment": "The proposed changes pose very dangerous outcomes to the health of our ecosystems. Many of the endangered species who will be detrimentally impacted by such amendments are integral parts of environmental ecosystems. If we let the species on the endangered list become extinct, then we will be losing biodiversity which damages the overall health of the ecosystem. This is critically important as we begin to feel stronger impacts of climate change - hotter summers, colder winters, more severe storms, greater instances of parasites and invasive species - and our greatest protection against such resultant impacts including floods and drought are healthy ecosystems.\nBy allowing entities to literally pay to circumvent incredibly important regulations, you are putting the entire province at an economic liability. Climate change will cost more than any protective regulations will. The numbers are fairly simple. Please do not force Ontarian's to pay for poor decisions. Our tax dollars matter to us.\n"
    },
    "27167": {
        "url": "/comment/27167",
        "comment": "I wholeheartedly disagree with these proposed changes to the Act. All species are important and reducing protections, especially when there is an increased threat to ecosystem dynamics from climate change,  is not in the best interest of Ontario.\nFirstly, I do not understand the new powers extended to the Minister. \"provide greater Minister\u2019s discretion on protections, while keeping the assessment as a science-based process at arm\u2019s length\" What does that mean? I do not understand how you continue calling it a science based approach if the minister has the final say. Is Rod Phillips a trained biologist? Ecologist? A secret expert on the preservation of species? I do not a agree with giving the Minister the authority to suspend species and habitats protections and extend review timelines. Also, I would like to think that science, and the data and information collected by Ontario scientists is considered and implemented into policy, not held at arms length.\nSecondly, the proposed trust does not seem like it will provide species protection, especially when the funds collected will \"fund only those activities that are reasonably likely to support the protection and recovery of prescribed species.\" My issue here is with the term reasonably likely, instead of ensuring direct protections on sites where we know species will be impacted, we will take money and support causes that may or may not support the species being affected?\nPlease reconsider these changes. Reducing species protections and Ontario's biodiversity is not in the best interest of Ontario and the environment that Ontarians cherish.\n"
    },
    "27170": {
        "url": "/comment/27170",
        "comment": "These changes are just another nail in the coffin for Ontario's natural habitats, animals, and all wildlife. Extending the period before species are added to the list is totally unnecessary and allows another 9 months for developers to destroy ecosystems which contain at-risk species. Also, the status of the species in other areas and outside of Ontario should be completely irrelevant. One cannot simply bulldoze a species' home with the justification that there are more of them \"elsewhere.\"\nThe Minister should not have authority to suspend newly listed species for up to THREE YEARS while they provide endless amounts of red tape and allow developments and destruction to continue unchecked. There are so many changes here that I take issue with.\nLastly, I am absolutely shocked and angered that the government wants to introduce a \"Species at Risk Conservation Trust\" to collect money from developers in order to circumvent what still remains of the Endangered Species Act after the rest of the changes. The potential for rampant abuse of this policy is blindingly clear to me.\nWe are in the midst of the greatest mass extinction in millions of years, and these changes only serve to accelerate it. I am deeply saddened for the Ontario our future generations will inherit. I can only hope comments like these will be seen and considered by all those involved in these rash decisions.\n"
    }
}