{
    "27743": {
        "url": "/comment/27743",
        "comment": "I think the changes give the Minister too much discretionary power, and will create a backlog, further endangering species at risk.\nRegarding having municipalities or developers pay a fee to exempt them from doing the due diligence necessary is immoral. There can be no $$ amount that will make up for species at risk losing or having their habitat changed further endangering their population.\nThe 3 month implementation period should stand. Pushing it to 12 months would, again, put endangered species at further risk.\n"
    },
    "27750": {
        "url": "/comment/27750",
        "comment": "This is absurd.  How much farther will we allow businesses and big money go?  What exactly is the relationship between paying money and culling wildlife.  Particularly endangered species!?  Just how ignorant and short-sighted are these bozos?  And I'm talking about the one's making the laws - the ones doing the killing are beyond hope.\nWise up people.  Just as we are not, these precious parts of life are not here forever.  Why speed them along instead of figuring out how to co-exist with them?\n"
    },
    "27756": {
        "url": "/comment/27756",
        "comment": "It is crucial for us to save endangered species--- and all species, including humans. We cannot live without biodiversity and a working biosphere. Without them we will all die.\nAlso it is crucial to restore the tree planting programme. We need the tree to sequester carbon and slow down the warming of the Earth, We want to live -- and we want our children, grandchildren and future generations to be able to continue to live on this planet.\n"
    },
    "27759": {
        "url": "/comment/27759",
        "comment": "To whom it may concern,\nI do not agree with the proposed changes to the species at risk act.\nI feel that it gives big money corporations an easy out by paying a \u201cfee\u201d to over look the necessary actions on protecting our venerable species and environments. This is not okay.\nThe current actions and wait times for permits are there to make sure that there are no concerns upon building in certain areas and for a good  reason; to protect our at risk species.\nMaybe instead of being paid off by funds  to let people build in at risk areas or any areas for that matter, there could be a fee to put a rush on permits to assess locations faster,  but not to overlook the protections that are currently in place.\nI also don't agree with slowing down the process of making something an at risk species. By making it harder to classify such beings makes it easier for developers to swoop in and not care what beings get wiped out before they can be classified properly.  We don't know how fast something can change in the environment and cause a species to become endangered or at risk. There should be no time line on that classification as things are constantly changing and these species may already be at risk of becoming endangered or extirpated. Ontario has the best protection for at risk species in all of Canada, and we the people want to keep it that way!\nI feel like the environment and at risk areas are not being taken seriously with these proposed changes and it needs to be looked at more closely and maybe with more input from  provincial biologists, relevant ministries and conservation authorities.\nThank you for reading.\n"
    },
    "27763": {
        "url": "/comment/27763",
        "comment": "I am a long standing conservative, primarily due to the greater fiscal responsibility and business-friendliness I see with this party.  I feel being financially healthy is a necessary step to fund other key programs such as education and health care.  And having strong and growing businesses are key to the vitality of our population, and future generations.\nThat said, there is something even more important : leaving a healthy planet for our children and future generations.  We have one planet.  If we screw it up, no amount of cash will be able to fix it.\nTo note - I share your parties' concern regarding the federal carbon tax.  It is a regressive tax, and will not help drive significant consumption reductions.\nHowever, I have grave concern over these proposed changes to the Endangered Species Act in Ontario.   I have read the text of the proposed changes in detail.  It is clear to me that they will very significantly reduce protections, to the point of making the existing Act virtually useless.   I have listened to attempts to explain how the changes would actually help endangered species, but find those attempts disingenuous.\nHow can allowing developers and municipalities to pay a fee to bypass protections help endangered species.  (That is certainly what the proposed changes will allow, despite claims to the contrary.   From the proposed changes, literally: \"allow municipalities or other infrastructure developers the option to pay a charge in lieu of completing certain on-the-ground activities required by the act\".)\nThe proposed changes will also negate protection for species that are endangered in Ontario but not elsewhere.  That is, we will allow our habitats to be destroyed and species to become extinct in Ontario just because they are not (yet) endangered elsewhere.    This can only be described as short-sighted and irresponsible.\nAnd, the proposed changes extend the time from when a species is classified as 'at risk' to when the species becomes protected by the act, from 3 months to years.  Currently, an independent (non-political) group of experts classifies species at risk.  Once a species is classified as at risk, the species becomes protected within 3 months.  The proposal extends this time to 12 months, and allows the Ontario Minister of the Environment to use his/her discretion to ask the group of experts to 'reconsider' their classification, effectively extending that 3 month period to multiple years, and introducing a risk of political and lobbying interests to dominate decisions.\nIt is not my style to be emotional or to make threats.   But in this case, it is difficult to avoid.  I am currently doing everything I can to educate other Ontarians on these proposed changes.   If the proposed changes are enacted without significant changes, I will do everything I can to vote a party in, in our next election, which will take a more responsible attitude towards the health of our planet and environment.\n"
    },
    "27770": {
        "url": "/comment/27770",
        "comment": "I am writing to you to express my deep concern regarding the proposed amendments to the Endangered Species Act (ESA) and Environmental Bill of Rights (EBR) regulations. The Progressive Conservative government appears to care more about short-term gain than safeguarding our province's biodiversity and the environment which all Ontarians depend on.\nThe ESA exists to protect and recover species facing extinction in Ontario; it is already weak and allows harm to be caused to species at risk. The Progressive Conservation government is wasting an opportunity to strengthen its implementation by proposing these changes during its 10-year review.\nThe EBR exists to protect the environmental rights of Ontarians and enable us to participate in environmental decision-making. By taking our right to be notified and participate in decisions to remove, reduce or pause protection for endangered and threatened species, you are undermining the value we place on our environment. This is unacceptable.\nSpecifically, I oppose the following amendments presented in this posting:\n1. A) Extending the timeline between the Ministry receiving a COSSARO report and legal listing of assessed species from 3 months to 12 months;\nD) Allowing the Minister to require COSSARO to reconsider the classification of a species where the Minister forms the opinion based on scientific information that the classification is no longer appropriate;\nE) Requiring COSSARO to adjust a species' classification to reflect its overall condition across all jurisdictions if it exists beyond Ontario;\n2. A) Decoupling the listing process from automatic protection, allowing the Minister to suspend the protection that should be afforded to threatened and endangered species;\nB) Limiting species protection via \"scoping\" with the Minister's discretion;\nC) Removing the mandatory legislative requirement and timeline to develop a habitat regulation proposal for each newly-listed threatened or endangered species;\nD) Enabling the Minister, rather than LGIC, to make species-specific habitat regulations;\n3. A) Giving the Minister discretion to extend the 9-month Government Response Statement development timeline for some species;\nC) Allowing the Minister to extend timelines for conducting the review of progress towards protection and recovery based on individual species\u2019 needs;\nD) Removing specific reference to posting under the Environmental Bill of Rights, 1993 and instead requiring that certain products under the Act be made available publicly on a government website;\n4. Creating the Species At Risk Conservation Trust, and the regulatory charge that applicants seeking to destroy species at risk habitat will pay;\nA) Removing the requirement for the Minister to consult with an independent expert in the \u2018D\u2019 permit process and replacing the requirement for LGIC approval with Minister approval;\nB) Broadening the approach to minimize adverse effects for permits and agreements to ignore risk to individuals rather than whole species at risk;\nC) Providing a new transition provision for existing Endangered Species Act permit-and agreement-holders to continue to operate for twelve months following the application of new species or habitat protections;\nE) Creating a new landscape agreement for clients to use to destroy species at risk habitat;\nF) Weakening the test for a s. 18 provision;\nG) Removing the requirement for the Minister to consult with an expert if the Minister forms the opinion that a proposed regulation is likely to jeopardize the survival of the species in Ontario or to have any other significant adverse effect on the species.\nI oppose any amendment to the EBR that reduces our rights to be notified or consulted with for any environmental decision-making.\nClearly these amendments serve to open up species at risk habitat to development and destruction, and remove protections of the imperiled species themselves so that special interests will not be punished for killing them. There are also serious and transparent attempts to undermine science as part of the listing and protections process in these amendments.\nI urge you to abandon the above amendments and strengthen the implementation of the ESA in the following ways:\nA) Repeal the exemptions created in 2013 to permit forestry, hydro and mining industries to conduct activities that negatively impact species at risk;\nB) Repeal the exemption created in 2016 to allow hunting and trapping of the threatened Algonquin wolf;\nC) Amend section 57 (1)1 of the ESA so that exemptions will only be allowed if they do not jeopardize the survival and/or recovery of endangered and threatened species;\nD) Amend the ESA so that all permits that allow habitat or species destruction pass the overall benefit test, and are monitored and enforced to ensure the benefits support species at risk recoveries.\nProtecting Ontario's endangered species is vital to the future of our province's biodiversity, the health of our environment, and the ecosystem services which all Ontarians rely on. I feel very strongly about this issue and that the new proposals that are being made to these acts are so detrimental to our environment . I will be monitoring this important issue closely.\n"
    },
    "27780": {
        "url": "/comment/27780",
        "comment": "Dear Hon. Minister Phillips,\nThank you for the opportunity to comment on the review of the Endangered Species Act. Please consider this my submission to the public consultation.\nAs you know, more than 230 species in Ontario are currently at risk. Habitat loss and degradation are the major drivers of decline. That is why it\u2019s more important than ever to strengthen protections for wildlife, especially those already at risk.\nThe Endangered Species Act already provides significant exemptions to industry. We need legislation that makes it harder \u2014 not easier \u2014 for habitat to be destroyed. While I appreciate the need to encourage development, we can\u2019t do so at the expense of habitat and wildlife, or soon we will have nothing left. Limits must be set. Businesses of the future will demand healthy, thriving ecosystems in which to function. By opening for business at any expense, we will soon be paying the ultimate price through destruction of the nature that sustains us.\nI, therefore, am asking you to:\n- Prioritize the recovery of at-risk species over the demands of developers.\n- Repeal the industry exemptions under section 55.\n- Ensure that habitat is protected and restored to facilitate species recovery, instead of merely mitigating the adverse impacts of harmful activities.\nA strong Endangered Species Act will mean a stronger Ontario now and in the future.\n"
    },
    "27788": {
        "url": "/comment/27788",
        "comment": "The creation of a \"Species at Risk Conservation Trust\" to allow municipalities or other infrastructure developers the option to pay a charge in lieu of completing certain on-the-ground activities required by the act is a disgusting way of skipping regulations that have been put in place for the protection of our SAR species.\nWith these changes, developers (Aka friends of Doug Ford) will be able to pay-in-leu of needing to conduct on the ground surveys, which provide several jobs for ecologists such as myself. So yet another change that will lead to the loss of jobs within Ontario, specifically in the environmental field.\nIf \"the price for the payment-in-lieu (i.e. regulatory charge) will be within the range of costs that a client would have otherwise incurred through meeting the species-based conditions of an authorization\" then there would be absolutely no reason for developers to have to take the extra time and risk what these current on-the-ground monitoring requirements would uncover in order for them to be approved for development. Therefore, I believe that no developer/client would be choosing to take the path of conducting these on-the-ground surveys, therefore the protection of our SAR species would be compromised.\nFurthermore, looking at if SAR species have higher and more stable populations in other geographical areas should NOT be a deciding factor in if they deserve protection under the Act. Just because they are not in danger in other areas, does not mean that we don't need to protect them in others. That is ridiculously short-sighted. EVERY species plays a vital role in the ecosystem, if we stop protecting ones that have populations elsewhere, we will continue on a slippery slope to losing many, if not all, eventually.\nTherefore, I am STRONGLY against the proposed changes to the Ontario Endangered Species Act as proposed by the current provincial government that will destroy our species and the jobs that are there to protect them.\n"
    },
    "27800": {
        "url": "/comment/27800",
        "comment": "The forest sector would like a permanent solution in section 55 regulation that recognizes the Crown Forest Sustainability Act as an equivalent process to the Endangered Species Act as this has been working well for the forest sector since 2009. I am opposed to the section 18 harmonization option for the forest sector\n"
    },
    "27826": {
        "url": "/comment/27826",
        "comment": "Clearly the proposed changes to Ontario's Endangered Species Act are designed to allow business and recreational use of habitat to override the protection for all species at risk.  I strongly object to them.\nThe government should not be so short-sighted.  It should give weight to the specialists with a broader knowledge and perspective, if anything at all is to be saved for future generations.\n"
    },
    "27849": {
        "url": "/comment/27849",
        "comment": "I am definitely against the proposed changes to the Species at Risk act. This new legislation provides the Minister overreaching powers to avoid and delay protection of a species to the point where its habitat could be destroyed through development.\nThe Minister can delay protection by asking the experts on COSSARO to reconsider their listing decisions if the Minister believes that the listing is no longer appropriate.  The experts on the committee tend to be leading scientists in their field, therefore why would a Minister have greater expertise?\nThe Ford government wants to remove species from the list if their population is not threatened in other areas of Ontario/North America. This action does not acknowledge that habitat loss is the primary reason for species extinction and that if a population is in decline in one area \u2013 it is in decline \u2013 period. Proposing protection only at a critical point \u2013 when the species is on the brink, is unscientific and ridculous.\nThe COSSARO members will also be \u2018dumbed down\u2019 by including members outside the fields of expertise such as community members. Community members are not defined but it is reasonable to assume given the direction of this new legislation that \u2018community members\u2019 will include industry, sport hunters and farmers \u2013 interests that are self-serving rather than an arms-length unbiased approach.  It also does not provide a ratio of community members to experts.\nThese changes are very dangerous for species at risk. No one so ignorant should have any authority to decide which species have biological value and which ones can go extinct.  This new legislation will allow the Minister to override COSSARO\u2019s listing, forcing the committee to delist any species whose population is not threatened in other areas of Ontario.\nMoreover, this will give the Minister supreme authority over the Species at Risk Act and since the authority is being shifted from COSSARO to the Minister, there will be less transparency, as some Minister decisions will no longer be posted on the Environmental Bill of Rights Registry.\nI sincerely hope that these changes will not go through!\n"
    },
    "27864": {
        "url": "/comment/27864",
        "comment": "The Endangered Species Act (ESA) already covers all necessary fields to effectively protect and assist in recovery of species at risk. The main issue with the ESA currently is lack of implementation, not lack of regulations or guidelines. The length of time it takes to list a species at risk and develop a recovery strategy is part of the problem. Improvements should be made on equipping agencies that write recovery reports with enough people to shorten the time it takes to assess species and begin the protection process. Providing more funding to the implementation and creating more jobs for scientists to research recovery strategies would help make the ESA more successful as it is currently written. There is no need to change the ESA.\nThe ESA already covers a multi-species approach which is ultimately a landscape approach. There is no need to change the ESA in this regard. Science-based evidence of decline and recommendations for recovery are vital along with automatic protection of species and their habitats.\nThe role of COSSARO and the ESA listing process should remain the same. The ministry should have no say once the science shows that a species is at risk, those species should be automatically protected including their habitat.\nThe recovery policies and habitat regulations that are currently in the ESA are effective and should remain untouched. The current issues in this section, again, are related to implementation, and there is no analysis that explains why these timelines are not currently being met.  The government should be legally responsible to create the Government Response Statements on time. Again, this issue could be solved with an increase in the number of people tasked at writing these statements and reports.\nThe ESA currently provides enough authorization tools, and challenges should be handled by improved implementation. Paying into a conservation fund to conduct harmful actives is not a fair compensation. Ecosystems take a long time to reach their stable state and once they are disturbed, it can take decades for them to recover.\nLastly, listing species based on their range across North America is not a sustainable way to protect species long term. Individuals at the edge of the species range (I.e. if a bird lives in the southern US for winter and flys to Ontario to mate, but most of the individuals of the species stops in Detroit to mate, the Ontario population is at the edge of the species range) have adapted to different climates, food sources, and habitats than those at the centroid of the species range. These individuals could have novel evoluationary potential and may be the ones that can survive in the unknown conditions that anthropogenic climate change will bring.\nIn general, I feel that without a healthy, thriving natural environment, industry will collapse eventually in the face of anthropogenic climate change. We need healthy natural environments for the ecosystems they provide. Permitting industries to destroy species at risk habitat should be made more difficult as it is very rare that companies can restore those habitats to the same quality of habitat function and services. The ESA is not the place to put industry first. There is no need to weaken the law but rather a need for better implementation. We are not seeing species recovery because we are not actually following the laws already in the ESA and ensuring that once a species at risk is located, their habitat is then protected. The purpose of the ESA should first and foremost be to protect species at risk and their habitats, not encourage business development.\n"
    },
    "27880": {
        "url": "/comment/27880",
        "comment": "Many of the proposed changes go against the key reasons for having an endangered species act in the first place. The change of having industries pay fees rather than following regulations will completely negate the importance of having regulations to protect endangered species. Many of these industries are large scale corporations that barely batt an eye at paying a fee for something they don\u2019t care about. Having the regulations in the endangered species act is to prevent rich corporations from just paying away their responsibilities towards the environment. This callous thinking and approach to protecting endangered species is an absolute travesty of justice. We are called to protect the vulnerable and fight for a healthier environment which includes protecting biodiversity. This is the same as Alberta\u2019s \u201cwetland protection\u201d where ecologically and hydrologically important wetlands are drained because developers can pay a fee rather to drain protected wetlands rather than just protecting them. This change to the endangered species act is not protection; it is just a greedy money grab from the provincial government. I am appalled that this is being proposed. Furthermore, the proposal that the Minister is deciding whether or not a species can be listed as endangered rather than scientists is ridiculous. The Minister has no formal scientific training and even if they read the best available scientific evidence, I fail to see how they will grasp the intricacies of scientific research and ecosystems above financial gain. The endangered species act is made to protect endangered species, but by giving the final say to a politician the proposed change will become a political leverage point. Endangered species should not be used to gain political leverage, but should be protected on the merit of the ecosystem services and biodiversity they provide in a region. Speaking further on this idea of providing ecosystem services and biodiversity, there is a proposed change to look at a broad geographic area to determine the merit of protecting a species in a specific region. This is not well thought out because individual species can provide unique services and biodiversity improvements to small regions. Considering a broader geographic area outside of Ontario will completely negate the importance of maintaining species habitat within Ontario. I am proud to live in Ontario for it\u2019s amazing natural landscapes and beautifully diverse ecosystems. These proposed changes to the Ontario Endangered Species Act will undoubtably ruin the natural beauty of this province and I am ashamed that this is the best that this government could come up with. I am disgusted by the proposed changes to the act and I strongly encourage the government to reconsider their position on PROTECTING endangered species.\n"
    }
}