{
    "26988": {
        "url": "/comment/26988",
        "comment": "DO NOT MAKE THESE CHANGES!!!! You are jeopardizing all species and plant life and your proposed changes will make Ontario \"open for destruction\", not just open for business!\nHow dare you make cuts to our environmental protection systems for our species!\nThese protections were fought for and with the sweep of this Ford government, we will be left with a waste land and no wildlife, massive flooding issues and no environmental protections\nDO NOT TOUCH THE SPECIES AT RISK IN ANY WAY!!!\n"
    },
    "26990": {
        "url": "/comment/26990",
        "comment": "On behalf of LACC (Limerick Area Conservation Coalition), WE IMPLORE YOU, DO TO NOT MAKE ANY CHANGES TO THE SPECIES AT RISK LEGISLATION!!!!\nOur community represents hundreds of people between Madoc and Bancroft areas. These proposed changes will eradicate our threatened and endangered wildlife even more as well as their habitats, which include this \"Land Between\" designation which house over 100 species at risk.\nTo allow any of the proposed changes will effectively give permission to slaughter our wildlife and the environment.\nLEAVE CURRENT SPECIES AT RISK LEGISLATION ALONE!!!! DO NOT MAKE ANY OF THE PROPOSED CHANGES!!!\n"
    },
    "26991": {
        "url": "/comment/26991",
        "comment": "Are you completely blind to what is happening around us..\nOver the last four decades in Canada, mammal populations have dropped by 43 per cent, amphibian and reptile populations are down 34 per cent, fish populations have been cut by a fifth, and some types of birds have lost between 43 and 69 per cent of their populations, according to a 2018 World Wildlife report.\nThat alone should stop you from doing anything but strengthening the Act and working to reduce sprawl vs fighting to allow greed to flourish.\nYou are blowing your opportunity to get re-\nElected and making to very hard for the people who voted for you explain your party to their kids. It was about saving money and killing the deficit, not greasing the hands of greedy business....we all had our hopes up but should have known better I guess.\n"
    },
    "26995": {
        "url": "/comment/26995",
        "comment": "Just as I value the Greenbelt, I value endangered species. I do not believe developers' interests come before that of the environment and the world my children inherit. Once those species are gone, they are gone. Too many measures have been taken by this PC government (libraries, public health, kids with autism, mental health patients, climate change...) and now this proposed change; if it proceeds I will drop my lifelong support of the Conservative party and do my utmost to spread the word. Enough!\n"
    },
    "26999": {
        "url": "/comment/26999",
        "comment": "I do not agree with the proposed changes. I believe other relevant environmental groups should be consulted. After researching the David Suzuki foundation, I would state that the proposed policies:\n- Species listed as threatened or endangered may no longer be automatically protected\n- Changes to \u201cedge of range\u201d species means considering populations outside of Ontario when listing a species at risk. This includes man Southern Ontarian species, allowing Ontario to simply opt out of protecting species at home.\n- Introducing pay-to-proceed system on harmful activities. Developers and proponents should not be allowed to pay their way out of protecting endangered species\u2019 habitats.\n- Opening the scientific committee to non-scientist members. This change could allow people with no knowledge or scientific background to be involved in decisions for species.\n- Giving the Minister the discretion to interfere with the listing of at risk species, bringing politics into the protection of endangered species\nGiven the information above, I feel that this is not a policy that should be in place. To provide a specific reference, I disagree with section 2. A.\nPlease consider the recommendations of important outside parties in this decision.\nThank you for your time.\n"
    },
    "27005": {
        "url": "/comment/27005",
        "comment": "Thank you for finally bring the ESA, SRA under control. The MNRF have been abusing this act and using it to enforce there personnel views and interpretations of the act. They have been using their power of enforcement to bully and intimidate the public and land owners. I can prove this, with the abuse I have faced as a land owner.   This needs to stop and these changes will certainly help.\nThere is a culture at the MNRF that will be tough to break, but finally we have a government that puts the people of this province ahead of the narcissist  bureaucrats at the MNRF.\nI find the MNRF responsible for the necessary changes, simply due to abuse.\nThank you Mr Ford for seeing through the blanket of abuse and giving Ontarians SOME FREEDOM  to enjoy this great province.\nGreat  Job\n"
    },
    "27007": {
        "url": "/comment/27007",
        "comment": "The protection for species at risk should be administered at arm's length from any government minister or ministry. Possibly by a group of university departments in conjunction with input from environmental groups. As a volunteer for a Turtle protection organisation in Southern  Ontario ( I hope I am following the no names rule)  I know how difficult it is trying to work with the MNR where very few ,if any of the contacts from the ministry seem to have any knowledge of turtles. The amount of knowledge available from wildlife  rehabilitation groups is enormass, and yet are treated by the MNR as a meddling  intrusion that need to be controlled. The MNR is very good hunting/fishing regulation and enforcement even if underfunded and understaffed . From my experience though they do not have the expertise to deal with people that are trying to increase and protect the populations of some species that are at risk. Nor can they be expected to  know every aspect of sometimes very specialised fields. It is time though for government to look very closely at their relationship these organisations and people, and  realise that we are all on the same side.\n"
    },
    "27009": {
        "url": "/comment/27009",
        "comment": "I am 100% against any sort of pay-in-lieu scheme.\nThere should be no short cuts for anyone, especially developers, to avoid proper care and stewardship of our environment. Following proper procedure is precisely what helps to limit damage and impact to species and land. Curtailing that seems like a fine way to open up exploitation and abuse.\nI am also wholly against allowing non-scientist members of COSSARO. COSSARO has an critical role in assessing risk to our native species and only professional, educated experts should be on COSSARO's board. Having laypeople and community members on the board will weaken their collective knowledge and judgement (I understand that is likely the point of the changes), and unnecessarily put our environment at a disadvantage.\nThese are poor policy changes. I hope proper consideration and socially responsible actions are made in these matters. We should strive to leave our homeland in a better state for future generations.\n"
    },
    "27010": {
        "url": "/comment/27010",
        "comment": "\"The proposed changes would authorize the creation of a regulatory charge that could be paid by persons who are permitted to carry out otherwise prohibited activities under certain permits, agreements, and regulations. The charge would be paid in lieu of fulfilling certain potential conditions that could otherwise have been imposed under the permit, agreement, or regulation. The proposed charges would only be available in respect of species prescribed by regulation. The price for the payment-in-lieu (i.e. regulatory charge) will be within the range of costs that a client would have otherwise incurred through meeting the species-based conditions of an authorization. Clients would still need to fulfill some on-the-ground requirements, including considering reasonable alternatives for their activity and taking steps to minimize the adverse effects of the activity on the species at risk.\"\nThis is not acceptable and is too broad. What steps would need to be taken? What requirements? What alternatives? Paying a 'fee' with this kind of broad generalization of the restrictions is essentially open ending into nothing.\nAs annoying as it may seem there are some species that are so endangered and do not easily repopulate that paying a 'fee' shouldn't be an option at all. Look at the Hwy 7 expansion delays from Kitchener to Guelph due to a Newt(s). It might be annoying but everyone in this region has accepted it for as long as it has gone on and we will continue to do so until it as migrated.\nWithout mentions of scenarios where a fee is not possible at all due to how endangered something may be all you're doing is implementing a scale of the fee which is absolving a developer completely and generating a 'pay to play' scenario.\n"
    },
    "27015": {
        "url": "/comment/27015",
        "comment": "I have heard that the proposed changes will include:\n- Species listed as threatened or endangered may no longer be automatically protected\n- Changes to \u201cedge of range\u201d species means considering populations outside of Ontario when listing a species at risk. This includes many Southern Ontarian species, allowing Ontario to simply opt out of protecting species at home.\n- Introducing pay-to-proceed system on harmful activities. Developers and proponents should not be allowed to pay their way out of protecting endangered species\u2019 habitats.\n- Opening the scientific committee to non-scientist members. This change could allow people with no knowledge or scientific background to be involved in decisions for species.\n- Giving the Minister the discretion to interfere with the listing of at risk species, bringing politics into the protection of endangered species.\nI am strongly opposed to any such changes. We as a province have been going through so much change and development, and I have personally seen such a loss of habitat and numbers in species are declining. Any waffling on the protection of habitat and species in danger MUST NOT be allowed to happen.\n"
    },
    "27017": {
        "url": "/comment/27017",
        "comment": "The proposals in ER 013-5033 are dangerously short sighted.\nPeople without a scientific background have no place on the boards for scientists. Let the professionals who have devoted their life\u2019s work to the study of these issues use their knowledge to best protect the biodiversity of Ontario. Laypeople who can be bought by developers or others have no place on a scientific board.\n"
    },
    "27018": {
        "url": "/comment/27018",
        "comment": "I DO NOT support the proposed changes to the Ont. ESA. What is particularly upsetting to the ESA in my opinion falls under Chapter 4. Issuing Endangered Species Act permits and agreements and developing regulatory exemptions. Allowing 'developers' to 'pay to destroy' is inexcusable and irresponsible. Please do not allow this to happen. We (colonizers) MUST become stewards of this land that we inhabit from our First Nations. The continued destruction of species at risk, does not demonstrate good stewardship of this land. Thank you.\n"
    },
    "27020": {
        "url": "/comment/27020",
        "comment": "These are dangerous and regressive laws, both from a scientific and ethical standpoint. To reduce protections on endangered species in the midst of species disappearing at an already alarming rate is, to understate it, concerning. So, too, is the precedent (or normalizing) of separate sets of laws depending on the amount of money a person or company has.\n"
    },
    "27021": {
        "url": "/comment/27021",
        "comment": "I find it totally irresponsible that this government would allow developer's (and similar greedy speculation) to be enabled to buy their way towards exemption from any existing Endangered Species Act provisions for the protection of such. Shame on you! Greed is not an excuse to expand the bulldozing exterpation of our precious natural creatures and their habitat.\n"
    },
    "27023": {
        "url": "/comment/27023",
        "comment": "My comment is simple - amending the act under the guise of increasing efficiency, is shameful and wrong. The act has already been stipped over the years and now you are essentially gutting it. Our natural ecosystems are collapsing, and for the government to choose profit over protecting these fragile environments and species, allowing payment in lieu of protection, is morally corrupt. I adamantly oppose the amendments to this act.\n"
    },
    "27024": {
        "url": "/comment/27024",
        "comment": "The majority of the proposed changes sound like they will actually have a detrimental impact on the protection of species in Ontario, and put too much power in the hands of the Minister to supercede the advice of regulatory and advisory organizations. This is a backwards move for environmental protection.\n"
    }
}