{
    "27670": {
        "url": "/comment/27670",
        "comment": "I think the current Ontario Government is putting the wants and desires of builders and developers ahead of its\u2019 responsibility to protect and preserve our wildlife species.   To suggest that before determining if a specie is becoming extinct, they will check their status with other communities, areas, provinces, countries, etc. Is ludicrous.  If a specie is in danger, it\u2019s in danger regardless of other existing habitats.   These proposed changes are an affront to the intelligence of the citizens of Ontario.  Let the people with the funds pay for the services these wildlife species needs, they are the ones that will ultimately reap the benefits.   Haven\u2019t seen any builders/developers declared extinct recently.  Where has common sense in government gone?\n"
    },
    "27677": {
        "url": "/comment/27677",
        "comment": "I am shocked and angered by the proposal to both politicize the Endangered Species Act and to allow perpetrators to buy their way out of habitat destruction. This is widely known to be a terrible and backwards idea such that it simply becomes an operating cost for development. Shame on your government! It should be strengthened not gutted!!!\n"
    },
    "27680": {
        "url": "/comment/27680",
        "comment": "Over 230 species in Ontario are currently at risk. Habitat loss and destruction are the major reasons of decline. Now is the time  to strengthen protections for wildlife, especially those already at risk before it is too late.\nThe Endangered Species Act already provides significant exemptions to industry. We need legislation that makes it harder \u2014 not easier \u2014 for habitat to be destroyed. While I understand the need to encourage development, we can\u2019t do so at the expense of habitat and wildlife, or soon we will have nothing left. Limits must be set. Businesses of the future will demand healthy, thriving ecosystems in which to function. By opening for business at any expense, we will soon be paying the ultimate price through destruction of the nature that sustains us.\nPlease:\nPlace the recovery of at-risk species above the demands of developers.\n- Repeal the industry exemptions under section 55.\n- Ensure that habitat is protected and restored to facilitate species recovery, instead of merely mitigating the adverse impacts of harmful activities.\nA strong Endangered Species Act will mean a stronger Ontario now and in the future.\n"
    },
    "27682": {
        "url": "/comment/27682",
        "comment": "Obviously this is a sop to industry and ridiculous proposal on the face of it, the sort of thing that the Tory government will propose simply out of a desire to be destructive and for no other reason. From an environmental standpoint it is so puerile in its sheer destructiveness that asking us to make believe that the proposal has any legitimate policy goals is simply insulting.\n"
    },
    "27683": {
        "url": "/comment/27683",
        "comment": "Why is it that this Government isn't able to find the real issues associated with getting business done in this province such as manufacturing regulations. Going after the EPA is chasing the low hanging fruit and kowtowing to the residential builders in the province who i might add have done nothing less than make billions of dollars . I am extremely concerned that decades of intelligent science based  research and proof will be sidestepped !   We must protect species diversity and the related habitats to have a long term positive future for the generations coming behind us. DO NOT gut the EPA and DO NOT make the process by which we preserve the defenseless elements of  biological diversity.\nRange fringe of  species is particularly important as that is where the greatest genetic diversity of any species resides and represents the population most capable of meeting the changing environment , don't be short sighted and make decisions born of ignorance.\n"
    },
    "27690": {
        "url": "/comment/27690",
        "comment": "The proposed changes 1.D and 1.E are not appropriate at all and will reduce a species' ability to survive.\nThe Minister, as a public figure, may have a perspective that is biased and swayed based on lobbying, stakeholder, voters' opinion, money from developers. This is not an appropriate method to save species at risk. Species at risk may exist at a site to be developed and this proposal provides the Minister with enough power to eliminate their presence. The Minister does not have enough scientific knowledge to understand everything to make an educated decision.\nFurthermore, considering a species' presence in a geographical area outside of Ontario before classifying it as endangered is not acceptable either. You are basically allowing a species to become extirpated in Ontario. This can reduce a species range greatly, can divide populations into multiple ones if you remove appropriate habitat in ontario, making it difficult for them to breed, thus reducing their genetic diversity and their ability to survive overall.\nPlease think your plan over before putting it through. Once these species are gone, they cannot come back.\n"
    },
    "27691": {
        "url": "/comment/27691",
        "comment": "The laws put in place to protect the environment and her creatures need to be \u201cforever laws\u201d and not ever be at the mercy of any one person\u2019s whims. That way we can actually move forward and make a real difference.\nHow is it acceptable that ignorance and greed are able to kick aside scientific facts and basic human compassion...\nIt is a basic survival instinct to understand how what you do today affects tomorrow.\nPlease stop this insanity.\n\u2665\ufe0f\n"
    },
    "27693": {
        "url": "/comment/27693",
        "comment": "I am entirely opposed to the  proposed changes to the ESA. Human activity has already degraded much of the natural environment that other species, not just threatened or endangered ones, depend on. Protection for species at risk must be enhanced not sold to whomever can afford to pay the fee. It is absolutely unacceptable to accept any form of payment in lieu of protecting vulnerable species or the habitat they require. It is also unacceptable to grant discretion to override environmental protection to a single person, even if that person is the minister (MECP). Not requiring advice from experts ensures that the Minister will make uninformed choices. Adding members to COSSARO who will not necessarily have any scientific knowledge of the species or habitat in question is simply ludicrous and cannot be justified.\nThis proposal is not the route to economic prosperity. Previous governments have dug a deep financial hole that limits the current government's ability to achieve fiscally responsible budgets. That is understood by most, however attempting to balance the books on the backs of the most endangered species and habitats is not the answer. Humans have destroyed much of the natural world in the name of economic prosperity and yet the province still finds itself in formidable debt. Clearly abusing endangered species will not be the road to financial sustainability the current administration believes it will be\n"
    },
    "27726": {
        "url": "/comment/27726",
        "comment": "Public Input Coordinator\nSpecies Conservation Policy Branch\n300 Water Street\nFloor 5N\nPeterborough ON K9J 3C7\nCanada\nRE: Forest Sector Requires Permanent Regulation Followed by Workable Species at Risk Policy after 10th Year Review of the Endangered Species Act\nTo Minister Phillips and Staff\nI would like to thank the government for the opportunity to provide input on the future of the Endangered Species Act. The outcome from this review will prove to be critical for the future health and viability of the Ontario Forestry Industry.\nMcRae Lumber Company was started in 1885 and I am currently the 5th generation of my family to operate the business. We currently employ 65 people in the mills and have another 40 contractors in the forest operations. A high percentage of our employees identify as first nations, and our employees form the backbone of our small community.\nOur company has been a proud part of Ontario\u2019s Forest Industry for the past 134 years. We have survived depressions and recessions, world wars and fires. Throughout, we have maintained our commitment to sustainable forestry and our community. We have long since learned that proper forest management can provide a balance between environmental, social and economic interests. With a holistic broad-based approach to forest management, we can have a forest with high levels of ecological integrity that is still able to provide recreational opportunities, wood products for the forest industry and jobs for the local communities.\nThe Crown Forest Sustainability Act (CFSA) is a fantastic example of legislation that looks at the forest as a whole and manages on a macro scale.  The ESA works in the opposite fashion; it manages on a micro scale and in my opinion has a hard time seeing the forest for the trees.\nOnce again I would like to thank you for the opportunity to comment on the 10th Year Review of Ontario\u2019s Endangered Species Act: Discussion Paper, ERO number 013-4143. We look forward to working with your government to improve the effectiveness of the Endangered Species Act (ESA) and ensure a balanced approach between a healthy environment and a healthy economy.\nThe most important action the government must take is a permanent recognition of the Crown Forest Sustainability Act (CFSA) as an equivalent process to the Endangered Species Act (ESA). This can be accomplished through a permanent Section 55 Regulation. The CFSA already provides landscape, stand, and site-level direction for managing, conserving, and protecting species at risk. Having two acts attempting to accomplish the same outcome represents the single greatest piece of red tape and duplication to this sector.\nOnce this essential first step has been accomplished, we must also ensure the following requirements be embedded in a new, modernized ESA:\n1.\tConsideration of climate change on habitat in all species at risk policy\n2.\tCumulative impact of all species at risk policy on a healthy economy\n3.\tSocio-economic impact analysis must be completed and shared with impacted stakeholders and First Nations prior to any species at risk policy being implemented\nIt is our understanding that the Ministry of Natural Resources and Forestry (MNRF) is responsible for species at risk prescriptions currently being delivered under the CFSA. It is our expectation that unworkable prescriptions will be addressed and improved regardless of any future changes made to the ESA.\nFurther, we remain extremely concerned about role of the Federal Government and potential negotiations with Ontario on Conservation Agreements. For example, a MNRF socio-economic analysis determined that up to 2800 jobs could be lost and 8 mills could close as a result of the province meeting the federal disturbance thresholds for caribou. It is our expectation that Ontario will consult with us well in advance of any draft and will not enter into a Conservation Agreement with the Federal Government that will result in lost jobs and lost opportunity. It is also important to note, that this socio-economic analysis was only completed on one species and there are currently 100+ species on the listing.\nThe government must decide: how important are the over 57,000 direct jobs to the province, how important are Northern and Rural Ontario, how important are sustainable and locally produced wood products?\nWhen answering these questions it is also equally important to remember that none of these questions has to come at the expense of our forests, our wildlife or our species at risk. The CFSA manages for all wildlife, including species at risk, and has been doing so for over 25 years.\nIn order to avoid serious socio-economic impacts, we need permanent recognition that the CFSA is an equivalent process to the ESA, while developing workable species at risk policy, and sending a strong message to the Federal government that Ontario will manage our own resources.\nI would like to thank you very much again for the opportunity to comment on an issue that is of critical importance to not only my company but the entire forestry sector. The ESA is the one issue that can truly make or break Ontario\u2019s Forest Industry.\nSincerely,\nJamie McRae\nMcRae Lumber Company\nWhitney, Ontario\n"
    },
    "27739": {
        "url": "/comment/27739",
        "comment": "Good afternoon, and thanks for the opportunity to comment on the review of the Endangered Species Act.\nI have thought on, and reviewed, the information provided for the proposed changes for the past couple of weeks. Overall, I am disappointed in this change.  As you will likely know, the David Suzsuki Foundation (https://davidsuzuki.org/), World Wildlife Fund (WWF)  (http://www.wwf.ca/newsroom/?29421/Species-at-risk-habitat-shouldnt-be-o\u2026), and many local organizations (such as local branches of DUCKS Unlimited, GreenUP, and others) throughout Ontario have all spoken out about the danger of habitat loss, degradation, and the consequences of removing legislative projects for wildlife.\nThe alterations suggested will place the more than 230 species in Ontario are currently at risk in significant danger.  As you will also note, The Endangered Species Act already provides significant exemptions to industry. In a time where Ontario, and our neighbours in Quebec, are facing significant flooding that will alter the habitat for years to come it is important to place environment and green-planning at the heart of all of our economic development decisions. Any government that fails to recognize sustainable planning, environmental protections, and our wildlife and habitat at the centre of its economic development plan fails to understanding the critical and valuable relationship of the economy and our environment.\nI, therefore, am asking you to:\n- Prioritize the recovery of at-risk species over the demands of developers.\n- Repeal the industry exemptions under section 55.\n- Ensure that habitat is protected and restored to facilitate species recovery, instead of merely mitigating the adverse impacts of harmful activities.\nI am all for supporting economic development in our region this, however, must not come at the cost of our climate, our planet, and our wildlife diversity.  Placing any threat to this is irresponsible and a failure to uphold the values of this important legislation.\n"
    }
}