{
    "30737": {
        "url": "/comment/30737",
        "comment": "Thank you for including my comments on the proposed changes to the Endangered Species Act (the \u201cAct\u201d).\nWhile it is always important to regularly reevaluate methods and actions which we undertake to putatively achieve certain goals \u2013 in this case the improvement of the statuses of the species at risk of extinction in Ontario \u2013 it is readily apparent that the changes to the Act which have been proposed arise from a place where outcome improvement in the neither the sole, nor even a significant, goal. Rather, the proposed  changes \u2013 embedded in an omnibus bill nakedly favorable to developers \u2013 are clearly an attempt to eviscerate the Act so that the natural treasures gifted to Ontario will not stand in the way of economic growth at any cost.\nForthwith, withdraw the proposals in their entirety and then revisit the reevaluation process with some level of caring in regard to the persistence and status improvement of species at risk of extinction in Ontario, and elsewhere.\nTo those who, in any way, further these proposals, rest assured, for your pay cheque and your precious pension, you will assume your position on the wrong side of history forevermore. It will be for people such as you that the ecology of the earth, already a shambles as the result of our choices, will yet again feel the joy of a boot in the face.\n\u201cI\u2019m just doing my job.\u201d\n\u201cI just work here.\u201d\n\u201cTwo more years, and I\u2019m retired!\u201d\n\u201cI was just following orders.\u201d\nNo, not good enough. You wear the outcomes as though they arose of your singular choice. Preventing the wrong thing from transpiring is the responsibility of all of us both individually and collectively. Now that you have been reminded of your responsibilities, what will you do to further them? Wake up and do something.\nThe Act, as it stands, was already profoundly weak. Each instance of where an exemption was granted under the Act represented an example of where the Act was ready to work, but where it was hobbled for political reasons. The ability of political actors to grant exemptions is a key weakness of the Act as it stands. Why not try to remove this weakness instead of introducing countless new ones? In Ontario, essentially all species at risk of extinction would be in a better place if the political choices which governed their fates focused on their well-being. Is that too much to ask?\nEndless sprawl. Miles of faceless, low-quality garbage houses giving rise to no meaningful sense of community for their occupants. Pavement and more pavement. Trees cut. Precious farm and grassland irretrievably destroyed. Wetlands drained or shrunken. Ever more detachment from nature and deeper states of depression and mental illness among our population, along with the concomitant scourges of addiction and crime. Species at risk of extinction violently elbowed into oblivion. This is the legacy you will leave if you enact the proposed changes to the Act. Nauseating. More Houses (not homes), More Choices, indeed.\nWithdraw the proposed changes entirely and start again. They represent a failure even before implementation. You must do what you can to ensure the proposals never see the light of day, for they will extinguish that light for species at risk of extinction in Ontario. We will all be staggeringly the poorer for this.\n"
    },
    "30739": {
        "url": "/comment/30739",
        "comment": "I find the proposed changes to the Endangered Species Act very worrying. Our ecosystems sustain society and the proposed changes will put already vulnerable species under greater threat. The government need to appreciate the immense worth that all species bring to our province, country and world. The proposed changes should definitely not be passed, they are dangerous to the future of our ecosystem and society.\nI\u2019m a PhD candidate in an environmental discipline and my many years of study have given me a well-evidenced opinion on this topic. I hope you listen to the voices of the well-educated people on this topic.\n"
    },
    "30742": {
        "url": "/comment/30742",
        "comment": "I am deeply concerned about the proposed changes to the Endangered Species Act. The UN\u2019s recent report on global biodiversity decline make it clear that we need to increase our efforts to protect threatened species and take this problem seriously. However, the proposed changes do just the opposite \u2013 delaying protections, allowing the Minister to ignore the science, and making it easier to conduct activities that harm threatened species. This is not the right direction and I am very disappointed with the government\u2019s continued attack on biodiversity, the environment, and ultimately Ontarians, whose lives depend on a healthy planet. I have listed my specific concerns below:\nI am opposed to extending the timeline for listing a species to 12 months. Considerable harm can be done to species in that intervening time between the COSSARO report and the listing.\nI am opposed to changes that would allow the Minister to require COSSARO to reconsider species classification. If COSSARO is an independent committee of experts made up of members with expertise in scientific disciplines or Aboriginal Traditional Knowledge (as stated on the Government of Ontario\u2019s website), then shouldn\u2019t they be able to come to a sound conclusion regarding the species listing without interference from the Minister? Why would the Minister come to a different conclusion than COSSARO regarding the appropriate classification? It\u2019s important that the listing is done by an independent team of experts so that politics don\u2019t get in the way of protecting species at risk.\nI am opposed to basing a species\u2019 classification on its condition outside of Ontario. Ontario, and Southern Ontario in particular, represents the northern range limit of many species, which may be particularly important habitat for a number of species that are expected to shift their ranges northward in response to climate change. Populations found at this northern limit may be best adapted to this area and will be vital for helping those range shifts to occur. For these reasons, not protecting the species or its habitat at its northern range limit because it may be more common elsewhere in its range is not sound, science-based decision-making. It also shifts the responsibility of species protection onto other jurisdictions, when all jurisdictions should be doing their part to protect endangered species.\nI support the notion that COSSARO member qualifications should include expertise in ecology, wildlife management and community knowledge. However, it appears that all members of COSSARO already have that expertise, so I\u2019m not really sure why this is part of the changes\u2026I am worried that \u2018community knowledge\u2019 is a veiled term will actually allow for COSSARO members that have different agendas and priorities other than protecting endangered species. In my opinion, COSSARO members should not have conflicts of interest that prevent them from making decisions based on the best interests of endangered species.\nI am opposed to the change that would de-couple the listing process from automatic protections and provide greater Minister\u2019s discretion on protections. If COSSARO has decided that a species needs to be listed, it is because COSSARO has determined that it IS THREATENED and DOES NEED PROTECTION. Allowing the minister to suspend protections for these species undermines the entire purpose of the act. A listing is not useful if it does not lead to any action. Allowing for \u2018additional time\u2019 is allowing for more opportunity for this species to decline. Furthermore, I\u2019m a bit confused regarding the criteria that \u2018the temporary suspension will not jeopardize the survival of the species in Ontario.\u2019 If a species is listed, then that means its survival is jeopardized and that action is required to protect it, suggesting that no species should meet this criterion and therefore no suspensions on protection should occur. Furthermore, the language of these criteria is vague enough to be extremely subjective \u2013 e.g. what is a \u2018broad distribution\u2019? Plus, habitat availability is a limiting factor for most species, considering that habitat destruction and degradation is the number one cause of species decline globally (and this holds true particularly in Southern Ontario). Since habitat availability is a factor that limits the population of most endangered species, not addressing this by not requiring a habitat regulation is extremely irresponsible. I am therefore opposed to doing away with habitat regulations for all listed species.\nReducing species protections to specific geographies and \u2018specific circumstances\u2019 is just another way of saying that the protection of endangered species is going to be minimized, at a time when it is more important than ever to increase, not decrease, protection of biodiversity. I am opposed to any change that reduces species protections in this way.\nIn general, giving more power to the Minister and less power to an independent team of experts allows for political agendas to get in the way of endangered species protection. I do not support any changes of this kind.\nI am opposed to any changes that extend the amount of time it takes to enforce species protections, prepare a Government Response Statement and ultimately act to help endangered species recover. The current act has already been criticized on the grounds that it takes too long between listing a species and real action being taken to protect the species via recovery policies. Allowing the minister to further extend the timeline for the Government Response Statement doesn\u2019t make sense and doesn\u2019t act to protect endangered species. Furthermore, given that there are many uncertainties regarding how to best protect endangered species, adaptive management is extremely important for successful protection and recovery. Adaptive management requires continual review of progress, and therefore extending timelines for the review of progress is not in the best interest of endangered species.\nPosting under the Environmental Bill of Rights is important to ensure that the public is aware of what is going on and that they have a right to be involved and engaged. I do not support removing the reference to posting under the Environmental Bill of Rights.\nI do not support changes that allow municipalities or other infrastructure developers the option to pay a charge in lieu of completing activities that would protect endangered species and their habitats. This reduces accountability and makes it easier for activities that harm endangered species to proceed.\nI am opposed to changes that remove the requirement for the Minister to consult with an independent expert during the permit process. The Minister cannot possibly be an expert on all endangered species and their needs. Furthermore, the Minister may not be able to make objective decisions due to conflicts of interest. Therefore, consulting with an independent expert should be required so that the impacts on endangered species are understood, appropriate mitigation actions are undertaken, and decisions are reviewed by an objective perspective.\nOverall, I feel that these changes do not improve the Endangered Species Act, but undermine its true purpose and put already threatened species at greater risk. Ontarians deserve to be able to live in a healthy environment and experiences the wonders of biodiversity. We all depend on healthy ecosystems for our basic needs. Undermining the health of ecosystems by not protecting the species they are comprised of is a poor, short-sighted decision that will not serve the needs of Ontarians. In particular, future Ontarians are depending on us to make sound decisions and will not look kindly on short-sighted decisions such as the ones you are proposing. I urge you to reconsider these changes.\n"
    },
    "30743": {
        "url": "/comment/30743",
        "comment": "No developer fees can bring back a species! And just because a species exists elsewhere doesn't mean it is isn't an essential part of our ecosystem, and possibly essential to species survival.\nWe have barely begun to know all the species of insects especially, and their potential importance to our agriculture, physical and mental health and perhaps even our survival as a species. It is incredibly short-sighted to put developments or aggregate pits into natural areas that are also essential for the air we breathe, flood control, carbon storage and so much more.\nIf you care about your children and their children and theirs, please do not let this \"pay to slay\" idea ever become reality in Ontario.\n"
    },
    "30744": {
        "url": "/comment/30744",
        "comment": "A healthy ecosystem is crucial not only for wildlife, but for our own survival. I believe we need to prioritize the recovery of at-risk species over the demands of developers, no exceptions. We need legislation that makes it harder \u2014 not easier \u2014 for habitat to be destroyed. This isn't just good for the environment, it's important for the future of sustainable development as well. Businesses of the future will need healthy, thriving ecosystems in which to function. We need to ensure that habitats are protected and restored to facilitate species recovery, instead of focusing solely on mitigating the adverse impacts of harmful activities. A healthy, thriving Ontario includes wildlife and ecosystems that are healthy and thriving as well.\n"
    },
    "30745": {
        "url": "/comment/30745",
        "comment": "As a young citizen working in environmental conservation, I see the benefits of protecting biodiversity on a daily basis. Healthy ecosystems maintain a balance that recycles nutrients, purifies water, regulate climate, maintain healthy soils, and provide us with food, raw materials and countless of recreational activities. When species are removed from the equation, the ecosystem becomes unbalanced, creating problems such as pests. For example, White Tail Deer populations are out of control in southern Ontario due to lack of predators that have been extirpated from the land due to human development and lack of sufficient habitat. As a result, we now see more auto collisions from coming in contact with deer and introduction of new diseases. Many grassland birds are at risk of extinction; these birds feed on insects that have harmful effects on crops. With these birds present in farmer's field, the pest can be controlled naturally reducing cost and labour to the farmer, while increasing yield.\nRemoving protection from species at risk, will mean that more wetlands will be developed. This will create bigger flooding issues as wetlands act as a water reservoir that allow water to slowly drain to rivers and lakes, while purifying it in the process. No wetlands will result in more flash floods; higher costs in infrastructure repairs for roads, homes and other buildings that will suffer; more soil erosion along river banks as a result of increased flow, among other things.\nOverall, ecosystems have highly complexed relationships that no human understand and messing with those relationships will always result in negative effects for people. The government needs to listen to industry professionals who know more on the topic than any politician. We need to start living with nature and not against it, because we will always lose that battle.\n"
    },
    "30748": {
        "url": "/comment/30748",
        "comment": "I am very concerned by the proposed changes to Ontario's Endangered Species Act. These changes will weaken protections for biological diversity, leading us to pass on an impoverished natural environment to our children and grand children.\nAs highlighted in the recent report from the Intergovernmental Science-Policy Platform on Biodiversity and Ecosystem Services, our planet is facing a biodiversity crisis. At a time like this governments around the world need to be looking to measures that will strengthen the protections for endangered species and improve the resources available for enforcement and habitat restoration. The proposed changes to Ontario's Endangered Species Act would instead weaken protections by providing ministerial discretion to loosen regulations and extend the timelines for development and implementation of species protection measures.\nThe most significant proposed changes to the Act are meant to make it easier for developers to ignore species at risk. This may produce short-term economic gains for a few, but will do irreversible damage to the natural systems that are our common heritage. I am shocked by the shortsightedness of the proposed changes. There is no need to pit economic development against environmental integrity. Indeed, in the long term the health of our economy depends on the health of our natural systems. The resilience of society and ecology are fundamentally interlinked, and humanity's own ability to adapt to environmental change is bolstered by sharing the land with a diversity of non-human organisms.\nI urge legislators to reconsider the proposed changes and to instead move towards a strengthened set of protections for our species at risk. The kind of environment that will be inherited by all of our children rests these decisions.\n"
    },
    "30749": {
        "url": "/comment/30749",
        "comment": "The planet is currently facing its sixth mass extinction and this one is driven by human activity. The recent Intergovernmental Science-Policy Platform on Biodiversity and Ecosystem Services (IPBES) report listed five major driving factors in the global loss of biodiversity, including \u201cchanges in land and sea use; direct exploitation of animals and plants; climate change; pollution; and invasive alien species\u201d.\nStrengthening and enforcing the Ontario Endangered Species Act should be of paramount importance to the Ontario government in the face of these global threats to biodiversity. Ontario was the first province in Canada to implement an Endangered Species Act in 1971, and was once heralded as setting the \u201cgold standard\u201d for species at risk protection. We as a province have a responsibility to continue to be a leader in species\u2019 conservation and recovery. To do so, we must reinforce protections for species at risk and their habitats and promote their recovery.\nIt is extremely disheartening that the \u201c10th Year Review of Ontario\u2019s Endangered Species Act: Proposed changes\u201d has proposed such detrimental updates to the act. These updates will only weaken the protections put in place for species at risk. The changes are selfish and short-sighted, and are not written in the best interest of environmental protections. I do not support the proposed changes to the Ontario Endangered Species Act (ESA) and list below the most problematic changes. I call for the Ontario government to do better. I believe that Ontario has a responsibility to preserve our biodiversity and natural spaces for future generations.\n1)  Assessing species at risk and listing them on the Species at Risk in Ontario List\nCurrently, once COSSARO submits a report the Minister, the species must be added to the SARO list within three months. Once listed, the species and its habitat gain legal protection. The proposed changes suggest extending this timeframe from three to twelve months. There is no reason to extend this timeline and doing so is contradicting the goal of the ESA.\nThe proposal also states that the minister can veto COSSARO recommendations. The Minister should not have the authority to undermine a committee composed of independent experts and single-handedly decide which species will be added to the SARO list. I would also like to point out that the current Minister has no scientific background or training in environmental policy, conservation or restoration science. He was the former CEO of the Ontario Lottery and Gaming Corporation and should not have the authority to veto COSSARO recommendations.\nThe proposed changes to SARO listing protocols will also result in less protections for edge-of-range species. Protecting edge of range species is important - Ontario makes up the northern-most extent of ranges for species currently listed under SARO. Within the onset of climate change, range sizes are shrinking and Northern ranges are particularly vulnerable. We must continue to enforce protections across a species\u2019 entire range.\nFinally, there is concerning and ambiguous language surrounding COSSARO membership being open to those with \u201ccommunity knowledge\u201d and opens the door for membership to be exploited.\n2) Defining and implementing species and habitat protections\nThe proposed changes suggest that a SARO listing does not mean automatic protections to a species at risk and its habitat. The Minister would have the authority to suspend species and habitat protections for up to three years. This is a glaring problem and once again contradicts the spirit of the ESA.\n3) Developing species at risk recovery policy\nThe proposed changes to the ESA include more pointless and detrimental delays. The Minister would have the authority to delay the development of Government Response Statements and reviews of the progress towards protection and recovery. There is no scientific or environmentally sound reason for these delays, nor do they act in the best interest of species at risk.\n4) Issuing Endangered Species Act permits and agreements and developing regulatory exemptions\nAllowing municipalities or other infrastructure developers to pay a fee instead of abiding by the protections put in place by the ESA is an egregious flaw and incredibly problematic. I do not support this \u201cpay to slay\u201d policy. Ontario should not put a price on our biodiversity. Once again, this is in direct contradiction to the goals of the ESA. The proposed changes also state that the Minister no longer needs to meet with independent experts when considering issuing permits and exemptions, which is a gross oversight.\nSummary:\nI disagree with the proposed changes to the Ontario Endangered Species Act that the Government of Ontario wants to push forward.\nThe goals of the proposal are to \u201cimprove the effectiveness of the program for species at risk by ensuring Ontario\u2019s best-in-class endangered and threatened species protections; include advice and species\u2019 classifications from an independent scientific committee and modern approaches to enforcement and compliance; species and habitat protections; and recovery planning\u201d.\nIn contrast to these goals, the proposal is ignoring the advice of an independent scientific committee of experts. It is severely crippling enforcement and compliance. It is weakening species and habitat protections. It is delaying recovery planning. It is giving unnecessary and damaging authority to the Minister, who has no reason to veto, suspend or delay species at risk protections. In no way do the proposed changes meet the goal of the ESA.\nI am disappointed in this proposal and charge Ontario to do better. In the face of the current global biodiversity crisis, we must advocate for the preservation of species at risk.\n"
    },
    "30751": {
        "url": "/comment/30751",
        "comment": "This proposal concerns me deeply. As you know - the UN has just released a report explaining that humans are causing a massive extinction event and destroying the planet*s ecosystems. This destruction will not be good for business in the near future. I mention this because the changes to the act suggested are for promoting business - not saving species - and that failure to protect species will damage business  - so hopefully you can be persuaded to care for endangered species if only to protect business interests.\nI do not support the ministerial discretion given to delaying or suspending species protection for any reason. I do not support the addition of those without a scientific background to the Cossaro committee. I do not support the designation of endangered species to be lessened because of consideration for species range outside of Ontario. I do not support the Minister not needing to consult with an independent expert when issuing management and permits. I do not support the in lieu of fund.\nHabitat for biodiversity should be actively sought after for province protection and enhanced. Wetlands - which we have greatly reduced in our province - have been shown to be excellent water retainers which will help with flooding and are high performing for carbon storage. This helps mitigate climate change. We should be restoring wetlands - not draining and building on them.\nPlease reconsider this proposal.\n"
    },
    "30752": {
        "url": "/comment/30752",
        "comment": "In Ontario there are already 243 species at risk. The very densely populated Carolinian region of southern Ontario is home to the highest concentration of endangered species in Canada. It is not surprising that habitat loss and degradation is the main reason for the decline of many of these plants and animals. These fragile species would not survive in Ontario without the protections and, supports for their recovery and the recovery of their habitats, provided by the Ontario's Endangered Species Act.\nThe endangered species are an integral part of Ontario's natural assets. We need our natural assets for protections: from severe weather events; from the environmental threats to our physical and social health, and; from the economic uncertainty that environmental degradation brings.\nThe required review of Ontario's Endangered Species Act provides a good opportunity for the government to strengthen the act. Sadly the proposed changes will instead weaken the ESA. Science based consultation and decision making should be strengthened not weakened. Municipalities or other infrastructure developers should be required to redress the damage they cause the at-risk species habitats. There are many significant problems with the proposed changes e.g.:\n- The act should not 'provide greater Minister\u2019s discretion on protections, while keeping the assessment as a science-based process at arm\u2019s length'. Habitat protection decisions should be driven by scientific expertise not Ministerial discretion.\n- The act should not give the Minister 'authority to temporarily suspend species and habitat protections for up to three years for some newly-listed species'. Once listed the species and their habitats should be immediately protected.\n- The act should not 'allow municipalities or other infrastructure developers the option to pay a charge in lieu of completing certain on-the-ground activities required by the act'. They should be required to bear the full cost of complying with the ESA.\nWith thoughtful and responsible leadership we do not have to compromise our protections of the at-risk and endangered species to have a healthy economy. Creative solutions driven by science based consultation are needed. The proposed changes clearly lack the needed science driven solutions. Please not make these severely flawed changes and leave the ESA as it is.\n"
    },
    "30754": {
        "url": "/comment/30754",
        "comment": "I strongly object to the pay to play formulation proposed herein whereby the province proposes to\"to allow municipalities or other infrastructure developers the option to pay a charge in lieu of completing certain on-the-ground activities required by the act\". This makes it clear that cash, not conservation, is key. Do not allow ministers to use their discretion, i.e. to cave to well-heeled lobbyists and other influence groups, over the rule of law to protect our province and its environment.\n"
    },
    "30759": {
        "url": "/comment/30759",
        "comment": "I don't support changes that allow the Minister to suspend protections for endangered species at their discretion, don't support basing species' classifications on their condition outside of Ontario, and don't support allowing developers to pay in lieu of fulfilling on-the-ground compensation requirements.\n"
    },
    "30763": {
        "url": "/comment/30763",
        "comment": "I would like to comment on the changes to the Endangered Species Act that have recently been proposed.  Each of these four concerns has been carefully weighed and no significance should be placed upon their order.\nFirst, I am disappointed and gravely concerned that sufficient time has not been allowed to assess the consequences of the changes proposed.  I understand that the Bill that contains these changes is already in its second reading period and that the motion was carried in its first reading.  I conclude from the concurrent debate and consultation processes that the latter is considered insignificant to this Government.\nSecond, the intention is to improve an act that is currently \u201cineffective in its aim to protect and recover species at risk\" (from the Discussion Paper).  The changes proposed do not seem to help with species protection or recovery.  Instead, they appear to facilitate impacts to these species and their habitats by taking decision-making away from experts and giving it to politicians.  For example, I am particularly concerned about giving the minister power to suspend protected species' status.  If the aim is truly to make this legislation effective at protecting and recovering species, I would like to see those provisions spelled out and additional consultation take place.\nThird, the Government is aware of its duty to consult with First Nations relative to any developments that take place within their territory.  It was my hope that the one of the updates to this Act would articulate more fully how this duty would be fulfilled.  I am disappointed that this communication is missing from the proposed changes.\nLastly, it is simply impossible to protect and/or recover a species without protecting its habitat.  Eliminating or suspending, no matter how temporarily, the legislation of protected habitat can only have negative impacts on the species.\nThank you for your consideration.\n"
    },
    "30766": {
        "url": "/comment/30766",
        "comment": "Thank you for the opportunity to comment on the proposed changes to Ontario\u2019s Endangered Species Act. Many species are declining around the world and in Canada. After a landmark global assessment, the United National recently released a report stating that one million species around the world may be pushed to extinction in the near future due to human pressures. This report, based on thousands of expert sources, gives us the very clear message that nature is in trouble, we are the cause, and we have a responsibility to act.\nThe province of Ontario is not immune to these declines and eventual extinctions. There are currently more than 200 species at risk (SAR) in the province. The main purpose of the Environmental Species Act (ESA) should be to protect species at all costs. The proposed changes, which would allow expedited development and unnecessary destruction of critical habitat, are cause for great concern. We are uniquely positioned at this time, with more understanding and evidence than ever before, to make updates to our provincial acts to strengthen the protection of species at risk.\nAny changes to the ESA should be made with great care, as without diligent legislation there is a risk of loss of essential habitat which will lead to further population declines. Any additional declines in some species may cause them to become extirpated from Ontario, and such losses to our natural heritage are unacceptable in the face of so many other unmitigated threats to biodiversity. Ontario has an opportunity to be a leader in biodiversity conservation, with an ESA that is the gold standard to which other jurisdictions aspire.\nI agree that the public should be notified quickly of COSSARO\u2019s species\u2019 assessments, but listing should be immediate. Waiting one year after the species is listed can result in harmful effects on species. Many species are already facing rapid declines, so immediate protection is strongly recommended. I also strongly disagree with the possible suspension of listings for up to three years, as such long delays could allow large developments and lack of mitigation, potentially wiping out populations of species that should be listed but whose listings have been unnecessarily delayed. Furthermore, threatened and endangered species should have habitat regulations, as these species are especially vulnerable.\nCOSSARO is an independent committee with expertise in scientific disciplines and Aboriginal Traditional Knowledge (TEK), and these individuals take great care and consideration when making decisions about which species should be listed as at risk. The current proposal calls for including those with \u201ccommunity knowledge\u201d \u2013 a vague term that could open up COSSARO to those who do not have unbiased expertise in species assessment or that have a different agenda altogether. I still strongly oppose that the minister should be able to overrule decisions made by COSSARO, as such veto power explicitly undermines the arms-length scientific approach that is supposed to be used to assess species.\nI also strongly oppose COSSARO being required to base its assessments on the status of a species throughout its range, as opposed to in Ontario only. For species that have a small portion of their range in Ontario, these populations often present unique adaptations and reservoirs of genetic variation, facilitating resilience to climate change. Loss of our Ontario populations means loss of global diversity in the species. Allowing species to be wiped out in Ontario simply because they occur elsewhere is short-sighted and will be a devastating loss to our natural heritage.\nThe Species at Risk conservation trust could be a powerful tool under some circumstances, but there is great room for such a program to be abused. This trust could allow for areas facing development to be developed by simply paying into the trust as opposed to protecting the resident species at risk. Such a proposal runs the risk of jeopardizing the social license that many large companies currently have. If companies are seen to be \u201cbuying\u201d the right to destroy the habitat of endangered species, they will be viewed as poor corporate citizens and likely lose business in the long term. Under certain circumstances, SAR habitat may be lost, and such a program could result in compensatory habitat creation elsewhere. In those cases there should result a net gain in quality SAR habitat for the same species. Net gains or losses should not be measured as simplistic aerial extent of habitat lost versus created, as the quality of habitat and whether it is actually occupied by viable subpopulations is more meaningful. Although complex to measure, indicators that are relevant to the SAR classification system should be used, such as numbers of mature individuals, survival rates, reproductive rates, area of occupancy, and long-term viability of the mitigation project.\nThe proposed changes include amending the act to strike out \u201cthe environmental registry established under the Environmental Bill of Rights, 1993\u201d and substituting \u201ca website maintained by the Government of Ontario\u201d. Such a change would mean that the opportunity for public input is lost.  Removing opportunities for public input eliminates government accountability to the public and prevents the public to participate in the protection and recovery of species at risk.\n\tLastly, I agree that better enforcement is necessary to protect SAR. There is a strong need for enforcement of the ESA through fines and if necessary, incarceration.\nThe purposes of the ESA are:\n1. To identify species at risk based on the best available scientific information, including information obtained from community knowledge and aboriginal traditional knowledge.\n2. To protect species that are at risk and their habitats, and to promote the recovery of species that are at risk.\n3. To promote stewardship activities to assist in the protection and recovery of species that are at risk. 2007, c. 6, s. 1.\nI believe that the proposed changes do not align with the stated and intended purposes of the ESA. These changes will make it easier for industry and developers to destroy the habitats of our most vulnerable plants and animals. Given that, I strongly advise you to reconsider the proposed changes and further consult with the public and professionals, to use a collaborative and transparent approach to responsible development while also protecting SAR.\n"
    },
    "30767": {
        "url": "/comment/30767",
        "comment": "May 18, 2019\nPublic Input Coordinator\nMinistry of the Environment, Conservation and Parks\nSpecies Conservation Policy Branch\n300 Water Street\nFloor 5N\nPeterborough, Ontario\nK9J 3C7\nDear Sir/Madam,\nRE: ERO #013-5033 Review of the Endangered Species Act, 2007\nI strongly oppose proposed changes to the Endangered Species Act, 2007 (ESA) put forward in Schedule 5 of Bill 108. The proposed changes to the ESA will negate the original purpose of the act which was to, protect Ontario\u2019s most venerable flora and fauna species. The act was put into place to provide legal protections to these species and their habitat, so that their populations can recover. The changes would undermine the very foundation of the ESA: science-based listing using expert and Indigenous Traditional Knowledge, mandatory habitat protection, and legislated timelines for planning and reporting. They would allow for organizations to take advantage of the new ambiguities in the act to destroy that which the act was put into place to protect, imperiled flora and fauna and their habitats.\nI urge the government to remove Schedule 5 in its entirety from Bill 108 and thus not to proceed with the proposed changes to the ESA.\nBelow we outline our specific concerns about Schedule 5.\n1. Assessing and listing species at risk\nThe proposed changes undermine the ESA science-based approach to listing new species, delay or prevent species being added to the Species at Risk in Ontario (SARO) list, deny them of the protections that go along with being listed and endanger species in need of listing before protections are granted.\nDenying the listing of species assessed by the Committee on the Status of Species at Risk in Ontario (COSSARO). Currently the species must be listed within three months of the minister receiving the assessment from COSSARO. The proposed changes would allow the listing to be delayed for up to 12 months (proposed subsection 7(4)), as well as require public notice no later than three months after the minister receives the assessment. This transparency to the public along with the delayed listing would allow for developmental interests to destroy the species and their habitat before the species is granted legal protection. This preventable threat to imperiled species is not acceptable.\nIncreasing the minister\u2019s ability to second guess a species listing based on his interpretation of the scientific information, would further delay the recovery planning and implementation of protections necessary for at risk species survival. The current ESA allows for the minister to request a review of the COSSARO decision if \u201ccredible scientific information\u201d indicates that the listing \u201cis not appropriate\u201d (sec. 8(2)). The proposal changes the language to \u201cmay not be appropriate\u201d (proposed subsection 8(2)), the ambiguity in the new language allows the ministers ability to more broadly challenge COSSARO decisions. Under the current ESA when a species listing is challenged the species receives protection until further reassessment says other wise. The proposal would not grant species protection until the reassessment has confirmed that it is in fact worthy of protection (proposed subsections 8 (3) and (4)). Since there is no specified timeline in which the re-assessment must take place this allows for indefinite delays in the listing process. The listing of species should be based solely on good science and not the interpretation of a single person.\nThe new changes to the ESA would require COSSARO assessments be based on the species boarder \u201cbiological relevant geographic range\u201d rather than only the populations found in Ontario (proposed subsections 5(4) and (5)). This would lead to delisting of species with more stable populations in the US. Further, leading to extirpations of species at risk in Ontario that would no longer have protections in place on them and their habitats. Most of the species that would be affected are species that are at the edge of their range. Removal of these species would be detrimental to the species as a whole for several reasons. Species that live at the edge of their range show the tendency to be more tolerant of extreme conditions, with the onset of climate change this would allow them to be more adaptable to changing conditions. This adaptability may not be observed in the individuals who live in the core of their species\u2019 range making them more venerable to the affects of climate change. Habitat degradation in Southern Ontario has destroyed almost all travel corridors between Ontario and the US. This has made most of Ontario\u2019s terrestrial species at risk geographically isolated populations and they should be treated as such; there is little or no chance for genetic exchange or interaction between Ontario populations and the more stable populations found in the US. It is our responsibility to protect these genetic pools lest something happens to other populations. These species have cultural, social and economic value to Ontarian\u2019s and contribute hundreds of thousands of dollars to the economy each year through numerous outdoor recreational outlets, a fact that is greatly overlooked. These species decline will be felt by Ontarians in more ways than one and will be sorely missed.\nBroadening of COSSARO membership so that it includes other than scientific experts (proposed subsections 3(4) (a) and (b)). Currently COSSARO members must have expertise in (a) a scientific discipline such as conservation biology, population dynamics, taxonomy, systematics or genetics; or (b) aboriginal traditional knowledge. Such qualifications ensure the credibility and transparency of the assessment and listing process. Every management decision is made on solid scientific findings with the inclusion of Indigenous Traditional Knowledge as should be decisions to list species imperiled. Allowing for input of a non-scientific or Indigenous knowledge base allows for political and industrial influence that pays little mind to the well being of these species.\n2. Species and Habitat Protection\nThe proposed changes would allow for, under the discretion of the minister, delaying and limiting of protections for species. This would allow for political and economic interests to weigh in on the listing of a species, a decision that should only be left to unbiased science. The ESA as it stands allows through permits and exemptions, flexibility when it comes to socio-economic issues.\nUnder the proposed changes the minister would be allowed to suspend the listing of a species for up to three years (proposed subsections 8.1(3)(b) and (5)(b)). For species that are endangered of becoming extirpated or extinct this is an unacceptable amount of time. There are several conditions that need to be met for this delay to be imposed. Of these conditions the species should have \u201ca broad range within Ontario\u201d and \u201chabitat availability is not a limiting factor\u201d. If a species were to have a broad range within Ontario and ample habitat it is most likely not in need of protection. There is no room for this within the ESA.\nProposed is a \u201cscoping of species protections where appropriate\u201d. This would allow protections to apply only to specific geographic ranges or in specific circumstances, given is an example \u201cto species that are not affected by disease\u201d (proposed subsections 8(1)(1.2) and (1.3). This could allow critical habitat and populations of species to be overlooked and not gain protections because they are not with in the targeted geographic range. The ability to develop a geographic range would undoubtedly play a role in protected geographic ranges. Furthermore, not applying protections to species that are affected by disease is oxymoronic. Species whose populations are affected by disease deserve just as much protection than those who are not as they face an imminent threat. The individuals within that population who survive the disease will then carry immunity to that disease and will then be able to pass that on to their offspring and other populations thorough genetic exchange. If we were to not provide protections for these populations those who would have become immune could be destroyed and the disease could entirely wipeout populations. Ecologically we can not allow this to happen.\n3. Species at Risk Recovery Policies\nThese proposed changes would allow for delayal of required policies and reports necessary to take action to assist species in recovery as well as reduce transparency to the public.\nCurrent guidelines require a Government Response Statement (GRS) to be produced within nine months of the publication of a Recovery Strategy (for Endangered or Threatened species) or a Management Plan (for Special Concern species). The proposed changes would allow the GRS to be delayed without any timeline under ministerial digression (proposed subsection 12.1(4)). This would affect the recovery of the species as there would be no government accountability for that species until a GRS is produced.\nThe removal of requirements to post notices on the Environmental Bill of Rights Registry when the Minister publishes Recovery Strategies or Management Plans serves no purpose (proposed subsections 11(5) and 12(4)). Posting these notices serves to provide transparency to the public of the government\u2019s fiduciary duties and responsibilities to the recovery of these species. The Environmental Bill of Rights Registry, which \u201centrenches the rights of the public to receive notice of and provide input into environmentally significant acts, regulations and policies\u201d (Environmental Commissioner of Ontario, 2013, p. 34). To hide this from public eye by posting them on an unknown government site only serves to allow the government to escape from their responsibilities to endangered species.\nUnder the current ESA it is required that the minister reviews the progress toward protection and recovery of a species no later than five years after the publication of a GRS. The proposed changes would allow the minister to specify a timeline in which the progress will be reviewed. (proposed subsection 12.2(2)(a)). The ambiguity of this language allows for timelines that would be inappropriate for the recovery of species. The current five-year period is sufficient to assess what has been done and what still needs to be done for the protection and recovery of the species.\n4. Permits, agreements and exemptions to allow harmful activities\nThrough various channels in the current ESA allow harmful activities to take place including permits, agreements and exemptions. Permits must be mediated with on-the-ground work that provides a net benefit to the species being affected. However, the lower set standard for exemptions only requires mitigation of harm.\nThe proposed changes serve only those who think that species at risk habitat has no importance other than what can be built on or extracted from it. The ESA was put into place to aid those species who have been affected by human activities, now it is our duty to protect them as best we can.  Yes, authorization processes may result in delays; but this is the Endangered Species Act, not the Endangered Business Act. Enabling economic development is NOT the purpose of the act, and so-called routine activities can have devastating cumulative impacts \u2013 aptly described as \u201cdeath by a thousand cuts.\u201d\nAllowing proponents of harmful activities to pay into a fund in lieu of fulfilling on-the-ground requirements that would otherwise be imposed under the ESA (proposed section 20). A-fee-in-lieu would allow for industry to destroy habitat with greater ease and without providing any benefit to the species that they are affecting. The proposed changes would charge companies what would be within the \u201crange of costs\u201d that a client doing the remediation work would have charged to fulfill the requirements of the current ESA. This charge would most certainly be the lowest possible cost to the company without any real work being done to aid the species affected. Furthermore, there is no mention of a required timeline in which the remediation work must take place. With habitat only being destroyed and little if any being created endangered species will surely pushed closer to extinction.\nRemoval of the requirement for the Minister to consult with an independent expert and to obtain Cabinet approval prior to issuing permits for harmful activities that would provide a significant social or economic benefit to Ontario (section 17(2)d permits). Currently the ESA requires the expert consulted to submit a report on the potential impacts of the proposed harmful activities on the species at risk, including an opinion on \u201cwhether the activity will jeopardize the survival or recovery of the species in Ontario.\u201d Removing these requirements would allow for activities to take place with unknown consequences. The purpose of having independent expert consultation is to ensure that the best actions are being taken for the health of that species. The removal of this process would inhibit the ability to provide appropriate remedial responses in the wake of harmful activity.\nRemoval of the requirement for the Minister to consult with an independent expert regarding the potential impact of a regulation (e.g., an exemption regulation) on species at risk if it is likely to jeopardize the survival of the species in Ontario. This change would make it easier to pass regulations that could result in serious harm to species at risk and their habitats. It would undermine the rigour and credibility of the Minister\u2019s decision.\nThose authorized by a permit to proceed with harmful activities would no longer be required to take measures to avoid adverse impacts to individual members of a species (subsections 17(2)(c)(iii) and 17(2)(d)(v)).  This proposed action would no longer provide protections to individuals in the area where harmful activities are taking place. This could be disastrous to species with a tendency to spread out and live individually in times of non-breeding, an example of this is Ontario\u2019s turtles. Biologically turtles are slow to mature and have high nest predation due to raccoon\u2019s success with living in close proximity to humans. This makes EVERY individual in that population essential to their species\u2019 survival.\nCreation of \u201clandscape agreements\u201d for proponents undertaking multiple harmful activities throughout a geographic area (proposed section 16.1). This would allow development to sweep across the landscape with little regard for all the species present. In this proposal there is little or no room for site-specific or species-specific consideration. Although it would be required for the proponent to take action to mitigate harm done, this only applies to a single species. If multiple species are found within the geographic area all but one will suffer.\nRemoval of the current requirement to provide an overall benefit to negatively impacted species when harmful activities approved under other pieces of legislation are authorized to proceed under section 18 of the ESA. Section 18 of the ESA already provides a means to harmonize its requirements with other legislative or regulatory frameworks. But it is premised on providing an overall benefit to species negatively impacted. This high standard is intended to promote species recovery, whereas the proposed change aims only to ensure that steps are taken to minimize adverse effects. Minimizing adverse effects indicates that there is going to be a net loss for the species. Section 18 should remain as is so that the ESA can continue to insure the recovery of species rather than be used for damage control.\nSummary remarks\nOn May 6th, only four days after the government of Ontario tabled Bill 108 and Schedule 5, the United Nations released a report documenting extinction rates unprecedented in human history. According to the Chair of the UN\u2019s Intergovernmental Science-Policy Platform on Biodiversity and Ecosystem Services (IPBES), \"The health of ecosystems on which we and all other species depend is deteriorating more rapidly than ever. We are eroding the very foundations of our economies, livelihoods, food security, health and quality of life worldwide\" (IPBES media release, May 6, 2019 Paris). Species and ecosystems in Ontario are very much part of this global trend, and thus the report provides an appropriate frame for understanding the broad implications of the proposed changes to the ESA. These changes would weaken, delay, limit and remove protections for Ontario\u2019s most vulnerable plants and animals and in doing so contribute to ongoing biodiversity decline across the province. They amount to nothing less than a proposal to sacrifice the recovery of species at risk to those with vested short-term economic interests in unbridled development. These species are neither Liberal nor Conservative, they pay no mind to the bipartisan debates of this country. Their fate should not be at risk while we debate amongst ourselves.\nI urge the government to remove Schedule 5 in its entirety from Bill 108.\n"
    },
    "30768": {
        "url": "/comment/30768",
        "comment": "I am extremely disappointed in this Government's short-sighted and regressive approach demonstrated in these amendments.    Clearly, this so-called review was never intended to \"improve\" the Endangered Species Act.   The public never asked for the review, it was never tabled at the election, and it does not serve the best interests of the general public.\nAccording to the Ministry of Envrionment, Conservation and Parks' own data, there are over 200 species at risk of disappearing in Ontario currently.  So it makes absolutely no sense to weaken the current ESA - which these proposed amendments absolutely do.\nI vehemently object to the changes being proposed to the ESA.  They are not aligned to what the government already understands about the seriousness of species loss or what the entire world understands (per the recent UN statement on the mass extinction taking place right now).   We need stronger policies and enforcement, not watered-down Acts that benefit the profitability of select few businesses that are living in the past.\nEveryone knows developers and other sectors will have no problem paying a fee to continue archaic, destructive practices to do business.      And giving a Minister, without any science background whatsover, veto rights over the scientific community is nothing less than a dictatorship.\nThe fact that these amendments have been hidden inside a housing Bill is evidence that this review is not and environmental review at all, it is a back-door means of eliminating the Act entirely.      Therefore, Schedule 5 of Bill 108 should be removed completely.   If a review of the ESA is required, it should be done with complete transparency and with the objective of improving the situation for endangered species, not making it worse.\n"
    }
}