{
    "29047": {
        "url": "/comment/29047",
        "comment": "\u2022\tThe forest sector requires a permanent solution to the ESA\n\u2022\tThis can be best accomplished through a long term (permanent) section 55 Regulatory Exemption\n\u2022\tI do not support the section 18 \u2018harmonization option\u2019 as a solution for the forest sector \u2013 it does not effectively deal with the socio-economic risks posed to the sector by the ESA\n\u2022\tThe forest sector is an important driver of the northern economy and therefore a solution to the ESA is critical\n\u2022\tSection 55 Regulatory exemptions have provided the only viable path for the forest sector since the ESA was enacted more than a decade ago\n\u2022\tEndangered species are important, but so are jobs, communities, and the economy\n\u2022\tThe best way to manage for all three objectives is clearly by making the balanced CFSA an equivalent process to the ESA\n"
    },
    "29055": {
        "url": "/comment/29055",
        "comment": "\u2022\tThe forest sector requires a permanent solution to the ESA\n\u2022\tThis can be best accomplished through a long term (permanent) section 55 Regulatory Exemption\n\u2022\tI do not support the section 18 \u2018harmonization option\u2019 as a solution for the forest sector \u2013 it does not effectively deal with the socio-economic risks posed to the sector by the ESA\n\u2022\tThe forest sector is an important driver of the northern economy and therefore a solution to the ESA is critical\n\u2022\tSection 55 Regulatory exemptions have provided the only viable path for the forest sector since the ESA was enacted more than a decade ago\n\u2022\tEndangered species are important, but so are jobs, communities, and the economy\n\u2022\tThe best way to manage for all three objectives is clearly by making the balanced CFSA an equivalent process to the ESA\n"
    }
}