{
    "28721": {
        "url": "/comment/28721",
        "comment": "\u2022\tThe forest sector requires a permanent solution to the ESA\n\u2022\tThis can be best accomplished through a long term (permanent) section 55 Regulatory Exemption\n\u2022\tI do not support the section 18 \u2018harmonization option\u2019 as a solution for the forest sector \u2013 it does not effectively deal with the socio-economic risks posed to the sector by the ESA\n\u2022\tThe forest sector is an important driver of the northern economy and therefore a solution to the ESA is critical\n\u2022\tSection 55 Regulatory exemptions have provided the only viable path for the forest sector since the ESA was enacted more than a decade ago\n\u2022\tEndangered species are important, but so are jobs, communities, and the economy\n\u2022\tThe best way to manage for all three objectives is clearly by making the balanced CFSA an equivalent process to the ESA\n"
    },
    "28724": {
        "url": "/comment/28724",
        "comment": "Once species are gone, there is no way to recover them. As an Ontario citizen, I am extremely concerned about this legislation. We cannot afford to decrease biodiversity in Ontario. Our future prosperity, and even continued existence, depends on a healthy, diverse biosphere.\n\"The proposed changes would authorize the creation of a regulatory charge that could be paid by persons who are permitted to carry out otherwise prohibited activities under certain permits, agreements, and regulations. The charge would be paid in lieu of fulfilling certain potential conditions that could otherwise have been imposed under the permit, agreement, or regulation.\"\n"
    },
    "28727": {
        "url": "/comment/28727",
        "comment": "The Ford governments attempt to pass this bill is a dangerous, irresponsible and disgusting. Ontarians do not support this bill. You are putting endangered species and their habitats at risk in the name of profit. A decline in any species, from the smallest bug to the largest carnivore, has a profound impact on the entire ecosystem. Thriving ecosystems are vital to human health as well. Once this is gone, there is no going back. Put an end to this bill.\n"
    },
    "28739": {
        "url": "/comment/28739",
        "comment": "Dear Minister\nThe changes to the Endangered Species Act proposed in omnibus Bill 108, the More Homes, More Choice Act would wholly vitiate an Act carefully constructed and followed over many, many years, by Ontario governments formed by all major political parties.\nThose who have no voice, wild animals, many of whose very existence is endangered, have only the citizens of the promise to speak carefully and caringly on their behalf. I speak for those animals, as helpless as an orphaned child in urging the government to keep the Endangered Species Act in place without major amendment.\nPlease respect all of the citizens of this province.\nThank You\n"
    },
    "28741": {
        "url": "/comment/28741",
        "comment": "I have ten concerns with the amendments.  Please see the link below from Ontario Nature Magazine:\n1. \"Pay to slay\"\n2. Rejecting science\n3. Limiting protections\n4. Deserting \"Edge of Range\" species\n5. Sweeping authorizations for harmful activities\n6. Dodging requirements\n7. Goodbye to expert input\n8. Veto of automatic protections\n9. Interfering with the listing of species at risk\n10. Delays, delays, delays\n"
    },
    "28744": {
        "url": "/comment/28744",
        "comment": "I am extremely concerned about the proposed changes to the Endangered Species Act.\n1)\t The committee reviewing endangered species must be comprised of scientists, not community members who may have political loyalties and will not have the knowledge or desire to protect species.\n2)\tAllowing developers and industry to pay into a fund instead of taking actions that will immediately protect endangered species must not be allowed under any circumstances.  When the opportunity to protect endangered species is immediately available that is the time for immediate action.  This cannot be replaced by what would essentially be an exemption from taking action and sends the message that these species are not important.\n3)\tThe Minister should not have the ability to suspend protections for years because he/she does not consider the social or economic conditions ideal to protect species.  The chance to save endangered species will not always be available.  Time doesn\u2019t pause during poor economic periods.\nIt is important that any amendments to the Endangered Species Act be made with serious intent to save the species, not simply to remove obstacles that are seen to stand in the way of \u201cOntario being Open for Business.  This proposed amendment is clearly written for the wrong reasons.  Therefore,  please leave the Act unamended.\n"
    },
    "28746": {
        "url": "/comment/28746",
        "comment": "At this time of elevated knowledge of climate change and how it is affecting all endangered species, it is time to step up our protection of these species, not downgrade it.  There are many ways to provide for people, developing areas not of concern, increasing transportation options to further areas not affecting endangered species, etc.  Frankly, if you affect them, you affect us.  All these endangered species are, in effect, the \"canary in the coal mine\".\n"
    },
    "28747": {
        "url": "/comment/28747",
        "comment": "Please don't allow this amendment to pass. We as Canadians have to take a stand for all creatures and this is NOT the way to do so. We should be protecting all of our endangered species. If that means that companies are forced to protect the areas they're developing in,  so be it. The passage of this piece of legislation will definitely have an impact on my future voting choices.\n"
    },
    "28748": {
        "url": "/comment/28748",
        "comment": "Recognize equivalency between the Endangered Species Act (ESA) and Crown Forest Sustainability Act through a permanent section 55 regulation or legislative change to the ESA.\nWhile working under the CFSA, ensure all species at risk policy and prescriptions take into account the impacts of climate change and the cumulative social and economic impacts.\n"
    },
    "28750": {
        "url": "/comment/28750",
        "comment": "Recognize equivalency between the Endangered Species Act (ESA) and Crown Forest Sustainability Act through a permanent section 55 regulation or legislative change to the ESA.\nWhile working under the CFSA, ensure all species at risk policy and prescriptions take into account the impacts of climate change and the cumulative social and economic impacts.\n"
    },
    "28753": {
        "url": "/comment/28753",
        "comment": "PLEASE do not enact ANY of these proposals!!\nEach of these proposals turns the clock back on wildlife preservation in very harmful ways and will open the door for all species to be wiped out in Southern ON.\nThis Act needs to be enforced and strengthened, not weakened as all these proposals do.\nGet your hands off this ACT!!!\n"
    },
    "28756": {
        "url": "/comment/28756",
        "comment": "I agree 100% with all of the proposed 10th year review of the endangered species act:\n1- I support: assessment of species at risk and listing of  species at risk in On list: support earlier notice by COSSARO - stakeholders need time  to gather research and info  . Extension of 3 to 12 months.\n2- I support: changes to the listing process\n3- I support to allow Minister to extend the 9 months response for certain species.\n4- I support the creation of Regulatory Change and Agency as presented.\nthank you\n"
    },
    "28758": {
        "url": "/comment/28758",
        "comment": "I strongly support a long-term Section 55 Regulatory Exemption for the forest sector which recognizes the Crown Forest Sustainability Act (CFSA) as an equivalent process to the Endangered Species Act (ESA).  I do not support the attempts at harmonization of the CFSA with the ESA through amendments to Section 18 as proposed in this posting.\nEnvironmental Management systems in Ontario's forestry sector are some of the strongest in the world. Creating legislation that would cripple a thriving industry that already holds environmental protection at the highest regard would be an embarrassment to the province, and result in millions of dollars in lost revenue and wages. Tens of thousands of jobs would be eliminated.\nI do not support the section 18 \u2018harmonization option\u2019 as a solution for the forest sector \u2013 it does not effectively deal with the socio-economic risks posed to the sector by the ESA. The forest sector requires a permanent solution to the ESA. Endangered species are important, but so are jobs, communities, and the economy.\n"
    },
    "28759": {
        "url": "/comment/28759",
        "comment": "\u201cI strongly support a long-term Section 55 Regulatory Exemption for the forest sector which recognizes the Crown Forest Sustainability Act (CFSA) as an equivalent process to the Endangered Species Act (ESA).  I do not support the attempts at harmonization of the CFSA with the ESA through amendments to Section 18 as proposed in this posting\u201d.\n"
    },
    "28761": {
        "url": "/comment/28761",
        "comment": "I strongly support a long-term Section 55 Regulatory Exemption for the forest sector which recognizes the Crown Forest Sustainability Act (CFSA) as an equivalent process to the Endangered Species Act (ESA).  I do not support the attempts at harmonization of the CFSA with the ESA through amendments to Section 18 as proposed in this posting\u201d.  Amendments to Section 18 as proposed in this posting do not represent our Northern communities.\n"
    },
    "28762": {
        "url": "/comment/28762",
        "comment": "When you\u2019re in a mass extinction event \u2013 one of the highest rates of extinction since the dinosaurs where wiped out 65 million years ago by an asteroid \u2013 it\u2019s not wise to push more species towards and over the brink.  If only for self-interested reasons.\nMany of these proposed changes will do just that.\nI could list them \u2013 but I\u2019ll give you some credit in assuming you know which ones.\nDon\u2019t be the asteroid.\n"
    }
}