{
    "27887": {
        "url": "/comment/27887",
        "comment": "There are ten main points to the revised ESA I would like to address. The \"pay to slay\" where developers can pay into a fund in lieu of fulfilling requirements for on the ground reparation for damage done to an area. This should be an actual representative number calculated by non-government hired ecologist that determine the price using the importance of each species both plant and animal, the number of individuals that will be affected by the changes and the area that will be lost due to development. Typically when other governments have put a law like this one in place the price is extremely low in comparison to the value of each individual of each species in that area. For example one honey bee is worth more to our food, agriculture and society than a ten story apartment building.\nRejecting science, there should be zero input from any person without a background in the environmental and ecological field. Our environment can only success if science is accepted and put forward to change laws. By rejecting science you will cause the environment to no longer exist and the human race will be extinct. In order for the human race to survive this century we need to protect more than 50% of the earth's natural habitat and the remaining species, if we do not succeed we will have no oxygen, no way of farming our food and extreme weather events that will destroy cities. do not reject science, it is the last thing that stands between our salvation and our extinction. Unfortunately this is no longer just a worse case scenario, this is what is happening and the only way to stop it, is the save the environment, save as many species as we can and we can only do this by accepting science and using it to form a plan to help the environment.\nLimiting protections, as I stated before if we don't try to help every species we can, we as Ontario citizens will suffer the consequences. We need to make sure we prioritize important habitats and species and protect them.\nEdge range species are just as important if not more important since these species show resistance to a change in their ideal habitat. These species are critical for future persistence of the species as our climate continues to change. Species should receive protection especially if their population is low in Ontario even if the population is high elsewhere. We need to protect as many species as we can.\nHarmful activities and dodging requirements should be avoided at all costs and there needs to be a remediation plan that doesn't just restore another area to the same status that was destroyed or pay a fee. We need to make it so the environment benefits. Change this so any harmful activities must be reduced as mush as possible and all damage to the environment must be restored by double. Also at no point in time should requirements be avoided or dodged. If an endangered species or habitat is in the spot you want to build you cannot build there, you cannot do whatever you want. There is a reason why the species is endangered, on the endangered species list and there is red tape.\nAt no point in time should expert input be put aside. For each inquiry that involves the endangered species act there should be a panel of independent expert scientists in the ecological or environmental field that puts the survival of species in Ontario as their top priority and advises the minister on what action the minister should take.\nThe minister should not have greater discretion on protections. The minister should not have the power to veto protections. There should not be a suspension of protections ever especially for more then three months. Also public and expert consultations should always be required.\nThe minister should not be allowed to interfere with the listing of a species. The panel of independent expert scientists in the ecological or environmental field that puts the survival of species in Ontario as their top priority should be the only people making science-based listing decisions.\nThere should be no delay or little time between proposing a listing, planning and reporting on a species at risk using a panel and scientific research to back up the decision. If you delay in any of those steps you can undermine species recovery.\n"
    },
    "27894": {
        "url": "/comment/27894",
        "comment": "In general, there are numerous proposed changes that wont benefit species at risk in Ontario; however, I will discuss 2. First, climate change is forecasted to drastically reduce which areas many species are found. Ontario is the most northern range for many species, and climate change will eliminate much of their southern ranges. Thus, by de-listing and not protecting some abundant species, we risk the chance of loosing then completely when climate change pushes them northward (because they may no longer exist here). Another issue is the vast discretionary provisions allowed to the Minster. These include: 1) not requiring consultation with independent expert in \u201cD\u201d permit process, 2) allowing the Minister to reconsider the listing of species, 3) giving the Mister more leeway in automatic listings, 4) allowing the Minster to set the scope of new listings, 5) allowing the Minster to make species-specific habitat regulations (as opposed to the LGIC), 6) allowing the Minster to extend the 9-month Government Response Statement, 7) allowing the Minster to extend timelines for review of progress towards protection and recovery, 8) allowing the Minister to decide what constitutes as a guideline to direct funding, and 9) allowing the Minster to postpone protection for 3 years. These discretionary changes would not just allow for bias in the process, but absolutely removes the scientific rigor that should inform which and when species are listed. Scientists have employed tried-and-true methods to ascertain when species are threatened and at risk, and even when uncertainty is high, a precautionary approach ensures that these species are not extirpated. SARA is supposed to be centered on protecting Ontario species, not on fast-tracking business deals (which is likely the outcome of the discretionary provisions for the Minister).\n"
    },
    "27909": {
        "url": "/comment/27909",
        "comment": "The direction that the Ontario government is taking with these proposed changes to the Endangered Species Act is reckless, irresponsible and will weaken Ontario's commitment to protecting endangered species. Every suggestion in these proposed amendments weaken protections of endangered species, so I do not support any of them, but below are comments on a select few.\nWhen a species' is listed in Ontario they are typically already in a perilous state. This means that immediate action is required to keep populations from declining further - the amendments to the ESA completely undermine this tenant of conservation. Extending the time between the Minister receiving a COSSARO report and said species being listed from 3 months to 12 months is an unnecessary delay that will result in far more species becoming extirpated in Ontario.\nThese proposed amendments result in too much discretion being given to the Minister. Allowing the Minister to require COSSARO to reconsider classifications of species is irresponsible, made more so by the fact that species that are not listed or are of special concern cannot be added to the SARO list or listed as a more endangered status. This is blatant in that it allows the Minister to undermine COSSARO decisions and reduce protections on species at risk.\nThe Minister is not a trained scientist - without background in conservation, species at risk, ecology or a similar discipline they are not qualified to make decisions regarding the preservation of species at risk.\nCanada, and Ontario specifically, does not exist in a vacuum. Due to the effects of climate change, connectivity in a species' Northern range may prevent said species from becoming extinct. Species should be assessed based on their range within Ontario only, regardless of their population size or expanse elsewhere.\nThere is *absolutely* no reason that the process of habitat protection should be de-coupled from a species being listed as at-risk. This again is an opportunity for business and development to over-ride the needs of our most vulnerable species. If a species has been listed it is, again, in need of immediate protections. There is more to be lost if protections are delayed, for any of the reasons listed in 2A i - iii, than if protections are immediately put in place. Extending or removing mandatory timelines is a recurring theme throughout these proposed changes. This sends the message that Ontario does not care about preserving our unique environment or the species that call it home.\nFinally, in lieu payments for not following protections/regulations/guidelines etc. have never been an effective way of balancing business interests and native species. There is ample evidence from within Canada and the US where payment does not lead to the creation of equivalent habitat or offset habitat loss. Currently we know the OMNRF has often permitted exemptions for activities that violate portions of the ESA - what is required is stronger enforcement of the current Act.\nThese changes are, across the board, a weakening of Ontario's commitment to being a leader in conservation. In a world where we understand the value of nature and the invaluable services provided to us by intact ecosystems it is irresponsible to weaken environmental protections.\n"
    },
    "27910": {
        "url": "/comment/27910",
        "comment": "I am writing to address the potential changes to Ontario\u2019s Endangered Species Act.  As a citizen of this province I am gravely concerned with the proposed changes to the ESA, an act which by its nature is designed to protect one of our greatest resources, our ecosystem and our biodiversity.  Our natural systems, including endangered species, are an interwoven web that sustains life in Ontario, including the lives of the people that live here.  Allowing for the encroachment on endangered species and their habitat does a great disservice to the people of Ontario and their children who will inherit a landscape altered by the choices being made today.\nAs written, the current ESA is a scientifically sound tool for classifying the species in our province that are at the greatest risk of extinction.  The proposal to shift away from a scientifically based approach to endangered species classification and protection sets a dangerous precedent going forward in Ontario.  Our Ontario wilderness and biodiversity is a source of pride for many citizens of the province, and nature itself provides its own direct revenue (in the form of tourism, be it skiing in Blue Mountain, or camping in Algonquin Park) and indirect revenue.  It is this indirect revenue that needs the most protection.  Preserving habitat not only preserves the homes of species at risk, but also protects the pollinators that keep our farms and orchards in production, the birds and bats that control pest populations, the plants that purify our air and water, the wetlands that store carbon and prevent flooding, and the spaces that people use for hiking, boating, fishing, hunting and camping.\nThe changes proposed to the ESA are signalling that the government is willing to sacrifice the future of our province, and Ontario\u2019s greatest asset, to push forward an agenda that serves to enhance the lives of a few at the expense of the many.  Responsible government is one that accepts the necessity or protecting the environment and adapts an environmental policy that works with industry and business to move forward in a sustainable direction that allows growth without sacrificing the very thing that makes our province special.  Some specific thoughts:\n\u2022\tKeep science in policy.  The decision whether projects should go forward or not needs to be informed by scientific knowledge not by a minister or government official who doesn\u2019t understand the context and importance of endangered species.\n\u2022\tThe law should not be changed to allow landscape approaches \u201cinstead of\u201d species-specific\n\u2022\tapproaches. The fine scale of species-specific status assessments, listings and protections is needed.\n\u2022\tRegarding landscape planning, the ESA already provides for this. No change to the law is needed.\n\u2022\tWith regard to authorizing harmful activities at a broad scale, such an approach is inappropriate for endangered and threatened species. It doesn\u2019t lend itself to addressing site-specific or species-\n\u2022\tspecific concerns and consequently presents unwarranted additional risk for species already in peril\n\u2022\tScience-based listing and automatic protections provide certainty.\n\u2022\tThere should be no change to the ESA regarding the listing process and the role of COSSARO. The law sets out a transparent approach to listing based on a consideration of \u201cthe best available scientific information, including information obtained from community knowledge and aboriginal traditional knowledge.\u201d (sec. 5(3)).\n\u2022\tImproving notification is an implementation issue which should be addressed through better communications. In its listing process, COSSARO is required to consider species listed by the federal Committee on the Status of Endangered Wildlife in Canada (sec. 4(2)a); there are years of notice embedded in this process, from the release of COSEWIC status reports to the listing by COSSARO.\n\u2022\tThere should be no alternative to automatic species and habitat protections (e.g.,through ministerial discretion to remove or delay protections)\n\u2022\tThere should be no change to the legal requirement to produce Government Response Statements (GRS) within nine months of the release of Recovery Strategies (sec. 11(8)). Failure to meet the legislated deadline is an implementation issue.\n\u2022\tThe required five-year reporting on progress is reasonable and ensures transparency and accountability. It provides an impetus for action, ensuring that effectiveness is assessed, and contributes to institutional learning and adaptive management.\n\u2022\tThe ESA already allows the Minister to delay the development of a habitat regulation (sec. 56(1)b) or to not proceed with a habitat regulation (sec. 56 (1)c). No change to the law is needed.\n\u2022\tThere should be no changes to the legal provisions for habitat regulations, which describe specific boundaries or features of areas deemed to be habitat and provide enhanced certainty for ESA implementation and enforcement. They can include areas where a species \u201cused to live or is believed to be capable of living\u201d (sec. 55(3)b), presenting a significant opportunity for protection and recovery efforts to extend beyond places where species at risk currently persist.\n\u2022\tThis is the Endangered Species Act, not the Endangered Business Act. The priority must be on protecting and recovering species at risk.\n\u2022\tThere are already sufficient authorization tools. No new tools are needed. Challenges should be addressed through improved implementation.\n\u2022\tProponents of harmful activities should NOT be allowed to simply pay into a conservation fund -an easy way out that reduces accountability and facilitates harm to species at risk and their habitats.\n\u2022\tDo not simplify requirements for sec. 17(2)d permits. These are intended to be available only for projects that \u201cresult in a significant social or economic benefit to Ontario\u201d and that will not \u201cjeopardize the survival or recovery of the species in Ontario.\u201d These are appropriate requirements and ensure that such permits are issued only an exceptional basis.\n\u2022\tDo not simplify requirements for exemptions through regulation. That would only make it easier for harmful activities to proceed, without public scrutiny, government oversight or enforcement\n\u2022\tThe ESA (sec. 18) already provides a means to harmonize its requirements with other legislative or regulatory frameworks. No legislative change is needed. This is an implementation issue\n\u2022\tDon\u2019t ignore climate change.\nThe decisions you make today will have a lasting impact on the children of tomorrow.  The environmental well being of our province is of growing important to the people of Ontario.\n"
    },
    "27911": {
        "url": "/comment/27911",
        "comment": "I am a biologist and a concerned resident of Ontario and I absolutely do not agree with the proposed amendments to the Endangered Species Act. Our endangered species are under ever greater threats and need more protection, not less. Here are some of my particular concerns:\n- \u201cPay to slay\u201d legislation is just a way for companies to harm species at risk and avoid accountability. If a species at risk will be harmed, the activity should not be allowed to proceed.\n- I believe that COSSARO must remain composed of experts and decisions must be based on science-based evidence to determine whether a species is at risk. Opening up the COSSARO membership to \u201ccommunity knowledge\u201d is a huge mistake because those people are not experts and could have a different agenda.\n- I do not agree with removing the Minister\u2019s requirement to consult with an expert before creating harmful regulations. Giving one person the authority to ignore all the work of scientists is never a good idea. The Minister is not a trained environmental scientist!!!!\n- Once a species is deemed a species at risk, it needs to be protected immediately. The Minister should NOT be able to suspend species and habitat protection for up to three years. By this point, irreversible damage to habitats could have been done!\n- Species at the edges of their range should not be deserted. They should be actively protected, especially because as the climate changes, these northern populations are essential as the species adapts to changing conditions.\n- Finally, I am concerned about the delays to species protection. Species at risk need protection NOW (or even better, 10 years ago), not three years from now.\nPLEASE, do not underestimate the natural, economic, and social value of a healthy and thriving ecosystem! Under the United Nations Convention of Biological Diversity, we as Ontarians have a responsibility to maintain and promote biodiversity. The proposed amendments to the ESA do exactly the opposite of that. Please, listen to scientists and experts in species assessments and conservation.\n"
    },
    "27912": {
        "url": "/comment/27912",
        "comment": "As a resident of Ontario, and a research scientist in the field of ecology, I am worried about the proposed changes to Ontario\u2019s Endangered Species Act. Firstly, with climate change and human land use substantially affecting habitats, extending the timelines of putting a species on the SARO list and other policy deadlines could be catastrophic in conserving their populations.\nSecondly, I question what factors the Minister would consider that would be better informed than the COSSARO and experts in making the decision to put a species on the SARO list, and which stakeholders or political parties they may be influenced by when making this decision. The decision to list species should not depend on economical considerations, and the Minister should not have the authority to remove requirements without consulting an environmental expert. The Minister does not have a background in the environment or conservation, and should be mandated to work with COSSARO and experts to make these decisions. Decisions should not be based on the opinion of the Minister: whether these decisions are beneficial or antagonistic to species, the Minister should always be consulting experts.\nThirdly, if a species is endangered or threatened in Ontario, this status should be independent of whether that species is endangered or threatened across Canada or worldwide. Many of these species may have some benefit locally, may have local adaptations that will help them respond to climate change, particularly if they are at the northern extent of a species\u2019 distribution, and may be impacted by species that are not found elsewhere\nLastly, introducing a payment instead of having stakeholders complete on-the-ground activities takes away the responsibility of the stakeholder to restore the habitat that they have disturbed. These stakeholders should not be allowed to buy their way out of regulations, as this would impose no limit to what these stakeholders could do to endangered and threatened species and their habitats. There should be on-the-ground monitoring that stakeholders are complying and that their activities are not harming species or damaging habitats.\n"
    },
    "27914": {
        "url": "/comment/27914",
        "comment": "1. assessing species at risk and listing them on the species at risk in Ontario list.\nThe minister of environment is not an environmental scientist or biologist and should not be able to ask COSSARO to reconsider the classification of a species. COSSARO consists of trained professionals and their opinion should be met with acceptance and protection of the species should begin right away.\nForcing COSSARO to consider a species broader biological geographic area is not a suitable way to protect a species. Individuals of a species that are located at the northern edge, as many species in Canada are, may be genetically different from those at the rest of the range. If a species is endangered or threatened in Ontario but not throughout the rest of its range, it still requires protection. In the face of changing climates, the Ontario populations could be the individuals that persist long term.\n2. defining and implementing species and habitat protection.\nThese proposed changes will not help species at risk. Allowing the Minister to be able to suspend protection of a species that the scientific community recommends being listed is dangerous and irresponsible. The habitat needs to be protected immediately, no matter what that means for big business. Big business and the economy as a whole cannot work without the natural environment and the natural environment cannot work without the species existing in natural equilibrium. All species at important to this system. A temporary suspension will ALWAYS jeopardize an already at risk species. Developing habitat with known species at risk on it should never be permitted.\nThe minister of environment is often not trained in environmental science and should strictly have to follow the advice of the leading body of scientists that have dedicated their lives to studying these systems.\n3. Developing species at risk recovery policies\nThe Minister of Environment is not a trained environmental scientist or biologist. The minister should not be allowed to extend the nine-month GRS timeline for any species after a species has been declared at risk by the scientific community.\n4. Issuing Endangered Species Act permits and agreements and developing regulatory exemptions\nThe Minister of Environment is not a trained environmental scientist or biologist. The minister should always be required to consult with experts before allowing any act that could potentially impact the species at risk or its habitat. Charging companies money to destroy habitats that took millions of years to create is not equal. There is no amount of money that can replace vital habitat to many species at risk. Once that habitat is lost, it is lost forever. Companies that already cause damage to wildlife and the environment should be charged this now, while companies hoping to the destory habitat of species at risk should never be permitted to do so.\n5. Enforcing the Endangered Species Act\nThe Minister of Environment is not a trained environmental scientist or biologist. The minister should not be allowed to extend protection order powers during the intervening period. If COSSARO recommended a species should be listed, the species should be listed without the say of the Minister.\n"
    },
    "27916": {
        "url": "/comment/27916",
        "comment": "I am a member of a wetland ecology research lab at an Ontario university, though more pertinently I am a concerned citizen. I am concerned that the revision of the ESA will result in politicization and loss of protections for endangered species in Ontario. Protecting species diversity, including those currently endangered, across Ontario is vital to the protection of our ecosystems which not only provide ecosystem services like groundwater quality but also represent the identity of Ontario as a biologically diverse ecosystem. After consulting literature produced by the Environmental Commission of Ontario, I have a few points I would like to bring to your attention:\nThe proposed changes to the listing of species would politicize a process which should be completely and only based on scientific evidence as concluded by COSSARO, not finally on the discretion of the minister who may not have a sufficient scientific background and thus would be unqualified to make such a determination. Further, requiring COSSARO to consider a broader geographic range in the listing of species is misguided. Species which may be abundant and prospering in an area outside of Ontario could be threatened within Ontario, though this does not mean that these species are not to be protected within Ontario. All species do provide services and it is important to maintain local diversity within Ontario, regardless of their broad distribution.\nRemoving the immediate automatic protections on species listed by COSSARO is a misguided decision. Species on the list do need these protections because they are already in danger of population declines in the status quo. By enabling the minister to suspend action, they threaten the species with extinction. Furthermore, the criteria for which the minister would be allowed to leverage to suspend action is not scientifically based and goes against the purpose of the ESA: to protect endangered species at all times, not only when it is convenient. More so, by giving the minister discretion to extend the time for which the government has to develop a recovery strategy only allows for the continued damage to endangered species habitat. The minister is unqualified to make such decisions.\nLastly though possibly most importantly, the proposed changes to the act would allow for violators of the ESA to simply pay a mere fine, despite this being contrary to the mission of the Act, instead of using that money to comply with the conditions specified in the act. Further, the changes remove the requirement for consultation of independent experts, which is contrary to the act's important dedication to science based conclusions.\n"
    },
    "27918": {
        "url": "/comment/27918",
        "comment": "In respect to section 2, suspending species listing for up to 3 years of meeting a certain criteria made by the minister. How can habitat availability be quantified for a species in Ontario? How can a species not have habitat loss as a limiting factor? If this is the discretion of the minister and there is no longer a requirement for consulting an expert, then how will you deem a species doesn't need a habitat? Further on the topic of losing the requirement of consulting an expert and the minister can choose their own course action. How can a person who is an untrained in environmental science be able to make decisions on environmental science? If this requirement is taken way then we are leaving our decisions to a person who will not be able t make accurate assumptions of our endangered species. Science needs to be fact driven, and without experts to advise a person who is untrained in this field the wrong decisions will be made.\nThis point of a person who is untrained in environmental science making all of the decisions holds true in section 3 as well. How is someone who is untrained in these matters able to extend the timeline for reviews of that species? With this point many endangered species will likely be pushed for reviews to save money, as their will be no person who is educated to assist the minister in the process of this decision making.\nIn respect to section 4, the minister is not a trained environmental scientist and does not know how to properly assess any of the proposed rules. This will lead to incorrect information and the loss of our endangered species. If this goes through we are giving power to one person who will likely make all the wrong decisions, we need to have advisors that are educated in the matter and have rules set that the minister has to follow in regards to these advisors comments.\nIn section 5 we have the same issue, all the power is supposed to go to the minister even for hiring conservation officers. This person is not trained in environmental science and is also not trained to be hiring officers that are needed to maintain the protection of our endangered species. This proposal is trying to give to much power to a person who is not educated in the environment. If these changes are made we will likely lose a lot of our already endangered species and we will likely see more species needing more conservation soon after.\n"
    },
    "27919": {
        "url": "/comment/27919",
        "comment": "The ability to pay a fee to harm habitats of species at risk and/or the species themselves does not protect species at risk, even if the money goes back into helping them. If an area containing a population of a species at risk is wiped out, that population is very likely wiped out for good. Adaptation seldom happens that quickly. Even if the fee to destroy that habitat goes towards helping that species elsewhere, the fee (assuming it is not extreme) likely will not be enough to help replace the initial damage. The best thing we can do to help species at risk is to keep their habitat as abundant and pristine as possible, and many areas of this new act ignore that fact. If the Ontario government truly cares for species at risk, they will do what they can to protect them, not come up with loopholes and excuses for continually wiping them out.\nFurther, the authority given to one person (minister) who has no background in environmental science is ridiculous. Why does the Ontario government fund scientific environmental research projects, yet give the final decision on environmental issues to one person of limited scientific or environmental knowledge? A panel of environmental scientists who review and discuss extensive research on the subject should have that responsibility.\n"
    },
    "27924": {
        "url": "/comment/27924",
        "comment": "It is with great concern that I have read the proposed changes to Ontario's Endangered Species Act (ESA).\nThe overarching theme of the proposed changes is the extension of timelines. For example, the time between when a report is given by COSSARO to the minister and when the species is listed under SARO will be extended from 3 months to 12 months. Also, rather than a species being immediately protected upon listing, the proposed changes \"will provide the Minister with authority to temporarily suspend species and habitat protections for up to three years for some newly-listed species\". These two extensions combined could mean that a species and its critical habitat are left unprotected for 4 years following the submission of a COSSARO report - the drafting of which report is itself a lengthy and involved process. This is an unnecessarily long period of time, and many changes and impacts could occur within this window, putting these species at greater risk.\nThe second point above (the potential delaying of protection for three years) lists a series of criteria for the delay to occur. However, it is unclear how these criteria would be assessed and how much time the governing bodies would be provided to make this assessment. Without these items clearly defined, the process will lack robustness and delays will likely be implemented without adequate support.\nAnother timeline extension is proposed in giving permit/agreement holders the ability to operate for a full year following new listings and habitat protections. This would further extend the delay above to a total of 5 years, and would allow operators to work in areas where they knowingly are having impacts on listed species. While understandably inconvenient to those permit-holders to cease activities while waiting for permits to be amended, projects have constant delays for a multitude of reasons, and waiting to ensure the most appropriate decision is made before continuing activities is the ethical approach.\nOne of the most concerning proposed changes is the Species at Risk Conservation Trust, which would allow developers to pay a fee rather than follow ESA requirements. The cost would be within the range of costs typically incurred; however, there is no mention of how this would be determined. As someone who has worked on several infrastructure projects in protected areas, I am well aware that initial quoted or estimated costs are often substantially below the actual costs of performing a job safely, effectively, and with meaningful results. By charging a fee rather than determining compliance through measured benefits and results or long-term monitoring, the achieved offsets are unlikely to match those expected or required. Also, it is unclear how this agency would be funded. Would these funds be coming from the fees paid by developers (thereby even further reducing offsetting or remediation efforts), or would it be independently funded by taxpayers?\nI am also concerned by the removal of the requirement for the Minister to consult with an independent expert. The Minister cannot be expected to be an expert in these matters, and they should rely on the opinion of those who are. Leaving more decisions to the Minister's discretion without appropriate consultation and council from experts in the field is irresponsible.\nLastly, making a habitat regulation proposal optional rather than mandatory is inadequate. If these regulations are not always required, then the exceptions should follow a specific suite of criteria. In other words, the onus should be on the proponent to demonstrate that a regulation is not required, rather than relying on individuals who already have full workloads to find the time and resources to draft optional regulations. Making this requirement optional would, for all intents and purposes, lead to the elimination of habitat regulations.\nThank you for the opportunity to provide comments on these proposed changes. I hope that the changes are strongly reconsidered, and that species at risk do not lose any important protective measures.\n"
    },
    "27941": {
        "url": "/comment/27941",
        "comment": "I am a citizen of Ontario who values biodiversity and protecting endangered species. I do not believe that the proposed changes to the ESA will properly provide the protection needed for the endangered species of Ontario. I do not support the changes that are proposed to the ESA.\nI have particular concerns with the following proposed changes:\n1. The Minister can decide to suspend protection action for up to three years based on social and economic considerations, and decisions on these delays would be without public consultation, allowing those with political connections to undermine species protections without anyone knowing.\n2. Companies can pay into a fund rather than fulfilling on-the-ground compensation for destructive activities that harm species at risk. If a species and its habitat is lost, than the species is lost. Putting money in a fund does not make up for this.\n3. Opening up COSSARO to members without a science background is unacceptable. Decisions for placing species on the endangered species list should be founded in objective facts based on science, not from a subjective point of view.\n4. Just because a species has healthy populations in other parts of its range outside of Ontario does not mean it should be discounted for protection if it is suffering within Ontario. \u201cEdge-of-range\u201d species are of equal value to any other and add to Ontario\u2019s total biodiversity.\n5. Giving the final say for a species listing to the Minister is wrong. The Minister is not a trained environmental scientist. The Minister should not have the ability to require COSSARO to reconsider their listing, when COSSARO has the most informed opinion. This would slow the process of listing.\n6. MECP proposes to create \u201clandscape agreements\u201d for proponents undertaking harmful activities in multiple locations. Such an approach does not lend itself to addressing site-specific or species-specific concerns and consequently presents unwarranted additional risk for species already in peril.\n7. The Minister would be able to limit ESA protections so that they apply only in specific geographies or under specific circumstances. This could exclude important habitats and species from protection.\n8. MECP wants to allow projects approved under other laws to not also have to be approved by the ESA, allowing forestry and other industries to have exemptions from the ESA.\n9. The new proposal would delay the listing of species to 9 months after assessments are public. This is much too long and species could be significantly harmed in this time period.\nThe ESA needs to make sure species listings are based on science, and avoid the input of biased parties. It needs to have listings be efficient and implementation of protection be strict. We do not need to revise the law, and deregulate. We need to improve the implementation of the laws.\n"
    },
    "27970": {
        "url": "/comment/27970",
        "comment": "PROTECT species risk and the HABITATS they need to survive! The health of our ecosystem (Which we ARE apart of!) is maintained by our plants and animals. A well-balanced ecosystem purifies the environment, giving us clean air to breathe, a healthy water system to support diverse marine life, and arable land for agricultural production. Think of your family, your children, your grandchildren! It\u2019s absurd that we have to beg for the life of our planet, our animals and ourselves!!!!!!!!!!!!!!!!!!!!!! Will you go down in history as helping save our planet or helping destroy it for money and greed?\n"
    },
    "27975": {
        "url": "/comment/27975",
        "comment": "I am utterly appalled and outraged at the proposed changes to Ontario's Endangered Species Act. This legislation is supposed to PROTECT species, not make it easier for developers to make a quick buck off their habitat.\nSpecies at Risk can't speak for themselves. Rather, they rely on intelligent people to speak for them. In this capacity, I would like to express the following concerns with legislative changes proposed in the 10-year review:\n1) Species at Risk habitat should be off-limits, no exceptions. Has MECP not learned from DFO's experience that habitat compensation doesn't maintain, let alone improve, habitat and the health and viability of species? Any clause that allows developers to pay to destroy Species at Risk and their habitat should never have been considered.\n2) As people of Ontario, we are stewards for the biodiversity within our provincial boundaries. If a species is \"at risk\" in Ontario, its status outside out boundaries shouldn't matter in how we protect it within our jurisdiction. To exclude \"edge of range\" species from protection is just lazy, short-sighted government. News flash: Our climate is changing, and species that may currently be doing OK elsewhere may not fare so well as the future unfolds. They need us to save space for them.\n3) All decisions regarding Species at Risk and their habitat should be science-based. Enabling and supporting research and monitoring, and letting scientists guide protection and recovery is critical for improving outcomes for threatened, and Endangered species. COSSARO needs to be comprised entirely of scientists, not opened up to non-scientists with \"community knowledge\". Don't worry about missing out on \"community knowledge\" -- scientists are community members and can therefore cover that aspect of Species at Risk / habitat consideration.\n4) The Minister should have NO say on species and habitat protections recommended by COSSARO and/or established in the legislation. If the Act is based on the precautionary principle, its based on a solid reason. Listing decisions should not be forced for reconsideration. Only under site- or species-specific, case-by-case review should there be ANY consideration whatsoever for proponents wishing to undertake destructive activities in protected habitat -- and any such review MUST be advised and guided by scientists, landscape ecologists, and other qualified experts.\nWe should be feeling lucky to have so much biodiversity in Ontario. We should be showing gratitude and respect toward all the native species that call our province \"home\". Do we not know better?? I would like to think that the intelligent people of Ontario DO know better, and DO appreciate and respect our provincial biodiversity.\nAnd I hope Minister Phillips has the sense to REJECT these damaging proposed amendments and replace them with strengthened enforcement and habitat stewardship.\n"
    },
    "28056": {
        "url": "/comment/28056",
        "comment": "Message sent to my local MPP:\nI have no expectation that a politically motivated, ideologically-driven decision will be re-considered by providing facts, but I still feel obliged to point out that your governments assertions about improving outcomes for endangered species ring extremely hollow (unless you consider the development industry to be an endangered species). Suggesting that decisions will be science-based are under-mined by the following:\nhttps://ero.ontario.ca/notice/013-5033\n1. ....the proposed changes would provide the Minister with authority to temporarily suspend species and habitat protections for up to three years for some newly-listed species when the following specified criteria are met:\napplying the prohibitions to the species would likely have significant social or economic implications for all or parts of Ontario so additional time is required to determine the best approach to protect the species and its habitat;\n        the temporary suspension will not jeopardize the survival of the species in Ontario; and\n        one of the following further criteria is met:\n            the species has a broad distribution in the wild in Ontario;\n            habitat availability is not a limiting factor for the species;\n            additional time is needed to address the primary threats to the species, or co-operation with other jurisdictions is necessary to reduce the primary threats to the species,\n            other criteria that may be specified by regulation.\nThis totally politicizes the process. Who gets to define a \"significant social or economic implication\"? Suspending protections for three years would be fine if this also applied to suspending development approvals pending the decision -- this absence is glaring. The bullet \"...other criteria that may be specified by regulation\" is particularly fishy since it basically allows you to play a wild card at any time in the future to justify a decision to suspend protection.\nHaving worked in government, my doublespeak radar is instantly triggered by the phrase \"scoping of... protections where appropriate\". Who gets to decide where this would be appropriate? Despite your attempts to paint this otherwise, this is clearly another means of politicizing the process to allow specific development approvals to proceed.\nC.  Remove the mandatory legislative requirement and timeline to develop a habitat regulation proposal for each newly-listed threatened or endangered species and retain the option to develop a habitat regulation when needed.\nD.   Enable the Minister, rather than LGIC, to make species-specific habitat regulations.\nEnough said. It doesn't get more political than this.\nCreation of Regulatory Charge and Agency\nOntario is also proposing to create Canada\u2019s first independent Crown agency proposed to be called the Species at Risk Conservation Trust, to allow municipalities or other infrastructure developers the option to pay a charge in lieu of completing certain on-the-ground activities required by the act. The funds would support strategic, coordinated and large-scale actions that assist in the protection and recovery of species at risk.\nThe proposed changes would authorize the creation of a regulatory charge that could be paid by persons who are permitted to carry out otherwise prohibited activities under certain permits, agreements, and regulations. The charge would be paid in lieu of fulfilling certain potential conditions that could otherwise have been imposed under the permit, agreement, or regulation. The proposed charges would only be available in respect of species prescribed by regulation. The price for the payment-in-lieu (i.e. regulatory charge) will be within the range of costs that a client would have otherwise incurred through meeting the species-based conditions of an authorization. Clients would still need to fulfill some on-the-ground requirements, including considering reasonable alternatives for their activity and taking steps to minimize the adverse effects of the activity on the species at risk.\nThis is where your administration really shows its hand. The notion that paying a charge determined by politicians (seriously, how do you determine the cost of meeting species-based conditions of authorization in a situation where there would have been a prohibition on development) will somehow compensate for carrying out prohibited activities is utter nonsense and you must surely know it.\nWhat's notable about your plans to de-fund agencies like Conservation Ontario while supporting the development industry is that nobody buys your propaganda about economic development and the creation of more affordable housing. If this were true it would be occurring within the existing urban footprint. Cutting funding to Conservation Ontario and weakening the ESA suggests that the future development that your government wants to encourage will occur in green field locations. As a constituent who lives in the rural portion of your riding, I would like to point out that there are many others who are deeply concerned about the prospect of paving over natural lands and diminishing the ability of Conservation Authorities to provide programs. There may not be enough of us in the riding to cost you your seat in the next election, but if your other deeply unpopular policies alienate enough of Burlington's urban electorate you will find yourself out of a job come 2022.\n"
    },
    "28098": {
        "url": "/comment/28098",
        "comment": "I am writing to communicate my disgust with the proposed changes to the Endangered Species Act.\nThe proposed changes are heavily biased toward industry.  \"Open for Business\" does not have to occur at the expense of our natural environment.  Entirely short sighted thinking.  If we destroy our environment, and the ecosystems within them, humans will soon follow.\nThis is not fear mongering, but science.  If you do not involve science and evidence in decision making (which admittedly evolves and changes as we acquire knowledge), policy becomes regressive and dangerous. The world is facing the largest mass extinction since the disappearance of the dinosaurs. Yet the Government of Ontario has proposed to gut Ontario\u2019s gold standard law, bowing to pressure from industry and sprawl developers.\nI implore you to review the science and understand the critical link between humans/animals and their natural environment.  We have to slow the extinction down, not accelerate it.  Please do what is best for humanity; business will come.  People need to come first.\n"
    },
    "28105": {
        "url": "/comment/28105",
        "comment": "Our environment is sacred and it is our duty to protect wildlife. This is our home and we need to not move backward in protecting our wildlife. We need to move forward to protect habitats and species. There is a crisis in the health of our world- the pollution and species loss is devastating. Please do not move ahead with this legislation.\n"
    }
}