{
    "30094": {
        "url": "/comment/30094",
        "comment": "Dear Premier, Ministers and MPPS of Ontario:\nAt the same time as the United Nations is reporting nature is in more trouble than at any other time in human history, the Ontario government is considering weakening protections for species at risk.\nSchedule 5 of Bill 108: The More Homes, More Choices Act, needs to be removed!\nSchedule 5 of the Act is concerning for many reasons:\n\u2022 It allows a newly listed species to be covered under a pre-existing permit which could wipe out areas that are key to its survival and recovery.\n\u2022 It allows harm to a species through landscape agreements or conservation fund payments that don't have to benefit the species or habitat being harmed. Establishing a conservation fund can be beneficial and support important recovery and restoration projects for more common species where populations are sustainable with proper conservation efforts. However, it is not the best practice for species at risk who are facing possible extinction.\n\u2022 It gives the Environment Minister the ability to suspend protection for up to three years and allows the Minister to limit protection once those three years are up. Such delays make it more difficult to recover a species and increase the costs associated with recovery.\n\u2022 It slows the operations of the Committee on the Status of Species at Risk in Ontario (COSSARO), creating administrative burdens for the listing process and calls into question its ability to act as an independent body.\nThese are just a few of the many issues with Schedule 5 of Bill 108.\nWe need you to do more for wildlife.\nThe Ontario Government needs to show leadership by creating incentives to protect and recover species at risk.\nWe urge you to work with conservation organizations and business development to ensure a balanced approach\n"
    },
    "30095": {
        "url": "/comment/30095",
        "comment": "The proposed changes to the ESA will do nothing to help ensure the survival of endangered species.  We need to limit the opportunities for political interference.  Decisions have to be made based on what is best for the health of our planet, not developer interests.  Allowing violators to pay a fee in lieu of following the rules will just become permission for developers to run roughshod over the protections that are in place and shrug in apology afterwards.  This is a huge step backwards and must be reconsidered.\n"
    },
    "30096": {
        "url": "/comment/30096",
        "comment": "The planet is currently facing its sixth mass extinction and this one is driven by human activity. The recent Intergovernmental Science-Policy Platform on Biodiversity and Ecosystem Services (IPBES) report listed five major driving factors in the global loss of biodiversity, including \u201cchanges in land and sea use; direct exploitation of animals and plants; climate change; pollution; and invasive alien species\u201d.\nStrengthening and enforcing the Ontario Endangered Species Act should be of paramount importance to the Ontario government in the face of these global threats to biodiversity. Ontario was the first province in Canada to implement an Endangered Species Act in 1971, and was once heralded as setting the \u201cgold standard\u201d for species at risk protection. We as a province have a responsibility to continue to be a leader in species\u2019 conservation and recovery. To do so, we must reinforce protections for species at risk and their habitats and promote their recovery.\nIt is extremely disheartening that the \u201c10th Year Review of Ontario\u2019s Endangered Species Act: Proposed changes\u201d has proposed such detrimental updates to the act. These updates will only weaken the protections put in place for species at risk. The changes are selfish and short-sighted, and are not written in the best interest of environmental protections. I do not support the proposed changes to the Ontario Endangered Species Act (ESA) and list below the most problematic changes. I call for the Ontario government to do better. I believe that Ontario has a responsibility to preserve our biodiversity and natural spaces for future generations.\n1)  Assessing species at risk and listing them on the Species at Risk in Ontario List\nCurrently, once COSSARO submits a report the Minister, the species must be added to the SARO list within three months. Once listed, the species and its habitat gain legal protection. The proposed changes suggest extending this timeframe from three to twelve months. There is no reason to extend this timeline and doing so is contradicting the goal of the ESA.\nThe proposal also states that the minister can veto COSSARO recommendations. The Minister should not have the authority to undermine a committee composed of independent experts and single-handedly decide which species will be added to the SARO list. I would also like to point out that the current Minister, Rod Phillips, has no scientific background or training in environmental policy, conservation or restoration science. He was the former CEO of the Ontario Lottery and Gaming Corporation and should not have the authority to veto COSSARO recommendations.\nThe proposed changes to SARO listing protocols will also result in less protections for edge-of-range species. Protecting edge of range species is important - Ontario makes up the northern-most extent of ranges for species currently listed under SARO. Within the onset of climate change, range sizes are shrinking and Northern ranges are particularly vulnerable. We must continue to enforce protections across a species\u2019 entire range.\nFinally, there is concerning and ambiguous language surrounding COSSARO membership being open to those with \u201ccommunity knowledge\u201d and opens the door for membership to be exploited.\n2) Defining and implementing species and habitat protections\nThe proposed changes suggest that a SARO listing does not mean automatic protections to a species at risk and its habitat. The Minister would have the authority to suspend species and habitat protections for up to three years. This is a glaring problem and once again contradicts the spirit of the ESA.\n3) Developing species at risk recovery policy\nThe proposed changes to the ESA include more pointless and detrimental delays. The Minister would have the authority to delay the development of Government Response Statements and reviews of the progress towards protection and recovery. There is no scientific or environmentally sound reason for these delays, nor do they act in the best interest of species at risk.\n4) Issuing Endangered Species Act permits and agreements and developing regulatory exemptions\nAllowing municipalities or other infrastructure developers to pay a fee instead of abiding by the protections put in place by the ESA is an egregious flaw and incredibly problematic. I do not support this \u201cpay to slay\u201d policy. Ontario should not put a price on our biodiversity. Once again, this is in direct contradiction to the goals of the ESA. The proposed changes also state that the Minister no longer needs to meet with independent experts when considering issuing permits and exemptions, which is a gross oversight.\nSummary:\nI disagree with the proposed changes to the Ontario Endangered Species Act that the Government of Ontario wants to push forward.\nThe goals of the proposal are to \u201cimprove the effectiveness of the program for species at risk by ensuring Ontario\u2019s best-in-class endangered and threatened species protections; include advice and species\u2019 classifications from an independent scientific committee and modern approaches to enforcement and compliance; species and habitat protections; and recovery planning\u201d.\nIn contrast to these goals, the proposal is ignoring the advice of an independent scientific committee of experts. It is severely crippling enforcement and compliance. It is weakening species and habitat protections. It is delaying recovery planning. It is giving unnecessary and damaging authority to the Minister, who has no reason to veto, suspend or delay species at risk protections. In no way do the proposed changes meet the goal of the ESA.\nI am disappointed in this proposal and charge Ontario to do better. In the face of the current global biodiversity crisis, we must advocate for the preservation of species at risk.\n"
    },
    "30097": {
        "url": "/comment/30097",
        "comment": "This proposal to gut the Endangered Species Act is infuriating, irresponsibly and callous - coming as it does at the same time that the UN has declared that we are facing an existential crisis related to the a mass extinction event on Earth, it is stunning to me that this government continually finds new and appalling ways to be out of touch with reality.  And that is quite an achievement seeing as what this government has done in the past 10 months, such as cancelling tree planting programs in the middle of an extreme but \"new normal\" spring flood season; cutting the forest fire fighting budget just before the \"new normal\" forest fire season begins; cancelling and then fighting climate change action just when the world has 11 years to reduce our carbon emissions or face catastrophic consequences.  This government is doing exactly the wrong things at a pivotal time in human history, shirking its duties to its citizens while claiming to be making everything better.  History will judge this government harshly - offering buck-a-beer and casinos when the planet is facing a crisis.  This is not leadership and this is NOT for the people.\nThis proposal further illustrates the extraordinary extent to which this government's policies are entirely divorced from science and logic.  As I read the proposed changes to Ontario's \"best in class legislation\", I tried really hard to see how these changes would actually strengthen the purpose of the statute - the protection of nonhuman species in Ontario from extinction - and I could find nothing.  Rather, this proposal is another example of this government's \"race-to-the-bottom\" approach to legislating and regulating, well, everything.  Why lead if you can just gut existing programs and ensure our extraordinary province becomes as mediocre as our neighbours?  Especially when you can take credit for past governments' achievements (like the coal phase-out!) when it suits you to justify not leading anymore?\nMoreover, this proposal is another excellent example of this government's deft use of \"double-speak\".  George Orwell would be flattered, if he weren't appalled.  How exactly would \"de-coupling\" automatic protections for listed species and increasing Ministerial discretion for listing such species actually result in greater protection?  Where does science actually fit into these decisions when Ministerial discretion is strengthened and development is prioritized?  How does increasing Ministerial discretion result in an arms'-length decision-making process?  Ministerial discretion in the existing Act is the primary reason why, in the 10 years since the statute has been in place, we now have MORE endangered species and species-at-risk in Ontario, not fewer.  It defies all sense and logic that giving the Minister even more power to over-ride the protections in the Act and facilitate development of precious habitat would be of any benefit to at-risk and endangered species in this province.  The purported objectives of this proposal are in no-way supported by the actual proposed changes. The attempts by this government to disguise its intentions to bolster development by dismantling protection for at-risk species is disgusting - be honest and transparent about who and what these proposed changes are really for and then see how the public reacts.\nThis proposal also demonstrates how little this government understands science.  Plants and animals cannot be moved around this province like human populations.  Natural systems are not just large zoos that can be re-located on a whim when they get in the way.  The landscape in southern Ontario is so highly fragmented and degraded that it will not make a jot of difference to an at-risk species, particularly not for less mobile species like mammals, reptiles and amphibians, if you destroy their habitat in one place and \"build a new one\" somewhere else (are you serious???  Do you really think that humans can just replace natural processes and areas so easily?).  Destroying natural habitat for development is not equivalent to expropriating a house for a highway - you cannot just build a new marsh or forest somewhere and expect animal and plant populations to be ok.  Humans are not nearly as sophisticated as natural processes and we actually don't understand natural systems nearly as well as we think we do.  We are forever causing unintended effects due to our arrogance and hubris and we consistently underestimate the extraordinary ways that even the most humble creatures are connected to the larger systems that sustain us (see the attached video about what happened to Yellowstone National Park when wolves were re-introduced).\nSimilarly, it makes absolutely no sense to say that because a species is found outside the province we can ignore its status inside our borders.  Ontario's border is a human creation - it only makes sense politically (sort of) but it makes no sense at all in terms of hydrology, watersheds, ecology, ecosystems, plant and animal distributions or climate.  Plants and animals need space, they need genetically diverse populations, they often need to move.  Nature is not and cannot survive like a zoo. If Ontario decides not protect endangered species because they are seemingly alright somewhere else, that does not mean that the species is somehow safe from extinction. (How does this government even propose to monitor out-of-province populations and efforts for species protection?  And will there be any assessment of legislation and political changes in other jurisdictions so that we can be assured that these species will be taken care of elsewhere?  Any plans to re-adjust our approach if other jurisdictions take a similar leave-it-to-others approach of looking after the nonhuman world??  This is how extinction happens - everyone thinks someone else will take care of the problem, everyone believes that what they do doesn't cause the problem.)  This government has acknowledged that the ESA was one of the best pieces of legislation of its kind - our race-to-mediocrity will simply ensure that species will be extirpated from Ontario and elsewhere.  Extirpation is simply extinction at the local level.  If you extirpate populations across entire areas, that leads to the extinction of the species.  Extinction is permanent - once a species is wiped off the planet, it cannot come back - millions of years of evolution, interdependence and interaction eliminated in the blink of a geological eye.  The cavalier attitude of this government's proposal to something so serious and permanent is shocking.\nFinally, this proposal confirms how completely out-of-step this government is with reality.  Just last week the United Nations released a report that laid out in painful detail how humans are driving over 1,000,000 species towards extinction.  Reports are also documenting the global collapse of insect populations and of life within the oceans.  96% of the mass of living things on this planet is made up of humans and our livestock, only 4% is EVERYTHING else; 70% of bird populations on Earth are poultry, mostly chickens.  Think about that - we are displacing all other life on the planet; we are wiping out insects, once the most abundant animals on Earth; and we are destroying the oceans, areas so large that we know the moon better than we know what is under the world's seas.  If anyone in this government actually believes that we can live on a planet or in a province that is devoid of almost all life except for humans, our livestock and our food plants, they need to go back to school...oh wait, you're cutting high school classes as well.  Cunning plan.\nThe UN report was compiled by 450 scientists over 3 years - this government does not know better.  And it cannot possibly claim that Ontario somehow doesn't count in this tally of mass global extinction when 90% of ecosystems in southern Ontario have already been either degraded or destroyed (and this government also wants to \"bulldoze\" and harvest its way through some of the largest and most pristine ecosystems left in the world by repealing the Far North Act!!).  Extinction and ecosystem degradation is our problem, too - we are also to blame and we cannot escape the impacts.\nThe ESA needs to be strengthened by limiting or eliminating Ministerial discretion in at least two ways: 1) the listing of at-risk species should be a science-based decision that is completely removed from politics, not at the discretion of a Minister; and 2) the discretion of the Minister to depart from the provisions of the statute and approve projects and development that will harm at-risk species must be curtailed.  If the government is not prepared to make these changes, then the current ESA should be left alone, not weakened like the government is proposing.  I wholeheartedly oppose any proposed changes to the legislation that would make it even easier to undermine the ecological systems and services in this province for the sake of short-term (and short-sighted) development and extraction.\n"
    },
    "30099": {
        "url": "/comment/30099",
        "comment": "The proposed changes to the Endangered Species Act include a few notable positive changes, such as requiring annual status updates. However these are marred by the numerous glaring negative aspects that will put endangered species in Ontario at greater risk of extinction:\nPoint 1E:\n\u201cRequire COSSARO to consider a species\u2019 condition around its broader biologically relevant geographic area, inside and outside Ontario, before classifying a species as endangered or threatened. If the overall condition of risk to the species in the broader biologically relevant geographic area is lower, COSSARO would be required to adjust the species\u2019 classification to reflect its overall condition.\u201d\n-\tThis regulation disregards the very real impacts of local population extinctions. Species require adequate habitat and connectivity of smaller populations in order to sustain the overall population. Ontario is a link in this chain, connecting the United States and Eastern and Western Canada. By accepting this regulation, Ontario would be shirking it\u2019s responsibility for environmental stewardship on the pretense that others will pick up the slack.\nPoint 1D, 2A-D, 3C, 4A, 4D\n-\tAltogether too much power is given to the individual minister. Decisions made by a committee of scientists should not have the power to be overthrown by an individual public servant. A committee is less likely to be biased, as ministers face pressure to adhere to the interests of their party and are likely to be replaced if they disagree.\nPoint 2A\n-\tThese regulations are entirely contrary to the actual goal of protecting species at risk\no\tDecoupling automatic protections essentially allows bureaucracy to tie up the process of protecting species. This is already an issue, with many species on the list still lacking any sort of plan for their protection\no\tSuspending protection for species to allow for \u201cadditional time to address the primary threats\u201d is inherently logically inconsistent. Addressing primary threats should be a priority, but while plans and research are in development, a species should still be protected.\no\tSocial and economic implications should not outweigh environmental considerations. To say that temporary suspension will not jeopardize the survival of the species is extremely short-sighted at best and impossible to prove. Furthermore, this is irrelevant if this species is already being considered under Cossaro \u2013 the implication for consideration is that the species has been impacted. Further inaction will not allow the species to recover.\no\tExtending timelines will again continue to put species that require protection at additional risk of experiencing further decline. This is already an issue in current reviews of endangered species\nPoint 2C\n-\tSimilar to point 2A, this legislation flies in the face of species conservation. Historically, suggested best practices are ineffective. Protection of Habitat MUST be a priority. Species cannot exist without appropriate habitat\nPoint 4\n-\tThe pay-to-slay legislation is outrageous. On the ground actions are vital and necessary to the protection of species. In recent ads, Ontario has talked about keeping the worst offenders accountable with regards to climate change \u2013 this change in species at risk legislation expressly exempts the worst offenders from any responsibility towards mitigating their environmental impacts\n"
    },
    "30100": {
        "url": "/comment/30100",
        "comment": "To Whom it May Concern:\nThe Mississaugas of the Credit First Nation (\u201cMCFN\u201d) submits the following comments in respect of the amendments to the Endangered Species Act, R.S.O. 2007 that are being proposed in Bill 108, More Homes, More Choice Act, 2019.\nMCFN has grave concerns regarding these amendments, and what they could mean in respect of the protection of critical and culturally important species. In our view, the proposed amendments eat away at the protections for threatened and at-risk species in Ontario that exist under the current version of the Endangered Species Act. The potential implications of these amendments is the extinction or the increased likelihood of extinction of species that are of importance to MCFN.\nMCFN Rights and Territory\nMCFN\u2019s traditional territory spans from Long Point on Lake Erie to the Niagara River, then down the River to Lake Ontario, northward along the shore of the Lake to the River Rouge east of Toronto, then up that river to the dividing ridges to the head waters of the River Thames, then southward to Long Point, the place of the beginning (the \u201cTerritory\u201d).\nMCFN asserts Aboriginal rights not only to continued use of the lands, waters, and watershed ecosystems within its Territory for a variety of livelihood, harvesting, ceremonial and spiritual purposes, but also to maintain the health and conservation of vital medicinal plants and animals within its Territory. This latter right is also recognized as being protected under Article 24 of UNDRIP. We have a duty and stewardship responsibility to protect the integrity of this Territory.\nThe Proposed Amendments\nThe amendments to the Endangered Species Act proposed in Bill 108 that MCFN has particular concerns with include the following:\n1.\tSuspending protections for listed species. The new section 8.1 would allow the Minister to suspend some or all protections for species newly listed as either threatened or endangered for up to three years, if certain conditions are met.\n2.\tAllowing industry activities to continue despite impacts on listed species. The proposed amendments also provide developers, industry, and others who impact the habitat of a species listed as either threatened or endangered with a range of options to continue their activities. For example:\na.\tfor a period of 1 year after a species is listed as endangered/threatened for the first time, some of the prohibitions on listed species (e.g. prohibitions on killing, transporting, selling a species) will not apply to people who were issued permits to engage in activities before the species was listed (the new section 8.2); and\nb.\tthe Minster can make regulations limiting the application of the prohibitions on certain activities affecting a species listed species (e.g. by indicating that some of the prohibitions do not apply to certain activities, or by limiting the geographic areas in which they do apply; etc. (the new section 9 (1.2) to (1.4));\n3.\tLandscape agreements. The new section 16.1 enables the Minister to enter into \u2018landscape agreements\u2019 with others, where such agreements can authorize a person to engage in activities in a certain geographic area that would otherwise be prohibited under the Act because they affect a listed species. While the agreements would require the person or proponent conducting the activity to undertake some \u201cbeneficial actions that will assist in the protection or recovery of one or more species\u201d, the species that benefit from do not necessarily have to be the ones impacted by the activity. There is also no mention or requirement that First Nations must be consulted or even notified, if and where these agreements are negotiated.\nImpact of the Proposed Amendments\nAltogether, the proposed amendments eat away at the protections for threatened and at-risk species in Ontario that exist under the current version of the Act. These changes noted above can contribute to the extinction or the increased likelihood of extinction of species that are of importance to MCFN, thereby compromising MCFN\u2019s right and stewardship responsibility to protect the health of those species and their habitat.\nIn addition, these landscape agreements will effectively allow certain activities to continue, despite the potential impacts of those activities on threatened or endangered species and their habitat. What is more, the amendments suggest that the landscape agreements can be negotiated without the knowledge or involvement of, and consultation with, First Nations.\nMCFN Recommendations\nMCFN\u2019s view is that these amendments should not be made.\nHowever, should the Government go ahead with the amendments, then MCFN is of the view that language should be incorporated into the amendments that requires consultations with First Nations where landscape agreements are negotiated, and where there is the potential for that agreement or the activities that will be permitted under that agreement to affect the rights and interests of a First Nation. This is particularly important where the landscape agreement is to cover a geographic area that falls within the traditional territory of a First Nation.\nIn addition, if and when the Minster proceeds to make regulations limiting the application of prohibitions on certain activities affecting a species listed species, MCFN should be meaningfully consulted on the development of those regulations. The Crown\u2019s regulatory schemes must provide a meaningful opportunity for consultation and accommodation of MCFN, where MCFN\u2019s asserted or proven Aboriginal and Treaty rights are implicated. As the Crown develops these regulations, it must provide for meaningful consultation and accommodation.\nMNCFN is particularly concerned with the amendments above. However, MCFN would like to take this opportunity to provide some additional comments and queries in respect of the Endangered Species Act, and in response to what Ontario has claimed the new approach to species protection that is adopted in the Act to achieve. These are outlined in the table that can be viewed in the attached document.\n"
    },
    "30101": {
        "url": "/comment/30101",
        "comment": "May 17/2019\nThe Honourable Doug Ford\nPremier of Ontario\nLegislative Building, Room 281\nQueen's Park\nToronto, ON M7A 1A1\n\tThe Honourable John Yakabuski\nMinister of Natural Resources and Forestry\nWhitney Block 6th Floor, Room 6630\n99 Wellesley Street West\nToronto, ON M7A 1W3\nThe Honourable Rod Phillips\nMinister of Environment, Conservation and Parks\nFerguson Block 11th Floor\n77 Wellesley Street West\nToronto, ON M7A 2T5\nRe: Bruce G. Jones Forest Products Continues to Ask for Permanent Recognition of the CFSA as an Equivalent Process to ESA by Adopting a Section 55 Regulation into the ESA; Response to ERO Number 013-5033\nPremier Ford, Minister Phillips, and Minister Yakabuski,\nOn behalf of Bruce G. Jones Forest Products, thank you for the opportunity to comment on the 10th Year Review of Ontario\u2019s Endangered Species Act: Proposed changes, ERO number 013-5033. We look forward to continuing to work with your government to modernize and improve the effectiveness of the Endangered Species Act (ESA). We are optimistic that this will result in improved outcomes for species at risk while ensuring Ontario is a place to grow our renewable forest sector, unleash its full potential and provide good-paying jobs for our people. However, the vagueness of the proposed changes does not provide necessary business certainty.\nThe 10th year review of the provincial Endangered Species Act (ESA) provides government with a rare opportunity to chart a course for the next decade and beyond. Political decisions on this will have far-reaching social, economic, and environmental impacts for generations to come. Therefore, the most important action the government must take remains permanent recognition of the Crown Forest Sustainability Act (CFSA) as an equivalent process to the Endangered Species Act (ESA) through Section 55. The CFSA already provides landscape, stand, and site-level direction for managing, conserving, and protecting species at risk. Having two acts attempting to accomplish the same outcome represents the single greatest piece of red tape and duplication to this sector.\nIn March, we asked that this essential first step be accomplished in your Government\u2019s legislative changes to the ESA. However, the proposed changes indicate that a Section 18 Regulation will be the authorization process for forestry, instead of a Section 55 Regulation. For the past 10 years, we have consistently asked for a permanent Section 55 Regulation as the authorization process for the forest sector. The former government recognized that the CFSA and the ESA cannot be harmonized and provided a workable, temporary solution that was defended in court.  We are asking the Ford Government to take this workable, temporary solution and make it permanent.\nWe are asking that you revise the proposed legislative ESA changes to acknowledge that Section 55 will be the authorization mechanism for forest operations on Crown lands. Instead, MECP appears to be pursuing a revised section 18 \u201charmonization\u201d instrument which is at odds with our request. This bold move, like your support for other industries and activities with the Species at Risk Conservation Trust, would send a positive message to the forest sector and Bruce G. Jones Forest Products.\nIn addition to this critical revision, it also remains necessary to ensure the following requirements be embedded in a new, modernized ESA:\n1.\tConsideration of climate change on habitat in all species at risk policy\n2.\tCumulative impact of all species at risk policy on a healthy economy\n3.\tSocio-economic impact analysis must be completed and shared with impacted stakeholders and First Nations prior to any species at risk policy being implemented\nThe sector will continue to operate under the CFSA which, by law, requires, forestry operations to follow an approved forest management plan. Guides delivered under the CFSA include operational prescriptions and conditions, which may include reserves, modified operations, or specific conditions on road use and construction in the area near a species at risk and their habitat.\nSince the establishment of the ESA, we have been clearly and consistently outlining what is required for permanent, long-term certainty within Ontario\u2019s forest sector and for our northern and rural communities. In order to avoid catastrophic socio-economic impacts, we need permanent, legislative recognition that the CFSA is an equivalent process to the ESA, while developing workable species at risk policy. It is our expectation that these required changes will be made and adopted into the new ESA legislation that you are passing.\nWe would be happy to meet with you at your earliest convenience to discuss the best path forward to ensuring positive outcomes for species at risk while keeping people in this province working.\nSincerely,\nBruce Jones\nCC \tMinister Vic Fedeli, Ministry of Finance\nMinister Greg Rickford, Ministry of Energy, Northern Development and Mines, Ministry of Indigenous Affairs\nMinister Todd Smith, Ministry of Economic Development, Job Creation and Trade\n             Minister Laurie Scott, Ministry of Labour\n             MPP Norm Miller, Parliamentary Assistant to the Minister of Intergovernmental Affairs\nJamie Lim, President and CEO, OFIA\n"
    },
    "30129": {
        "url": "/comment/30129",
        "comment": "Response to the \u201c10th Year Review of Ontario\u2019s Endangered Species Act: Proposed changes\u201d\nThe planet is currently facing its sixth mass extinction and this one is driven by human activity. The recent Intergovernmental Science-Policy Platform on Biodiversity and Ecosystem Services (IPBES) report listed five major driving factors in the global loss of biodiversity, including \u201cchanges in land and sea use; direct exploitation of animals and plants; climate change; pollution; and invasive alien species\u201d.\nStrengthening and enforcing the Ontario Endangered Species Act should be of paramount importance to the Ontario government in the face of these global threats to biodiversity. Ontario was the first province in Canada to implement an Endangered Species Act in 1971, and was once heralded as setting the \u201cgold standard\u201d for species at risk protection. We as a province have a responsibility to continue to be a leader in species\u2019 conservation and recovery. To do so, we must reinforce protections for species at risk and their habitats and promote their recovery.\nIt is extremely disheartening that the \u201c10th Year Review of Ontario\u2019s Endangered Species Act: Proposed changes\u201d has proposed such detrimental updates to the act. These updates will only weaken the protections put in place for species at risk. The changes are selfish and short-sighted, and are not written in the best interest of environmental protections. I do not support the proposed changes to the Ontario Endangered Species Act (ESA) and list below the most problematic changes. I call for the Ontario government to do better. I believe that Ontario has a responsibility to preserve our biodiversity and natural spaces for future generations.\n1)  Assessing species at risk and listing them on the Species at Risk in Ontario List\nCurrently, once COSSARO submits a report the Minister, the species must be added to the SARO list within three months. Once listed, the species and its habitat gain legal protection. The proposed changes suggest extending this timeframe from three to twelve months. There is no reason to extend this timeline and doing so is contradicting the goal of the ESA.\nThe proposal also states that the minister can veto COSSARO recommendations. The Minister should not have the authority to undermine a committee composed of independent experts and single-handedly decide which species will be added to the SARO list. I would also like to point out that the current Minister, Rod Phillips, has no scientific background or training in environmental policy, conservation or restoration science. He was the former CEO of the Ontario Lottery and Gaming Corporation and should not have the authority to veto COSSARO recommendations.\nThe proposed changes to SARO listing protocols will also result in less protections for edge-of-range species. Protecting edge of range species is important - Ontario makes up the northern-most extent of ranges for species currently listed under SARO. Within the onset of climate change, range sizes are shrinking and Northern ranges are particularly vulnerable. We must continue to enforce protections across a species\u2019 entire range.\nFinally, there is concerning and ambiguous language surrounding COSSARO membership being open to those with \u201ccommunity knowledge\u201d and opens the door for membership to be exploited.\n2) Defining and implementing species and habitat protections\nThe proposed changes suggest that a SARO listing does not mean automatic protections to a species at risk and its habitat. The Minister would have the authority to suspend species and habitat protections for up to three years. This is a glaring problem and once again contradicts the spirit of the ESA.\n3) Developing species at risk recovery policy\nThe proposed changes to the ESA include more pointless and detrimental delays. The Minister would have the authority to delay the development of Government Response Statements and reviews of the progress towards protection and recovery. There is no scientific or environmentally sound reason for these delays, nor do they act in the best interest of species at risk.\n4) Issuing Endangered Species Act permits and agreements and developing regulatory exemptions\nAllowing municipalities or other infrastructure developers to pay a fee instead of abiding by the protections put in place by the ESA is an egregious flaw and incredibly problematic. I do not support this \u201cpay to slay\u201d policy. Ontario should not put a price on our biodiversity. Once again, this is in direct contradiction to the goals of the ESA. The proposed changes also state that the Minister no longer needs to meet with independent experts when considering issuing permits and exemptions, which is a gross oversight.\nSummary:\nI disagree with the proposed changes to the Ontario Endangered Species Act that the Government of Ontario wants to push forward.\nThe goals of the proposal are to \u201cimprove the effectiveness of the program for species at risk by ensuring Ontario\u2019s best-in-class endangered and threatened species protections; include advice and species\u2019 classifications from an independent scientific committee and modern approaches to enforcement and compliance; species and habitat protections; and recovery planning\u201d.\nIn contrast to these goals, the proposal is ignoring the advice of an independent scientific committee of experts. It is severely crippling enforcement and compliance. It is weakening species and habitat protections. It is delaying recovery planning. It is giving unnecessary and damaging authority to the Minister, who has no reason to veto, suspend or delay species at risk protections. In no way do the proposed changes meet the goal of the ESA.\nI am disappointed in this proposal and charge Ontario to do better. In the face of the current global biodiversity crisis, we must advocate for the preservation of species at risk.\n"
    },
    "30135": {
        "url": "/comment/30135",
        "comment": "To Whom it May Concern - As a citizen, I demand strong/stronger protections for species at risk and their habitats.  Schedule 5 in its entirety must be removed from Bill 108.  The government and especially Mr. Ford have to stop this greed and destruction - leave a better legacy - it is not all about money.  Start to think about your chance to make a positive mark on the future!\nThe proposed changes would lead to delays in protecting species at risk \u2013 delays of up to three years for newly listed species \u2013 at the discretion of the Minister. The proposed changes would also weaken Ontario\u2019s science-based approach to listing which species receive protection. The proposal weakens virtually all aspects of Ontario\u2019s Endangered Species Act and could put development and industrial interests ahead of species at risk. These changes are inconsistent with the purpose of the Act, which is to protect and recover species at risk in Ontario.\n"
    },
    "30143": {
        "url": "/comment/30143",
        "comment": "Regarding changes to the assessment process, I support \u201cAmendment E\u201d- the proposal to consider a species condition around its broader biologically relevant area. However, this recommendation would better reflect societal values if it included the recognition that species can have regional significance.  For example the trillium flower is Ontario\u2019s official plant.  It would be a loss to our Province if this species were to go locally extinct, despite remaining abundant in the USA or Quebec. Such cases could be accommodated with some kind of provision that balances broader biological considerations with the possibility of regional significance.\nI see no reasonable justification for  the extension from three to twelve months of delay before listings are reported and the time when they are enacted.  At the same time this could result in irreversible harm to severely endangered species.\nConcerning the proposed changes to implementation, Amendment A which allows Ministerial discretion to override COSSARO designations for up to three years could easily lend itself abuse. For instance a Minister with political motives could forestall a conservation decision in order to please a minority interest in his or her riding. Moreover, the proposal to make such discretionary decisions contingent on the Minister\u2019s judgment that there are \u201csignificant social or economic implications\u201d is overly vague and subjective. I am thus strongly opposed to this amendment.\nRegarding the proposed amendments to permitting, I am opposed to all of the proposed changes that remove the requirement of the Minister to consult with experts. We expect our elected officials to make informed decisions that are in the best interest of society as a whole.  Drawing on the relevant expertise is the most reliable way to ensure such outcomes. I can\u2019t think of any societal benefit that would result from a loosening of the current consultation requirements.\n"
    },
    "30147": {
        "url": "/comment/30147",
        "comment": "On behalf of the Director of Development Approvals of the Regional Municipality of Niagara, attached is Niagara\u2019s comments in relation to Ministry of Environment\u2019s 10th Year Review of Ontario\u2019s Endangered Species Act (ERO 013-5033). The same comments have also been submitted via email to the Public Input Coordinator (ESAReg@ontario.ca).\n"
    },
    "30151": {
        "url": "/comment/30151",
        "comment": "Thank you for the opportunity to comment on the proposed changes to the ESA. Government has the responsibility to protect natural resources. Ecosystems, habitats, biodiversity are integral to our identity and well being. Land use practices and legislation must protect wildlife, Species at Risk, and habitat. I reject the proposed changes to the ESA. Ontario should be developing and implementing legislation that protects Wildife habitat and corridors to facilitate species' movements in response to climate change. Please up hold SAR protection.\nThank you\n"
    },
    "30153": {
        "url": "/comment/30153",
        "comment": "I'm a resident of Bloor West Village in Toronto ON - I monitor the Chimney Swift activity in the area and I report my findings to Bird Studies Canada.  The Chimney Swift is currently classified as a Threatened Species and our area (and others) in the city are targeted for development under the Provincial Growth Plan.   While I support growth, a holistic approach must be taken, ensuring that development supports/encourages the rich biodiversity of the city. In the case of Chimney Swifts, developers must adhere to the permit requirements for removal of the habitat - not pay fines to skirt responsibilities - and incorporate habitat reconstruction into the development plans, as the species has been in decline for many years due to habitat (brick chimney) loss.\nSpecific to the proposed changes, I strongly oppose the proposed changes to Ontario\u2019s Endangered Species Act (ESA), as brought forward in Schedule 5 of Bill 108. The changes would remove essential legal protections for species at risk and for the habitats that sustain them.\nThe proposed changes would lead to delays in protecting species at risk \u2013 delays of up to three years for newly listed species \u2013 at the discretion of the Minister. The proposed changes would also weaken Ontario\u2019s science-based approach to listing which species receive protection. The proposal weakens virtually all aspects of Ontario\u2019s Endangered Species Act and could put development and industrial interests ahead of species at risk. These changes are inconsistent with the purpose of the Act, which is to protect and recover species at risk in Ontario.\nThere is more than enough evidence based studies which all warn of biodiversity loss - please do the right thing and do not put corporate profits above protecting habitat and species at risk in Ontario.\n"
    },
    "30155": {
        "url": "/comment/30155",
        "comment": "Please accept these comments as part of the public consultation on the changes to the Endangered Species Act contained within Bill 108.\nI strongly oppose the changes that are being considered. They will not improve outcomes for species at risk. On the contrary, they would make it easier to destroy the habitats of Ontario's vulnerable species.\nI do not support changes that introduce broad ministerial discretion to the process. Nor do I support the changes that allow those that destroy habitat to pay into a fund instead of fulfilling requirements for on-the-ground reparation for the damage they do to species and their habitats.\nWith so many threats currently facing Ontario's biodiversity, it is vital that you enhance protections for species at risk in our province, not erode them.\n"
    },
    "30156": {
        "url": "/comment/30156",
        "comment": "Section 3-D: Proposal to no longer require posting under the Environmental Bill of Rights and require that certain products be made publicly available on a government website.\nThis is a serious watering down of the rights and ability of the public to be notified and comment on proposed changes. I strongly disagree with this proposed change. While most people do not comment, I find the requirement to publicly post and accept comments under the EBR to be very much in the spirit of democratic representation and should be retained.\nSection 4: The proposed change, if properly managed, has the potential to be a useful tool for conservation and allow for better provincial coordination of conservation targets. I do worry that the current government's intention is simply create easier ways for businesses to ignore species protection. I also worry that this will become the only tool, rather than one of several tools; this may be appropriate for some species in some parts of the province, but be completely inadequate or even counter-productive for others. Decisions need to be made on a case-by-case basis. Costs should be proportional to the size of the business involved. Multi-billion dollar corporations should be required to pay a proportionally larger charge than a small local business of individual. It is also essential that the Species at Risk Conservation Trust is not merely an arm of the current government in power, and that is is truly independent agency.\nBut if the government truly wishes to employ this in good faith, it could have many benefits for wildlife and businesses alike.\nA red flag is that this leaves a lot of the decisions in the hands of the Minister's office, and removes much of the requirements for independent consultation. I think it is undesirable to allow for too many of these decisions to be make for political aims. That will be an unavoidable tendency for the Minister, who is, after all, a political appointment whose primary loyalty all too often seems to be to the party/government instead of the province as a whole. This is a concern for all parties, and was certainly an issue in the Liberal days as well.\nBefore allowing the Minister's office such sweeping control over this process, remember that the next Liberal/NDP/Green government will inherit these same changes and powers. We would all rather have a system that keeps enough checks and balances on the various parties (government and advocacy groups alike) so that we all feel reasonably assured that important decisions are make with input from across the province's various constituencies. Proposed changes to Ministerial control should be scaled back and more input/oversight retained.\nSection 5-B: It is unclear what is being proposed. Enforcement is obviously a key component of protection, and Conservation Officers are relied upon for on the ground enforcement, particularly of hunting and fishing infractions. Proper enforcement \u2014 and the credible threat of punishment if rules are knowingly broken \u2014 must be maintained or strengthened.\n"
    },
    "30161": {
        "url": "/comment/30161",
        "comment": "The planet is currently facing its sixth mass extinction and this one is driven by human activity. The recent Intergovernmental Science-Policy Platform on Biodiversity and Ecosystem Services (IPBES) report listed five major driving factors in the global loss of biodiversity, including \u201cchanges in land and sea use; direct exploitation of animals and plants; climate change; pollution; and invasive alien species\u201d.\nStrengthening and enforcing the Ontario Endangered Species Act should be of paramount importance to the Ontario government in the face of these global threats to biodiversity. Ontario was the first province in Canada to implement an Endangered Species Act in 1971, and was once heralded as setting the \u201cgold standard\u201d for species at risk protection. We as a province have a responsibility to continue to be a leader in species\u2019 conservation and recovery. To do so, we must reinforce protections for species at risk and their habitats and promote their recovery.\nIt is extremely disheartening that the \u201c10th Year Review of Ontario\u2019s Endangered Species Act: Proposed changes\u201d has proposed such detrimental updates to the act. These updates will only weaken the protections put in place for species at risk. The changes are selfish and short-sighted, and are not written in the best interest of environmental protections. I do not support the proposed changes to the Ontario Endangered Species Act (ESA) and list below the most problematic changes. I call for the Ontario government to do better. I believe that Ontario has a responsibility to preserve our biodiversity and natural spaces for future generations.\n1)  Assessing species at risk and listing them on the Species at Risk in Ontario List\nCurrently, once COSSARO submits a report the Minister, the species must be added to the SARO list within three months. Once listed, the species and its habitat gain legal protection. The proposed changes suggest extending this timeframe from three to twelve months. There is no reason to extend this timeline and doing so is contradicting the goal of the ESA.\nThe proposal also states that the minister can veto COSSARO recommendations. The Minister should not have the authority to undermine a committee composed of independent experts and single-handedly decide which species will be added to the SARO list. I would also like to point out that the current Minister, Rod Phillips, has no scientific background or training in environmental policy, conservation or restoration science. He was the former CEO of the Ontario Lottery and Gaming Corporation and should not have the authority to veto COSSARO recommendations.\nThe proposed changes to SARO listing protocols will also result in less protections for edge-of-range species. Protecting edge of range species is important - Ontario makes up the northern-most extent of ranges for species currently listed under SARO. Within the onset of climate change, range sizes are shrinking and Northern ranges are particularly vulnerable. We must continue to enforce protections across a species\u2019 entire range.\nFinally, there is concerning and ambiguous language surrounding COSSARO membership being open to those with \u201ccommunity knowledge\u201d and opens the door for membership to be exploited.\n2) Defining and implementing species and habitat protections\nThe proposed changes suggest that a SARO listing does not mean automatic protections to a species at risk and its habitat. The Minister would have the authority to suspend species and habitat protections for up to three years. This is a glaring problem and once again contradicts the spirit of the ESA.\n3) Developing species at risk recovery policy\nThe proposed changes to the ESA include more pointless and detrimental delays. The Minister would have the authority to delay the development of Government Response Statements and reviews of the progress towards protection and recovery. There is no scientific or environmentally sound reason for these delays, nor do they act in the best interest of species at risk.\n4) Issuing Endangered Species Act permits and agreements and developing regulatory exemptions\nAllowing municipalities or other infrastructure developers to pay a fee instead of abiding by the protections put in place by the ESA is an egregious flaw and incredibly problematic. I do not support this \u201cpay to slay\u201d policy. Ontario should not put a price on our biodiversity. Once again, this is in direct contradiction to the goals of the ESA. The proposed changes also state that the Minister no longer needs to meet with independent experts when considering issuing permits and exemptions, which is a gross oversight.\nSummary:\nI disagree with the proposed changes to the Ontario Endangered Species Act that the Government of Ontario wants to push forward.\nThe goals of the proposal are to \u201cimprove the effectiveness of the program for species at risk by ensuring Ontario\u2019s best-in-class endangered and threatened species protections; include advice and species\u2019 classifications from an independent scientific committee and modern approaches to enforcement and compliance; species and habitat protections; and recovery planning\u201d.\nIn contrast to these goals, the proposal is ignoring the advice of an independent scientific committee of experts. It is severely crippling enforcement and compliance. It is weakening species and habitat protections. It is delaying recovery planning. It is giving unnecessary and damaging authority to the Minister, who has no reason to veto, suspend or delay species at risk protections. In no way do the proposed changes meet the goal of the ESA.\nI am disappointed in this proposal and charge Ontario to do better. In the face of the current global biodiversity crisis, we must advocate for the preservation of species at risk.\n"
    },
    "30162": {
        "url": "/comment/30162",
        "comment": "Thank you for the opportunity to provide comments on the Province\u2019s proposed changes to the Endangered Species Act (ESA). It is understood that the Province is seeking to improve the administration of the ESA through new types of permit and agreements while ensuring positive outcomes for species at risk. While implementation challenges have been expressed in the implementation of the ESA, the Province\u2019s Made-in-Ontario Environment Plan also recognizes that species at risk in Ontario are facing increasing strain and pressure due to the effects of climate change, invasive species and habitat alteration. City of Markham staff supports the intent of this Act to reverse negative trends to species at risk populations and have concerns that some of the proposed changes may weaken the level of protection afforded to Ontario\u2019s species at risk. We provide the following comments for your consideration.\n1.\tIntegration of ESA permitting with land use planning\nCity of Markham staff support the concept of a \u2018landscape agreement\u2019. The City is currently planning for the \u2018Future Urban Area\u2019 encompassing approximately 1300 hectares to accommodate growth to 2031 and it is anticipated that numerous ESA permits will be required in support of urban development. To manage the impacts of urban development, the City is requiring that a natural heritage restoration plan be prepared for each of the four community blocks. The option to implement a \u2018landscape agreement\u2019 can assist in a coordinated and strategic approach to the implementation of multiple restoration projects to enhance the natural environment including the habitat for species at risk.\nCareful attention must be paid to the implementation of the landscape agreement to ensure that unforeseen impacts to species at risk are not incurred. Staff have concerns that landscape agreements are not required to fully offset impacts to each impacted species at risk as proposed under section 16.1(2) of the ESA. This could result in a difficult scenario where Provincial staff have to choose \u201cwinners and losers\u201d amongst species at risk.\n2.\tSpecies at Risk Conservation Trust\nCity of Markham staff support the option to offset impacts to species at risk through a dedicated fund, however safeguards need to be put in place to ensure proper management and administration of this agency.\nFirstly, it should be ensured that \u2018species conservation charges\u2019 are directed towards beneficial activities for species at risk rather than administration and staffing costs. If the Province intends to recover administration and staff expenses through the \u2018species conservation charge\u2019, then these additional costs should be factored into account.\nSecondly, projects funded by the agency should prioritize the recovery of species that have been impacted and for which a \u2018species conservation charge\u2019 has been collected. As proposed, it appears that funds collected under the Species at Risk Conservation Trust may be directed towards any species at risk.\n3.\tAdopting a Precautionary Approach to Ontario\u2019s Biodiversity and Species at Risk\nWhile City staff support a number of the proposed changes, other proposed changes could have an undesirable result on the recovery of species at risk in Ontario. These include:\n\u2022\tConsideration of the condition of the species outside of Ontario (s. 5(4)(b))\n\u2022\tAbility to suspend protection of newly listed species at risk for up to three years (s. 8.1)\n\u2022\tAbility to, by regulation, limit the protection of newly listed species (s. 9(1.1))\nSpecies at risk populations are facing increasing risks due to climate change, invasive species and habitat alteration. Staff suggest that these changes be carefully reviewed in consultation with industry experts to ensure that the overall purpose and intent of the ESA is not compromised.\n"
    },
    "30168": {
        "url": "/comment/30168",
        "comment": "Please see attached for the Ontario Forest Industries Association (OFIA) submission.\nThank you,\nIan Dunn\nDirector of Forestry and Environmental Policy\n"
    },
    "30170": {
        "url": "/comment/30170",
        "comment": "On behalf of WWF-Canada, we offer the following comments in the attached document on the proposed changes of the Endangered Species Act, 2007 (ESA), put forward in Schedule 5 of Bill 108, an omnibus bill tabled on May 2, 2019.\n"
    }
}