{
    "27384": {
        "url": "/comment/27384",
        "comment": "It is absolutely imperative that we not only keep the \" Endangered  Species Act \" alive but give it  \" teeth that bite \" The species that are  found in Ontario are so unique and one of a kind . We have some of the most  diverse species   in this great province.For example ...in the area that is known as the\n\" Land Between \" this  is home to many different plant and wildlife  species..reptiles, birds, plants , aquatic life as well as land animals .These amazingly rare  species deserve to be noted. When our climate is rapidly changing and the encroachment  impact that humans are having on theses species and their natural habitat    is causing deterioration  and death ..this must be stopped ! What gives us the right to   harm our natural environment  in such a negative way ? The majority of these rare and unique  species  are only native to  Ontario  so have a moral responsibility  to make things right .We as a responsible province must stand together  and fight climate change and give more strength to the overall cause .We urge this governing agency to save and strengthen this act ! Do not weaken the cause for we and future generations will  regret that decision . PLEASE PROTECT AND SPEAK  UP FOR THOSE CANT !\n"
    },
    "27389": {
        "url": "/comment/27389",
        "comment": "Many of these changes are extremely short-sighted and a gift to developers. Allowing developers the option of \"paying\" to circumvent protections on endangered species is utterly corrupt. Allowing discretion for the government to come up with recovery plans on identified species provides an excuse to do nothing while species dwindle. This is an outrageous insult to the people of Ontario and a gift to an elite few.\n"
    },
    "27391": {
        "url": "/comment/27391",
        "comment": "I am appalled to hear about the proposed changes to the Endangered Species Act (ESA). This act has been instrumental in protecting species from population decline due to development. It is unacceptable that the government is proposing to allow companies to pay a fee to circumvent these protections - essentially putting a price on biodiversity. I want the government to support the protection of endangered species - a cause more noble than its fixation on buck-a-beer and tailgating.\n"
    },
    "27393": {
        "url": "/comment/27393",
        "comment": "I do not agree with this legislation - it allows businesses to pay for not complying, it allows species to go extinct locally if they are not extinct elsewhere in the country, it does not guarantee protection when species are added to the list and does not go far enough to protect species and habitat.\nI am very concerned with the way this government is heading with regard to many issues - especially environmental issues.\nWe are running out of time to make significant changes - once a species is extinct we have lost them forever.\nPlease revisit this issue and try again.\n"
    },
    "27397": {
        "url": "/comment/27397",
        "comment": "Oue federal and provincial legislation has been established to protect all species. It is our responsibility as stewards of the environment to ensure that we are affording all species this protection. The fact that species become endangered means that our activities have been destructive and have not provided the necessary protection. We must do a better job strengthening this protection rather than weakening it. The people of this Province do not support \"Pay to Slay\" legislation.\n"
    },
    "27401": {
        "url": "/comment/27401",
        "comment": "Section 1E\nBy not classifying a species as endangered in it's local Ontario habitats if it is in greater populations in other parts of the country\nwill negatively impact the local populations and possible push local communities to extinction.\nThe loss of the local genetic diversity would never be replaced and would have negative impact its native local ecosystem.\nSection 4.\nBy imposing a \"charge\" in lieu of performing actions to protect local species at risk, developers will decimate local species.\nThe monies collected will never be able to bring those local species back. How will the monies collected be accounted for in\nthe Government's \"strategic, coordinated and large-scale actions that assist in the protection and recovery of species at risk\"?\nThis seems very vague. Would advertising promoting the current government's environmental policies be included in these \"actions\"?\nRich developers should be forced to be environmental stewards and these changes let them destroy habitat and pay a nominal fee.\nOverall these changes read more like a business at risk policy were the species come second to development.\n"
    },
    "27402": {
        "url": "/comment/27402",
        "comment": "There is no way that \u201cministerial discretion\u201d so often referenced supports a broad protection of endangered species or their habitats. The final clause allowing the empowerment of an enforcement body without a clear public mandate is a hollow gesture. We once had conservation officers in this province. Now their numbers are so stretched that the majority of enforcement must be handled by police, who are not provided with the specific training or equipment necessary to the job.\nThese amendments are short-sighted and leave species at risk open to harm from human development practices which are proven to be outdated and injurious to our own survival.\nLet us rather look to redevelopment of our inner cities and towns. There is no need to take up more space within our environment, nor to pollute it further.\n"
    },
    "27404": {
        "url": "/comment/27404",
        "comment": "This is an incredibly short-sighted and dangerous proposal. Our government should protect at-risk species, rather than opening the floodgates for developers and decreasing government transparency. If nothing else, I implore you to think about how these actions will negatively impact future generations.\n"
    },
    "27406": {
        "url": "/comment/27406",
        "comment": "In general, I think that all environmental protection laws should become tougher and more strict over time, as we learn to become better care takers of our planet.  I don't think these changes adequately protect wildlife, instead they have loosened the rules to make it easier for industry to do things that will be harmful to wildlife.\nPlease make protect our planet, and our wildlife!   Once a species is gone it will most likely never return!  Even if that species exists somewhere else, that doesn't make it okay to wipe it out from one area.\nThe current Ontario government is trying to cut red tape to help businesses, but that red tape exists for a reason!  It is there to protect the people and the environment that make up our province.\nPlease stop cutting red tape, and instead protect our province!\n"
    },
    "27408": {
        "url": "/comment/27408",
        "comment": "People and nature over profits!!!!!! Why are developers not focusing on revitalizing areas like the inner cities. Our cities such as Hamilton are like a donut with a big hole in the middle (ex Barton Street). They should be buying these properties and revitalizing with new developments. Look towards what Europe does, they have vibrant downtowns with refurbished and repurposed buildings.\nWe are destroying habitats that sustain life and this will affect our well being as well. A BIG NO to this proposal!!!!\n"
    },
    "27409": {
        "url": "/comment/27409",
        "comment": "We will all look back at this time as the darkest in Canadian history.  These elected officials are no longer responsible individuals who are looking out for the best interest of our Country.  They are self-serving, egocentric, money driven capitalists who are cashing in our future for their pathetic terms in office.  Changes to the endangered species act guarantees mass extinction of our most vulnerable animals, lands, waterways, forests and the very air we breathe.  Doing away with such vital, established acts is moronic and greedy.  Class action lawsuits need to begin immediately after the act is rescinded in order to hold those in office accountable for the mass destruction and total disregard for future generations.  Shame on you all for even considering it!\n"
    },
    "27410": {
        "url": "/comment/27410",
        "comment": "Environmental stewardship have moral and human dimensions. Clean air, unpolluted soil, healthy food, fresh water are created for the use of the whole creation! We have responsibility towards the generations to come to protect and nurture environment and all creation drawing its livelihood from it. What will be your legacy? I pray for wisdom in decision making, humble hearts, and compassion for all who have been trusted in your care.\n"
    },
    "27411": {
        "url": "/comment/27411",
        "comment": "I can't help but feel that the government completely ignored all of the submitted comments that said that Ontarians DON'T want to lose SAR protections. The proposed amendments ignore all of the concerned comments and go ahead with whatever is best for developers. The following are my concerns:\n1) Pay to slay- companies should NOT be allowed to pay a fee in lieu of protecting species at risk. This is insane. Money won't bring back a species once they are extinct.  Short sighted thinking, which only benefits developers and companies. Again, exactly what Ontarian's didn't want.\n2) The proposed amendments give the Minister way too much control, considering the Minister's position is a political appointment. We can already see how political influence has damaged much of Ontario's environmental protections- why would we give the Minister MORE ability to bypass protections and pick and choose which SAR are convenient or not for development.\n3) Not protecting a SAR just because it is 'abundantly present' in other provinces is a joke. We shouldn't get to pick and choose whether or not a species survives just because it is geographically inconvenient.  Come on guys.\nPLEASE read the comments submitted by Ontarian's, not just the ones submitted by developers and companies. We can't bulldoze SAR just so politicians, developers and companies can line their pockets with money. Removing SAR protections doesn't benefit the people, it benefits the rich.\n"
    }
}